# node_id image_frame_id timestamp raw_x raw_y raw_z opt_x opt_y opt_z gt_x gt_y gt_z
0 64 1780458771.986382008 0.000148932 0.001719486 0.001266452 0.000148932 0.001719486 0.001266452 0.000000000 0.000000004 0.000000000
1 65 1780458772.049819946 0.000148932 0.001719486 0.001266452 -0.002513314 0.001381774 -0.001859387 0.000000000 0.000000004 0.000000000
2 66 1780458772.132023573 -0.001476761 0.003243353 0.000848975 -0.006802417 0.002566296 -0.005404160 0.000000000 0.000000004 0.000000000
3 67 1780458772.198467016 -0.002569638 0.004912439 0.000787041 -0.010560663 0.003895556 -0.008594127 0.000000000 0.000000004 0.000000000
4 68 1780458772.282965183 -0.002589737 0.006120573 0.001180367 -0.013247357 0.004766147 -0.011327344 0.000000000 0.000000004 0.000000000
5 69 1780458772.357574701 -0.002589737 0.006120573 0.001180367 -0.015909628 0.004428457 -0.014453163 0.000000000 0.000000004 0.000000000
6 70 1780458772.442164660 -0.003921130 0.006499135 0.002400369 -0.019909504 0.004464061 -0.016364153 0.000000000 0.000000004 0.000000000
7 71 1780458772.532462120 -0.004363662 0.008444531 0.003120293 -0.023028610 0.006069981 -0.018774140 0.000000000 0.000000004 0.000000000
8 72 1780458772.605186224 -0.004363662 0.008444531 0.003120293 -0.025690894 0.005732304 -0.021899949 0.000000000 0.000000004 0.000000000
9 73 1780458772.685024738 -0.004552880 0.010397310 0.002099384 -0.028551434 0.007344424 -0.026050642 0.000000000 0.000000004 0.000000000
10 74 1780458772.776543617 -0.005124335 0.012147519 0.002488083 -0.031802745 0.008752593 -0.028794394 0.000000000 0.000000004 0.000000000
11 75 1780458772.856475592 -0.007096902 0.014258588 0.002794918 -0.036459864 0.010507551 -0.031631521 0.000000000 0.000000004 0.000000000
12 76 1780458772.940045118 -0.007028457 0.014510377 0.002538525 -0.039054331 0.010421871 -0.035013675 0.000000000 0.000000004 0.000000000
13 77 1780458773.005376101 -0.006970537 0.015065987 0.003159603 -0.041670470 0.010641758 -0.037519155 0.000000000 0.000000004 0.000000000
14 78 1780458773.085057020 -0.006840910 0.015753022 0.003552527 -0.044215377 0.010993582 -0.040252485 0.000000000 0.000000004 0.000000000
15 79 1780458773.160506487 -0.006840910 0.015753022 0.003552527 -0.046877681 0.010655916 -0.043378278 0.000000000 0.000000004 0.000000000
16 80 1780458773.230401993 -0.006769123 0.016842307 0.003081133 -0.049478688 0.011407209 -0.046977688 0.000000000 0.000000004 0.000000000
17 81 1780458773.296576023 -0.007193298 0.017066771 0.002485419 -0.052561635 0.011285835 -0.050704698 0.000000000 0.000000004 0.000000000
18 82 1780458773.367822409 -0.008488531 0.018229589 0.002585179 -0.056538971 0.012090090 -0.053750237 0.000000000 0.000000004 0.000000000
19 83 1780458773.444726467 -0.007999908 0.018146455 0.001083329 -0.058691828 0.011673026 -0.058371140 0.000000000 0.000000004 0.000000000
20 84 1780458773.529570818 -0.008162796 0.019041894 0.001111118 -0.061533567 0.012227783 -0.061474520 0.000000000 0.000000004 0.000000000
21 85 1780458773.585962296 -0.008162796 0.019041894 0.001111118 -0.064195878 0.011890117 -0.064600307 0.001449946 0.000000004 0.000000000
22 86 1780458773.671199083 -0.007251970 0.019883622 0.001037856 -0.065963362 0.012411993 -0.067788883 0.004449946 0.000000004 0.000000000
23 87 1780458773.755739212 -0.006251490 0.020648486 0.003248675 -0.067676666 0.012868304 -0.068691457 0.007799891 0.000000004 0.000000000
24 88 1780458773.831255198 -0.006456922 0.022302605 0.002726932 -0.070571845 0.014177795 -0.072349366 0.013799891 0.000000004 0.000000000
25 89 1780458773.906966686 -0.004827384 0.022237503 0.002487542 -0.071599654 0.013811364 -0.075686132 0.019049837 0.000000004 0.000000000
26 90 1780458773.980314493 -0.002349889 0.024931162 0.001299007 -0.071828112 0.016220602 -0.079968281 0.028049836 0.000000004 0.000000000
27 91 1780458774.059134483 0.001062497 0.027164207 -0.000647141 -0.071098289 0.018191335 -0.084986924 0.034049836 0.000000004 0.000000000
28 92 1780458774.131057024 0.004453541 0.028288705 -0.002725798 -0.070359598 0.019055635 -0.090130821 0.043049836 0.000000004 0.000000000
29 93 1780458774.209062576 0.005546013 0.029179100 -0.003009155 -0.071947986 0.019635833 -0.093522540 0.049049836 0.000000004 0.000000000
30 94 1780458774.281400919 0.006412392 0.028950165 -0.005587215 -0.073684053 0.019080842 -0.099206486 0.058053980 -0.000003124 0.000000000
31 95 1780458774.352804184 0.008831317 0.027811970 -0.006053318 -0.073886494 0.017672227 -0.102739728 0.064094605 -0.000034222 0.000000000
32 96 1780458774.426659346 0.015094916 0.027830671 -0.002967569 -0.070359379 0.017553795 -0.102640969 0.073231062 -0.000141489 0.000000000
33 97 1780458774.507883787 0.017163127 0.028265890 -0.003780291 -0.070949344 0.017709853 -0.106534167 0.079347212 -0.000249436 0.000000000
34 98 1780458774.574434519 0.022803158 0.030137208 -0.006135213 -0.067978130 0.019406990 -0.111891519 0.088351345 -0.000505512 0.000000000
35 99 1780458774.661014080 0.033258374 0.023714761 -0.006826265 -0.059969953 0.012984756 -0.115411253 0.096967252 -0.000858139 0.000000000
36 100 1780458774.738498926 0.040075114 0.027042022 -0.004950877 -0.055979581 0.016210059 -0.116511668 0.102593471 -0.001176570 0.000000000
37 101 1780458774.807844162 0.044115296 0.029860408 -0.004554699 -0.054711959 0.018829723 -0.119155131 0.108162396 -0.001550913 0.000000000
38 102 1780458774.882442713 0.050995386 0.028078525 -0.004126137 -0.050450109 0.016956000 -0.121656001 0.116386094 -0.002237976 0.000000000
39 103 1780458774.955767393 0.053920400 0.031812910 -0.003248773 -0.050349158 0.020461228 -0.123850614 0.121817184 -0.002756498 0.000000000
40 104 1780458775.028476954 0.063460919 0.031094989 -0.003570960 -0.043445697 0.019758027 -0.127023211 0.129957458 -0.003572007 0.000000000
41 105 1780458775.097889185 0.068330237 0.034725318 -0.005742857 -0.041318015 0.023219401 -0.132205384 0.135323417 -0.004185475 0.000000000
42 106 1780458775.171014309 0.076406621 0.034693494 -0.006235369 -0.035897677 0.023161596 -0.135582132 0.143293894 -0.005204278 0.000000000
43 107 1780458775.248409748 0.083547983 0.032256994 -0.004532074 -0.031383620 0.020685828 -0.136767646 0.148560823 -0.005946792 0.000000000
44 108 1780458775.339987516 0.094485798 0.030709236 -0.006726505 -0.022990231 0.019234113 -0.141730689 0.156403187 -0.007148917 0.000000000
45 109 1780458775.402068138 0.094485798 0.030709236 -0.006726505 -0.025652613 0.018896379 -0.144856409 0.161596517 -0.008007612 0.000000000
46 110 1780458775.480931044 0.108541556 0.029487442 -0.008252209 -0.014176975 0.017928761 -0.149032864 0.169343468 -0.009376152 0.000000000
47 111 1780458775.558285236 0.113212847 0.028714385 -0.009765198 -0.012089957 0.017012281 -0.153506083 0.174481890 -0.010341095 0.000000000
48 112 1780458775.633851051 0.118421754 0.032610116 -0.008710508 -0.009761692 0.020806725 -0.155431760 0.182157347 -0.011862964 0.000000000
49 113 1780458775.721578598 0.123276730 0.031077213 -0.008565446 -0.007512901 0.019160392 -0.158226711 0.189797900 -0.013472326 0.000000000
50 114 1780458775.796569824 0.129177127 0.032582638 -0.008563681 -0.004354955 0.020601342 -0.161150637 0.194875580 -0.014591624 0.000000000
51 115 1780458775.865797758 0.135136050 0.029102287 -0.008202926 -0.000918414 0.017073373 -0.163662302 0.202470125 -0.016338986 0.000000000
52 116 1780458775.939013243 0.138772487 0.029212023 -0.006426668 -0.000024611 0.017035363 -0.164876370 0.207520663 -0.017547963 0.000000000
53 117 1780458776.016699314 0.144047142 0.033912677 -0.005720581 0.002318710 0.021658784 -0.167138352 0.212574792 -0.018797837 0.000000000
54 118 1780458776.092940569 0.151591912 0.034119588 -0.006453376 0.007204516 0.021902133 -0.170699939 0.222428816 -0.021368495 0.000000000
55 119 1780458776.163348913 0.162109814 0.033419784 -0.007403597 0.015112020 0.021398018 -0.174343177 0.229117480 -0.023168105 0.000000000
56 120 1780458776.244254112 0.171495250 0.031152931 -0.008456732 0.021975817 0.019278911 -0.178110586 0.239132712 -0.025972464 0.000000000
57 121 1780458776.314574718 0.177069173 0.031282083 -0.005327724 0.024734394 0.019393119 -0.177877041 0.245798599 -0.027910850 0.000000000
58 122 1780458776.400138855 0.184525945 0.028786999 -0.004216603 0.029596851 0.016977764 -0.179545647 0.255781341 -0.030920607 0.000000000
59 123 1780458776.492808104 0.193653229 0.029042851 -0.004097138 0.036019711 0.017400130 -0.182155133 0.265745672 -0.034051211 0.000000000
60 124 1780458776.551643610 0.193653229 0.029042851 -0.004097138 0.031490102 0.017790524 -0.186188693 0.272378539 -0.036204637 0.000000000
61 125 1780458776.625902176 0.212225612 0.027828758 -0.004690642 0.045579252 0.018043436 -0.189937048 0.279003481 -0.038410625 0.000000000
62 126 1780458776.704427004 0.221188426 0.026042606 -0.003852486 0.050051068 0.017197707 -0.192678116 0.288926000 -0.041817326 0.000000000
63 127 1780458776.775471687 0.230470924 0.028883119 -0.002294853 0.054519889 0.021014466 -0.194724981 0.295531147 -0.044152960 0.000000000
64 128 1780458776.855610371 0.240499249 0.025880454 -0.002509955 0.060186376 0.019049639 -0.198411053 0.305423876 -0.047752295 0.000000000
65 129 1780458776.935988188 0.247861385 0.025589879 -0.000409609 0.062895762 0.019657712 -0.199945450 0.315298449 -0.051465572 0.000000000
66 130 1780458777.000352621 0.247861385 0.025589879 -0.000409609 0.058366082 0.020048103 -0.203978932 0.321871219 -0.054003850 0.000000000
67 131 1780458777.069314241 0.265786786 0.020567656 0.002355192 0.071873700 0.016714508 -0.204142793 0.328435641 -0.056591949 0.000000000
68 132 1780458777.148575544 0.274779660 0.020097255 0.003495880 0.076261625 0.017296414 -0.206493001 0.338266295 -0.060566858 0.000000000
69 133 1780458777.225729227 0.286856769 0.019051203 0.003358382 0.083837999 0.017537496 -0.209902255 0.344809177 -0.063278173 0.000000000
70 134 1780458777.298872948 0.291711084 0.016247815 0.006152783 0.084168937 0.015532931 -0.210794010 0.354601476 -0.067425898 0.000000000
71 135 1780458777.371915579 0.303833677 0.014486216 0.006418738 0.091816852 0.015117320 -0.213738363 0.361109195 -0.070233505 0.000000000
72 136 1780458777.447432280 0.311960106 0.015355334 0.008411478 0.095163188 0.017047761 -0.215249734 0.370866324 -0.074526142 0.000000000
73 137 1780458777.530256748 0.322854968 0.014245706 0.011275834 0.101352720 0.017260194 -0.215650105 0.377443411 -0.077380497 0.000000000
74 138 1780458777.613943577 0.333888654 0.011613306 0.014079571 0.107804177 0.015988832 -0.216052537 0.387225641 -0.081814362 0.000000000
75 139 1780458777.677584171 0.342582059 0.011610712 0.015423909 0.112309130 0.017342625 -0.217961133 0.393693655 -0.084871699 0.000000000
76 140 1780458777.764911652 0.350867275 0.010209063 0.016835577 0.116519888 0.017286223 -0.219791084 0.403325627 -0.089603280 0.000000000
77 141 1780458777.824879885 0.350867275 0.010209063 0.016835577 0.112487416 0.017877839 -0.223678075 0.409703132 -0.092851681 0.000000000
78 142 1780458777.996729612 0.365261287 0.006326689 0.017076420 0.123076181 0.015935376 -0.226110508 0.425506171 -0.101271753 0.000000000
79 143 1780458778.032529831 0.365261287 0.006326689 0.017076420 0.119043693 0.016526991 -0.229997483 0.425506171 -0.101271753 0.000000000
80 144 1780458778.123182535 0.382851821 0.002869894 0.017559846 0.132746840 0.015380431 -0.231875662 0.434877192 -0.106513171 0.000000000
81 145 1780458778.182348251 0.382851821 0.002869894 0.017559846 0.128714331 0.015972040 -0.235762617 0.441006323 -0.110056698 0.000000000
82 146 1780458778.275707245 0.398986723 0.000304336 0.018024620 0.140887302 0.015639608 -0.237736175 0.452993875 -0.117250028 0.000000000
83 147 1780458778.333076239 0.398986723 0.000304336 0.018024620 0.136854774 0.016231209 -0.241623112 0.455974489 -0.119083383 0.000000000
84 148 1780458778.414452791 0.416972502 -0.003700361 0.020540549 0.150816229 0.014762085 -0.241288069 0.464882927 -0.124668013 0.000000000
85 149 1780458778.506973505 0.425921985 -0.008884966 0.022091893 0.156041036 0.011179357 -0.242673745 0.473743279 -0.130377527 0.000000000
86 150 1780458778.562101603 0.425921985 -0.008884966 0.022091893 0.152008481 0.011770964 -0.246560653 0.479624699 -0.134251979 0.000000000
87 151 1780458778.648058414 0.436892986 -0.011890624 0.025307739 0.158840758 0.010646971 -0.246117373 0.488409216 -0.140164792 0.000000000
88 152 1780458778.718506575 0.445957529 -0.014429789 0.023420387 0.164240564 0.009704592 -0.250927491 0.494241130 -0.144173053 0.000000000
89 153 1780458778.794262886 0.452662708 -0.016947921 0.024549139 0.167003784 0.008585963 -0.252952495 0.500048673 -0.148221454 0.000000000
90 154 1780458778.860530853 0.452662708 -0.016947921 0.024549139 0.163348325 0.009820084 -0.257012575 0.508692046 -0.154313048 0.000000000
91 155 1780458778.941008806 0.469476001 -0.023911460 0.026101429 0.176942731 0.006170389 -0.257583082 0.514424284 -0.158423858 0.000000000
92 156 1780458779.014957666 0.476399665 -0.027352243 0.027237768 0.180406095 0.004849271 -0.259678433 0.522985945 -0.164685426 0.000000000
93 157 1780458779.084621191 0.483208292 -0.030845474 0.028370296 0.183763881 0.003477214 -0.261772672 0.528669379 -0.168922828 0.000000000
94 158 1780458779.172230482 0.488029675 -0.032996798 0.027547401 0.185217207 0.003161716 -0.266055544 0.539977380 -0.177547777 0.000000000
95 159 1780458779.235257626 0.488029675 -0.032996798 0.027547401 0.181561712 0.004395835 -0.270115592 0.542792078 -0.179735085 0.000000000
96 160 1780458779.317421675 0.504743793 -0.043237563 0.026401568 0.195792622 -0.002395750 -0.273075062 0.551206350 -0.186371133 0.000000000
97 161 1780458779.396055460 0.511848151 -0.047657287 0.028435421 0.199458974 -0.004566003 -0.274144656 0.559575578 -0.193117720 0.000000000
98 162 1780458779.458059549 0.511848151 -0.047657287 0.028435421 0.195803449 -0.003331869 -0.278204673 0.565129751 -0.197676506 0.000000000
99 163 1780458779.538577080 0.530310769 -0.053491398 0.031295226 0.210733370 -0.005319047 -0.277040977 0.573422590 -0.204605765 0.000000000
100 164 1780458779.615774632 0.530310769 -0.053491398 0.031295226 0.207077821 -0.004084919 -0.281100974 0.578925233 -0.209285719 0.000000000
101 165 1780458779.691077471 0.545515665 -0.060370437 0.037425436 0.218530282 -0.007394917 -0.276964129 0.584406904 -0.214013810 0.000000000
102 166 1780458779.765470266 0.549079676 -0.062721029 0.040575379 0.218298105 -0.007903335 -0.277364393 0.592589587 -0.221195833 0.000000000
103 167 1780458779.849534750 0.554557690 -0.065664454 0.043596183 0.220040391 -0.008718877 -0.277621785 0.598017822 -0.226043526 0.000000000
104 168 1780458779.914683342 0.554557690 -0.065664454 0.043596183 0.216477810 -0.006870279 -0.282064860 0.606119239 -0.233404180 0.000000000
105 169 1780458780.005732298 0.568639794 -0.071955744 0.046586603 0.227225896 -0.009092412 -0.281461937 0.614170784 -0.240871307 0.000000000
106 170 1780458780.072388887 0.568639794 -0.071955744 0.046586603 0.223663299 -0.007243826 -0.285905003 0.619510340 -0.245908304 0.000000000
107 171 1780458780.150377512 0.579142016 -0.080193466 0.051682073 0.230896025 -0.011801648 -0.283526092 0.624827084 -0.250992256 0.000000000
108 172 1780458780.230056047 0.586353444 -0.083488084 0.054967095 0.234427777 -0.012006570 -0.283598370 0.632758842 -0.258705926 0.000000000
109 173 1780458780.299948931 0.586353444 -0.083488084 0.054967095 0.230865174 -0.010157993 -0.288041436 0.638017376 -0.263906673 0.000000000
110 174 1780458780.381835938 0.600338741 -0.093159856 0.057296316 0.242111824 -0.015591700 -0.287771677 0.645860540 -0.271794914 0.000000000
111 175 1780458780.461467505 0.603553262 -0.095062610 0.060190064 0.241566470 -0.015015925 -0.288808342 0.651059148 -0.277111639 0.000000000
112 176 1780458780.528468847 0.603553262 -0.095062610 0.060190064 0.238003853 -0.013167349 -0.293251398 0.658811109 -0.285173259 0.000000000
113 177 1780458780.622518778 0.616137236 -0.104577643 0.061945394 0.247956267 -0.018595184 -0.293648389 0.666507071 -0.293338361 0.000000000
114 178 1780458780.698823452 0.622833539 -0.108878908 0.062898208 0.251465680 -0.019850982 -0.295947138 0.671606124 -0.298839057 0.000000000
115 179 1780458780.769212008 0.622833539 -0.108878908 0.062898208 0.247903035 -0.018002394 -0.300390167 0.676679567 -0.304385456 0.000000000
116 180 1780458780.846187115 0.632744646 -0.121274865 0.064627354 0.255735436 -0.026629891 -0.300923773 0.684241079 -0.312790500 0.000000000
117 181 1780458780.926564932 0.643514152 -0.131367299 0.061727594 0.264759910 -0.032990612 -0.306013139 0.689249220 -0.318450670 0.000000000
118 182 1780458781.007825851 0.650664194 -0.136641280 0.063522237 0.268745602 -0.035030511 -0.307284396 0.696711392 -0.327025863 0.000000000
119 183 1780458781.079792976 0.650664194 -0.136641280 0.063522237 0.264634072 -0.032760241 -0.312066048 0.701652379 -0.332799133 0.000000000
120 184 1780458781.151088715 0.656454788 -0.143077994 0.065223409 0.266962578 -0.035729646 -0.313859757 0.709012415 -0.341543493 0.000000000
121 185 1780458781.224664211 0.665380063 -0.151000171 0.063277463 0.273188266 -0.039732238 -0.318650068 0.713884368 -0.347429224 0.000000000
122 186 1780458781.300250769 0.682801290 -0.161488353 0.067859277 0.287046006 -0.044428205 -0.315490112 0.721139430 -0.356341811 0.000000000
123 187 1780458781.367635727 0.682801290 -0.161488353 0.067859277 0.282934406 -0.042157902 -0.320271690 0.725940445 -0.362339389 0.000000000
124 188 1780458781.448372126 0.700841638 -0.171463936 0.071843742 0.297402489 -0.046173212 -0.317561410 0.733087654 -0.371419300 0.000000000
125 189 1780458781.521396637 0.712593399 -0.177825061 0.071626742 0.305846320 -0.047958735 -0.320215812 0.737815797 -0.377528136 0.000000000
126 190 1780458781.599731684 0.723828328 -0.182867547 0.074670303 0.312998619 -0.048373607 -0.319817935 0.744852233 -0.386774506 0.000000000
127 191 1780458781.682358980 0.737160132 -0.190142656 0.072573884 0.323470705 -0.050787074 -0.323940756 0.751820786 -0.396120349 0.000000000
128 192 1780458781.746342182 0.737160132 -0.190142656 0.072573884 0.319358978 -0.048516778 -0.328722229 0.756428243 -0.402406030 0.000000000
129 193 1780458781.822204351 0.753084967 -0.202249257 0.074840111 0.332469999 -0.054889800 -0.327674895 0.761004730 -0.408735707 0.000000000
130 194 1780458781.895646811 0.763676294 -0.209377902 0.078905169 0.339188108 -0.057311818 -0.326114854 0.767810680 -0.418312533 0.000000000
131 195 1780458781.963900328 0.763676294 -0.209377902 0.078905169 0.335076339 -0.055041503 -0.330896282 0.772308319 -0.424751839 0.000000000
132 196 1780458782.050653219 0.775848565 -0.221282484 0.086183805 0.343631242 -0.061596368 -0.325453562 0.778994459 -0.434492728 0.000000000
133 197 1780458782.121202230 0.775848565 -0.221282484 0.086183805 0.339705908 -0.058864452 -0.330711772 0.783411190 -0.441041161 0.000000000
134 198 1780458782.194532871 0.795048283 -0.235922203 0.091261907 0.356151424 -0.066230388 -0.326388854 0.789974405 -0.450945380 0.000000000
135 199 1780458782.276942968 0.806153415 -0.244173948 0.092182708 0.364346450 -0.069208180 -0.328075317 0.794308133 -0.457602462 0.000000000
136 200 1780458782.358546495 0.814513408 -0.251509321 0.094051380 0.369545531 -0.071786995 -0.329367583 0.800745247 -0.467669307 0.000000000
137 201 1780458782.433982849 0.822395517 -0.261375324 0.094759920 0.375008207 -0.076979444 -0.331620005 0.804993835 -0.474434579 0.000000000
138 202 1780458782.515405416 0.831801317 -0.268723930 0.098952439 0.380772500 -0.079172440 -0.330404961 0.811301612 -0.484663376 0.000000000
139 203 1780458782.586600542 0.831801317 -0.268723930 0.098952439 0.376847015 -0.076440470 -0.335663032 0.815462880 -0.491536400 0.000000000
140 204 1780458782.662673235 0.849054620 -0.283753686 0.103780758 0.391562285 -0.084325546 -0.331610778 0.821638014 -0.501926507 0.000000000
141 205 1780458782.748218775 0.858452812 -0.292376849 0.105326954 0.398095579 -0.087841756 -0.332788568 0.825709734 -0.508906864 0.000000000
142 206 1780458782.829239368 0.867881699 -0.300781505 0.106639943 0.404664181 -0.091128517 -0.334184853 0.831748849 -0.519457669 0.000000000
143 207 1780458782.896081209 0.867881699 -0.300781505 0.106639943 0.400738610 -0.088396506 -0.339442840 0.835728744 -0.526544960 0.000000000
144 208 1780458782.978810072 0.888465177 -0.318662249 0.111559211 0.419225368 -0.098114726 -0.334199524 0.841628381 -0.537255878 0.000000000
145 209 1780458783.043518782 0.899177631 -0.327191462 0.112868528 0.427059717 -0.101159710 -0.335268542 0.845514118 -0.544449726 0.000000000
146 210 1780458783.130027294 0.910247658 -0.335097987 0.116577613 0.434430509 -0.102736255 -0.334458673 0.851270737 -0.555320205 0.000000000
147 211 1780458783.194046974 0.910247658 -0.335097987 0.116577613 0.430324088 -0.099406159 -0.340207348 0.855059925 -0.562620250 0.000000000
148 212 1780458783.278960705 0.924497322 -0.353023167 0.121531228 0.442607993 -0.109816425 -0.336392471 0.860669891 -0.573649768 0.000000000
149 213 1780458783.345995665 0.924497322 -0.353023167 0.121531228 0.438501528 -0.106486285 -0.342141089 0.864360077 -0.581055671 0.000000000
150 214 1780458783.430211544 0.938999886 -0.372782813 0.127932877 0.451134511 -0.118422888 -0.336555460 0.869819660 -0.592243735 0.000000000
151 215 1780458783.499713659 0.938999886 -0.372782813 0.127932877 0.447028012 -0.115092702 -0.342304029 0.873408321 -0.599755179 0.000000000
152 216 1780458783.577662945 0.958369674 -0.390587544 0.130832816 0.464636688 -0.124121858 -0.339317488 0.878713682 -0.611101328 0.000000000
153 217 1780458783.649237394 0.973794344 -0.404424235 0.130304811 0.478373099 -0.130469541 -0.340868682 0.882198223 -0.618718016 0.000000000
154 218 1780458783.726932049 0.984859809 -0.413296696 0.133094718 0.486140745 -0.132798446 -0.340623488 0.887345412 -0.630221820 0.000000000
155 219 1780458783.799032450 0.984859809 -0.413296696 0.133094718 0.482034076 -0.129468212 -0.346371909 0.890723158 -0.637943476 0.000000000
156 220 1780458783.871440172 0.997969307 -0.427163234 0.132966556 0.493523662 -0.136272737 -0.347854418 0.895708102 -0.649604538 0.000000000
157 221 1780458783.948787928 1.022122359 -0.449898423 0.138578543 0.516211089 -0.148378557 -0.340353212 0.898976295 -0.657430908 0.000000000
158 222 1780458784.031095505 1.027477957 -0.458301251 0.138595019 0.519097332 -0.151794427 -0.343893232 0.903794788 -0.669248862 0.000000000
159 223 1780458784.116936445 1.043015621 -0.471666048 0.138554727 0.533265919 -0.157273596 -0.345597898 0.908511334 -0.681160792 0.000000000
160 224 1780458784.182194471 1.043015621 -0.471666048 0.138554727 0.529646179 -0.153833017 -0.352206892 0.911598272 -0.689154232 0.000000000
161 225 1780458784.264935970 1.063077883 -0.494461291 0.145963856 0.548579188 -0.166506944 -0.344369250 0.916141339 -0.701222542 0.000000000
162 226 1780458784.328342915 1.063077883 -0.494461291 0.145963856 0.544959331 -0.163066341 -0.350978167 0.919111107 -0.709320141 0.000000000
163 227 1780458784.412863255 1.083281176 -0.515175587 0.148664201 0.564656352 -0.173970780 -0.347835932 0.922033140 -0.717459355 0.000000000
164 228 1780458784.482719898 1.083281176 -0.515175587 0.148664201 0.561036369 -0.170530149 -0.354444767 0.926325574 -0.729746148 0.000000000
165 229 1780458784.560064077 1.102852686 -0.540407853 0.152793126 0.580904649 -0.185687569 -0.349256638 0.929126034 -0.737989290 0.000000000
166 230 1780458784.633992672 1.113175572 -0.553260942 0.155176096 0.589521497 -0.191566274 -0.349474183 0.933233664 -0.750431870 0.000000000
167 231 1780458784.720571518 1.121582102 -0.565212577 0.159779558 0.595586347 -0.196864820 -0.348049899 0.937228007 -0.762967832 0.000000000
168 232 1780458784.804214716 1.138988243 -0.582600531 0.167609335 0.610638477 -0.204565121 -0.340735897 0.939827051 -0.771376992 0.000000000
169 233 1780458784.868520498 1.138988243 -0.582600531 0.167609335 0.607018253 -0.201124356 -0.347344533 0.942374361 -0.779827615 0.000000000
170 234 1780458784.950071573 1.161719241 -0.608223855 0.174009503 0.629448070 -0.215225345 -0.338857048 0.946097073 -0.792581267 0.000000000
171 235 1780458785.010483980 1.161719241 -0.608223855 0.174009503 0.626960406 -0.211471505 -0.344616957 0.948512530 -0.801135499 0.000000000
172 236 1780458785.095163345 1.168464570 -0.627040537 0.178598317 0.634343215 -0.223310289 -0.341428820 0.952034700 -0.814044522 0.000000000
173 237 1780458785.163141966 1.168464570 -0.627040537 0.178598317 0.631855517 -0.219556471 -0.347188730 0.954314582 -0.822702313 0.000000000
174 238 1780458785.245728016 1.181005260 -0.644834654 0.187954452 0.643194363 -0.228200354 -0.338232664 0.957630504 -0.835766656 0.000000000
175 239 1780458785.318927050 1.186758040 -0.659414838 0.190783196 0.649061618 -0.236367494 -0.337530147 0.959770922 -0.844527990 0.000000000
176 240 1780458785.391679049 1.199716408 -0.673912922 0.194084671 0.661506319 -0.242281323 -0.334771211 0.962874629 -0.857747653 0.000000000
177 241 1780458785.474170446 1.198503959 -0.684802037 0.196276542 0.660127140 -0.248994674 -0.336781886 0.964871513 -0.866612546 0.000000000
178 242 1780458785.550364017 1.208402258 -0.695675609 0.199256933 0.668877781 -0.252317902 -0.335562821 0.967756754 -0.879987581 0.000000000
179 243 1780458785.629897118 1.218249574 -0.706801352 0.203737395 0.677251950 -0.255696117 -0.332838783 0.969606440 -0.888951118 0.000000000
180 244 1780458785.699042082 1.218249574 -0.706801352 0.203737395 0.674764057 -0.251942300 -0.338598612 0.972271352 -0.902379503 0.000000000
181 245 1780458785.767630100 1.231757882 -0.734006224 0.205676211 0.691439023 -0.269653942 -0.334441107 0.973975388 -0.911246891 0.000000000
182 246 1780458785.852412462 1.231211060 -0.745996987 0.208600238 0.690829029 -0.277072057 -0.335272761 0.976425433 -0.924293621 0.000000000
183 247 1780458785.922593117 1.231211060 -0.745996987 0.208600238 0.688218597 -0.273650517 -0.340578686 0.977991004 -0.932747389 0.000000000
184 248 1780458785.994498968 1.246109822 -0.774654014 0.214745052 0.705362339 -0.291976991 -0.331128200 0.980244764 -0.944933940 0.000000000
185 249 1780458786.074545860 1.253408773 -0.785222996 0.215429211 0.712142910 -0.296182696 -0.332066192 0.981689617 -0.952654233 0.000000000
186 250 1780458786.149023056 1.256552197 -0.798434350 0.220337996 0.714645885 -0.303635548 -0.329364779 0.983781864 -0.963501036 0.000000000
187 251 1780458786.227347374 1.261912942 -0.809346212 0.221067080 0.719733927 -0.308715329 -0.330572260 0.985134600 -0.970169339 0.000000000
188 252 1780458786.310815811 1.268239043 -0.820390703 0.224738861 0.724936862 -0.313225899 -0.328700874 0.987109745 -0.979732493 0.000000000
189 253 1780458786.378134966 1.268239043 -0.820390703 0.224738861 0.722326277 -0.309804354 -0.334006723 0.988373212 -0.986122249 0.000000000
190 254 1780458786.461418390 1.285422101 -0.843612839 0.233733600 0.739368459 -0.321532309 -0.322000996 0.990180101 -0.995727116 0.000000000
191 255 1780458786.531967163 1.285422101 -0.843612839 0.233733600 0.736757830 -0.318110758 -0.327306822 0.991324494 -1.002142600 0.000000000
192 256 1780458786.605129004 1.298230358 -0.865157390 0.236260141 0.751162868 -0.330389606 -0.322684636 0.992948203 -1.011781860 0.000000000
193 257 1780458786.692892551 1.315429513 -0.883164807 0.246377957 0.766446059 -0.336866414 -0.310546827 0.994459218 -1.021438573 0.000000000
194 258 1780458786.761399746 1.315429513 -0.883164807 0.246377957 0.765670902 -0.335002070 -0.315365466 0.995403242 -1.027885054 0.000000000
195 259 1780458786.849436760 1.329172323 -0.908607988 0.250856545 0.783335344 -0.351754695 -0.307158546 0.996296094 -1.034337733 0.000000000
196 260 1780458786.926272154 1.329886617 -0.911050199 0.251817934 0.783623995 -0.351799351 -0.310357672 0.997538422 -1.044026941 0.000000000
197 261 1780458787.006747007 1.336057688 -0.921940991 0.252199986 0.791463411 -0.357972950 -0.310931754 0.998301315 -1.050492220 0.000000000
198 262 1780458787.093526125 1.344102660 -0.926562709 0.256684159 0.798035013 -0.357075928 -0.308589629 0.999346434 -1.060197099 0.000000000
199 263 1780458787.179277897 1.350120075 -0.937441113 0.260972022 0.804596200 -0.362684638 -0.305454379 1.000318316 -1.069939787 0.000000000
200 264 1780458787.242629051 1.350120075 -0.937441113 0.260972022 0.803820830 -0.360820380 -0.310273020 1.000911841 -1.076445774 0.000000000
201 265 1780458787.323982954 1.359937537 -0.959341984 0.257954674 0.819185226 -0.376379790 -0.310502975 1.001457351 -1.082956978 0.000000000
202 266 1780458787.387825012 1.359937537 -0.959341984 0.257954674 0.818409811 -0.374515489 -0.315321594 1.002185490 -1.092732678 0.000000000
203 267 1780458787.468025923 1.354958772 -0.973845276 0.256664452 0.817700449 -0.387999430 -0.319033974 1.002610771 -1.099255150 0.000000000
204 268 1780458787.544763327 1.355992977 -0.982207304 0.254086946 0.821072648 -0.393907416 -0.324007971 1.003158381 -1.109045846 0.000000000
205 269 1780458787.615648508 1.355992977 -0.982207304 0.254086946 0.822368212 -0.391988695 -0.328142661 1.003463196 -1.115577042 0.000000000
206 270 1780458787.693526983 1.363040515 -1.001373073 0.251163077 0.836559453 -0.405750828 -0.328622923 1.003829956 -1.125378912 0.000000000
207 271 1780458787.763855934 1.359805633 -1.017198397 0.248659746 0.840341656 -0.419964148 -0.331893104 1.004014115 -1.131916282 0.000000000
208 272 1780458787.849888563 1.359408038 -1.026294549 0.246755076 0.844544565 -0.426870987 -0.335599349 1.004199774 -1.141725496 0.000000000
209 273 1780458787.924154043 1.356733325 -1.035984280 0.245744785 0.846601368 -0.434984762 -0.338818980 1.004276680 -1.151537273 0.000000000
210 274 1780458788.003048420 1.355799792 -1.049544127 0.243083871 0.851903662 -0.446299159 -0.342145033 1.004267507 -1.158079198 0.000000000
211 275 1780458788.084476948 1.355355406 -1.058961885 0.242696044 0.855727245 -0.453247893 -0.344274658 1.004163052 -1.167892169 0.000000000
212 276 1780458788.158698797 1.355791343 -1.066647323 0.241927441 0.859954920 -0.458345348 -0.346987032 1.004032941 -1.174433606 0.000000000
213 277 1780458788.230331421 1.355791343 -1.066647323 0.241927441 0.861250232 -0.456426789 -0.351121880 1.003854446 -1.180974128 0.000000000
214 278 1780458788.307287216 1.355232051 -1.076506002 0.240114454 0.865579233 -0.464040647 -0.354406702 1.003495982 -1.190782295 0.000000000
215 279 1780458788.380685329 1.352929089 -1.087124967 0.238488104 0.868522411 -0.472950843 -0.357685724 1.003196530 -1.197318727 0.000000000
216 280 1780458788.454947710 1.351167814 -1.095268477 0.236950799 0.871187996 -0.479382922 -0.361408595 1.002656651 -1.207118828 0.000000000
217 281 1780458788.546625853 1.347383372 -1.114103327 0.234527918 0.875579559 -0.496459083 -0.363410000 1.002007967 -1.216912233 0.000000000
218 282 1780458788.620780945 1.345175134 -1.125492455 0.232246241 0.878149486 -0.504509970 -0.366093779 1.001515087 -1.223436762 0.000000000
219 283 1780458788.699717283 1.343701118 -1.131269811 0.231692340 0.879123639 -0.506864876 -0.368570080 1.000973890 -1.229957284 0.000000000
220 284 1780458788.782726765 1.338352051 -1.146258652 0.229277745 0.880051832 -0.519381870 -0.371005120 1.000071547 -1.239729650 0.000000000
221 285 1780458788.860546350 1.336471821 -1.156730015 0.228768581 0.882105576 -0.526128873 -0.372136957 0.999409658 -1.246238346 0.000000000
222 286 1780458788.947221041 1.334504050 -1.162520645 0.229572185 0.882225233 -0.528415344 -0.373415894 0.998326408 -1.255991036 0.000000000
223 287 1780458789.021598577 1.334420291 -1.167288123 0.229489945 0.884004565 -0.529223336 -0.375367857 0.997544011 -1.262485324 0.000000000
224 288 1780458789.100976229 1.331252878 -1.180447954 0.227716384 0.886182322 -0.539114157 -0.377078102 0.996280164 -1.272214465 0.000000000
225 289 1780458789.177262545 1.331252878 -1.180447954 0.227716384 0.886534245 -0.535566238 -0.380345799 0.994908139 -1.281927617 0.000000000
226 290 1780458789.251832247 1.325679142 -1.198097150 0.223950012 0.888641117 -0.550814684 -0.383011736 0.993933432 -1.288393481 0.000000000
227 291 1780458789.320351362 1.325823863 -1.200687901 0.225535775 0.889417095 -0.549219249 -0.383986927 0.992910763 -1.294851207 0.000000000
228 292 1780458789.395728350 1.319971020 -1.220655568 0.223720416 0.891409579 -0.566252341 -0.384094333 0.991286948 -1.304521635 0.000000000
229 293 1780458789.475626707 1.320108896 -1.221971236 0.224975398 0.891887840 -0.563571114 -0.385762660 0.990144611 -1.310957210 0.000000000
230 294 1780458789.538168192 1.320108896 -1.221971236 0.224975398 0.892278472 -0.559990473 -0.389278134 0.988324452 -1.320600947 0.000000000
231 295 1780458789.628386259 1.316734500 -1.238369072 0.224567468 0.894988435 -0.572490794 -0.388735816 0.986348451 -1.330246033 0.000000000
232 296 1780458789.699555874 1.316734500 -1.238369072 0.224567468 0.895379058 -0.568910199 -0.392251337 0.984945015 -1.336676199 0.000000000
233 297 1780458789.782933712 1.315311471 -1.251999413 0.225747944 0.898450709 -0.577796896 -0.390610937 0.982712017 -1.346320361 0.000000000
234 298 1780458789.849282503 1.315311471 -1.251999413 0.225747944 0.898841324 -0.574216333 -0.394126492 0.981138861 -1.352748365 0.000000000
235 299 1780458789.935588360 1.309199165 -1.278515826 0.222084465 0.903498697 -0.597471114 -0.393697497 0.978653613 -1.362387020 0.000000000
236 300 1780458790.002457619 1.309199165 -1.278515826 0.222084465 0.903889300 -0.593890540 -0.397213043 0.976913796 -1.368809870 0.000000000
237 301 1780458790.080164194 1.304771821 -1.297364472 0.221058610 0.906753780 -0.609044572 -0.396390491 0.974180736 -1.378438613 0.000000000
238 302 1780458790.153282642 1.304771821 -1.297364472 0.221058610 0.907144378 -0.605463979 -0.399906019 0.972277120 -1.384853427 0.000000000
239 303 1780458790.230358124 1.299816688 -1.317060169 0.219835670 0.909917937 -0.621597695 -0.398990298 0.970308746 -1.391264245 0.000000000
240 304 1780458790.305020809 1.297387192 -1.325298541 0.219639345 0.910892079 -0.626330971 -0.400420112 0.967235677 -1.400872021 0.000000000
241 305 1780458790.379684687 1.294890244 -1.333314509 0.219603362 0.911688644 -0.630852388 -0.401771500 0.965107217 -1.407270944 0.000000000
242 306 1780458790.453461409 1.291214982 -1.345284216 0.217641751 0.914154303 -0.639172829 -0.404239430 0.961795893 -1.416858880 0.000000000
243 307 1780458790.533262253 1.289969006 -1.351619585 0.218207740 0.916087758 -0.640932395 -0.405796383 0.959509811 -1.423243263 0.000000000
244 308 1780458790.614037514 1.285777845 -1.360070682 0.217232816 0.916635767 -0.646132952 -0.408641006 0.955963819 -1.432807454 0.000000000
245 309 1780458790.690889597 1.285777845 -1.360070682 0.217232816 0.917794855 -0.641941046 -0.412645286 0.953522437 -1.439174735 0.000000000
246 310 1780458790.771155596 1.276448165 -1.380534592 0.213589068 0.918666511 -0.660447736 -0.414704731 0.949745159 -1.448711396 0.000000000
247 311 1780458790.861102819 1.272703014 -1.388204603 0.212269924 0.919489935 -0.664854244 -0.417967268 0.945830655 -1.458229767 0.000000000
248 312 1780458790.928739786 1.272703014 -1.388204603 0.212269924 0.920649032 -0.660662378 -0.421971590 0.943145300 -1.464564544 0.000000000
249 313 1780458791.016025305 1.264840756 -1.408494622 0.209899218 0.922378628 -0.678063425 -0.422434698 0.939004540 -1.474049550 0.000000000
250 314 1780458791.083324432 1.264840756 -1.408494622 0.209899218 0.923537722 -0.673871555 -0.426439017 0.936169336 -1.480360901 0.000000000
251 315 1780458791.162404537 1.262041563 -1.415532485 0.209833674 0.924585589 -0.677000303 -0.428502350 0.933274730 -1.486662229 0.000000000
252 316 1780458791.236670732 1.257164752 -1.425250791 0.208894532 0.924997469 -0.683558477 -0.430777923 0.928822092 -1.496094625 0.000000000
253 317 1780458791.316854239 1.248563650 -1.445479612 0.205381389 0.926512551 -0.701474350 -0.432204563 0.925780269 -1.502369293 0.000000000
254 318 1780458791.403926611 1.244026195 -1.455301302 0.203874456 0.927467268 -0.708115659 -0.434822013 0.921108341 -1.511759392 0.000000000
255 319 1780458791.481602192 1.244026195 -1.455301302 0.203874456 0.928626354 -0.703923662 -0.438826203 0.916320571 -1.521079269 0.000000000
256 320 1780458791.548100710 1.239082892 -1.466576669 0.201654656 0.929970720 -0.712174797 -0.441553429 0.913084096 -1.527198510 0.000000000
257 321 1780458791.626694918 1.230243820 -1.485419619 0.199539205 0.930918766 -0.727983304 -0.442206080 0.908177830 -1.536204531 0.000000000
258 322 1780458791.700051546 1.230243820 -1.485419619 0.199539205 0.932594478 -0.723181144 -0.446370162 0.904845029 -1.542180317 0.000000000
259 323 1780458791.776366949 1.225610416 -1.495086879 0.198020253 0.933977319 -0.729105408 -0.449088518 0.899746159 -1.551122816 0.000000000
260 324 1780458791.853804111 1.220720819 -1.504724503 0.196759223 0.935046310 -0.735041930 -0.451610771 0.896280788 -1.557069892 0.000000000
261 325 1780458791.930647850 1.209150316 -1.526054210 0.191992299 0.935421070 -0.754871637 -0.454003860 0.892762768 -1.563004923 0.000000000
262 326 1780458792.010222197 1.202078484 -1.538428226 0.190334062 0.935659133 -0.764206852 -0.456181667 0.887387479 -1.571884189 0.000000000
263 327 1780458792.092565775 1.195691285 -1.555012135 0.187859191 0.938217320 -0.777056268 -0.457248776 0.881894897 -1.580734579 0.000000000
264 328 1780458792.163212061 1.195691285 -1.555012135 0.187859191 0.939893107 -0.772254149 -0.461412875 0.878168347 -1.586618276 0.000000000
265 329 1780458792.233256340 1.193402844 -1.560819717 0.188541688 0.941310285 -0.773209435 -0.463083738 0.874390163 -1.592488363 0.000000000
266 330 1780458792.324579000 1.182285485 -1.577627267 0.186807901 0.939596651 -0.788109659 -0.464177990 0.866679654 -1.604186475 0.000000000
267 331 1780458792.388592958 1.182285485 -1.577627267 0.186807901 0.941272471 -0.783307514 -0.468342047 0.862751107 -1.610012503 0.000000000
268 332 1780458792.462139606 1.177207086 -1.587664044 0.186130103 0.942184331 -0.789463524 -0.469991904 0.858796470 -1.615813600 0.000000000
269 333 1780458792.544157028 1.167161983 -1.602768918 0.185760274 0.940401255 -0.802028953 -0.470206318 0.854833946 -1.621582110 0.000000000
270 334 1780458792.610104322 1.167161983 -1.602768918 0.185760274 0.942077088 -0.797226719 -0.474370268 0.848806785 -1.630200618 0.000000000
271 335 1780458792.694905281 1.156235809 -1.623286363 0.183175121 0.942185033 -0.815388832 -0.474386008 0.844726340 -1.635925810 0.000000000
272 336 1780458792.766242981 1.156235809 -1.623286363 0.183175121 0.944503239 -0.811470930 -0.478752536 0.838512581 -1.644482130 0.000000000
273 337 1780458792.843655109 1.147358116 -1.640525844 0.183399005 0.944970588 -0.825972585 -0.477343384 0.834308253 -1.650164925 0.000000000
274 338 1780458792.921577692 1.142515657 -1.647480283 0.183591402 0.945412610 -0.830020411 -0.479501078 0.827909429 -1.658656246 0.000000000
275 339 1780458792.996426105 1.137287922 -1.657250750 0.182488115 0.946950765 -0.836990509 -0.481664462 0.823549103 -1.664373603 0.000000000
276 340 1780458793.087712049 1.133222438 -1.664751266 0.182204346 0.948436036 -0.841277281 -0.483826885 0.816886186 -1.672977367 0.000000000
277 341 1780458793.163850546 1.127961219 -1.671676459 0.182512219 0.948480418 -0.845441569 -0.485903427 0.812409154 -1.678623054 0.000000000
278 342 1780458793.234680176 1.127961219 -1.671676459 0.182512219 0.950798573 -0.841523916 -0.490270207 0.805633558 -1.686981425 0.000000000
279 343 1780458793.313708544 1.116779757 -1.690458913 0.180926539 0.950505687 -0.858843835 -0.489897002 0.798752919 -1.695287699 0.000000000
280 344 1780458793.386682034 1.111196362 -1.697965299 0.180869855 0.950616687 -0.863739081 -0.492031187 0.794105733 -1.700800429 0.000000000
281 345 1780458793.462664127 1.106051494 -1.703758231 0.181572744 0.950251071 -0.866766141 -0.494141850 0.789410636 -1.706292988 0.000000000
282 346 1780458793.537926674 1.106051494 -1.703758231 0.181572744 0.952569219 -0.862848488 -0.498508636 0.782278462 -1.714493364 0.000000000
283 347 1780458793.616097927 1.094012799 -1.720381982 0.179748229 0.950910471 -0.878813650 -0.499206023 0.777464192 -1.719934213 0.000000000
284 348 1780458793.682271481 1.094012799 -1.720381982 0.179748229 0.953228624 -0.874895941 -0.503572758 0.770153891 -1.728055649 0.000000000
285 349 1780458793.762829304 1.082647705 -1.734119600 0.179052916 0.950770845 -0.887788303 -0.504336524 0.762737309 -1.736128404 0.000000000
286 350 1780458793.831563473 1.077238867 -1.741370858 0.178962377 0.950991499 -0.892373410 -0.506434837 0.757734092 -1.741482707 0.000000000
287 351 1780458793.910213232 1.071877009 -1.749436191 0.178855180 0.951553773 -0.897603934 -0.508149178 0.750141337 -1.749472126 0.000000000
288 352 1780458793.983303785 1.066883408 -1.758784045 0.178270356 0.953604182 -0.903957975 -0.509718128 0.745021064 -1.754769955 0.000000000
289 353 1780458794.063905954 1.061141235 -1.766527586 0.177644099 0.954454111 -0.909359978 -0.512145315 0.739854183 -1.760044681 0.000000000
290 354 1780458794.143704891 1.055439899 -1.773956329 0.177378396 0.955109054 -0.914359710 -0.514368331 0.732016738 -1.767912806 0.000000000
291 355 1780458794.228524446 1.049438433 -1.781157386 0.176504804 0.955637518 -0.919518153 -0.517250098 0.724075097 -1.775727292 0.000000000
292 356 1780458794.298353195 1.049438433 -1.781157386 0.176504804 0.958496445 -0.915694118 -0.521718987 0.718722977 -1.780906657 0.000000000
293 357 1780458794.372910023 1.043847390 -1.789333991 0.175926170 0.959641678 -0.921341507 -0.523778040 0.713324837 -1.786061443 0.000000000
294 358 1780458794.444141388 1.037777922 -1.797127365 0.175405118 0.960220715 -0.926879802 -0.526011671 0.705141582 -1.793746886 0.000000000
295 359 1780458794.516652584 1.031824981 -1.803797227 0.175550945 0.960272756 -0.931217204 -0.528144074 0.699628878 -1.798838923 0.000000000
296 360 1780458794.597482443 1.019530577 -1.819253742 0.175246046 0.958161986 -0.945807638 -0.527478714 0.691274291 -1.806428844 0.000000000
297 361 1780458794.675712824 1.012282211 -1.826208279 0.174829320 0.957398684 -0.951180674 -0.530111183 0.685647701 -1.811456264 0.000000000
298 362 1780458794.745409966 1.006310688 -1.832972942 0.174881088 0.957518055 -0.955621739 -0.532212350 0.677122780 -1.818947852 0.000000000
299 363 1780458794.825684786 0.999671921 -1.840423919 0.174662054 0.957407146 -0.961024095 -0.534295331 0.671382958 -1.823908774 0.000000000
300 364 1780458794.899517536 0.999671921 -1.840423919 0.174662054 0.960266066 -0.957200087 -0.538764253 0.662688667 -1.831299193 0.000000000
301 365 1780458794.979130268 0.986783927 -1.854460044 0.174348667 0.957188791 -0.970884729 -0.538605162 0.653893202 -1.838627540 0.000000000
302 366 1780458795.051182270 0.986783927 -1.854460044 0.174348667 0.960047729 -0.967060635 -0.543074000 0.647973514 -1.843478108 0.000000000
303 367 1780458795.139124632 0.972483648 -1.868473012 0.173182959 0.956054398 -0.981700417 -0.543754808 0.639010152 -1.850700694 0.000000000
304 368 1780458795.205368519 0.972483648 -1.868473012 0.173182959 0.959545125 -0.977883474 -0.547869349 0.632978827 -1.855479787 0.000000000
305 369 1780458795.290273428 0.958800490 -1.883097198 0.172253619 0.956883838 -0.992614853 -0.547503491 0.623848445 -1.862593700 0.000000000
306 370 1780458795.360258102 0.958800490 -1.883097198 0.172253619 0.960374584 -0.988798100 -0.551618191 0.617706057 -1.867299365 0.000000000
307 371 1780458795.437629461 0.943501128 -1.897477378 0.170644295 0.956480411 -1.004357712 -0.552062600 0.611519401 -1.871975106 0.000000000
308 372 1780458795.506571054 0.943501128 -1.897477378 0.170644295 0.959971175 -1.000541101 -0.556177416 0.602156603 -1.878931913 0.000000000
309 373 1780458795.586814642 0.929416308 -1.911001097 0.169414645 0.956703532 -1.014678842 -0.556451494 0.595859652 -1.883531447 0.000000000
310 374 1780458795.649764299 0.929416308 -1.911001097 0.169414645 0.960194310 -1.010862332 -0.560566391 0.586331808 -1.890372434 0.000000000
311 375 1780458795.722077608 0.921339346 -1.918737070 0.168157231 0.960001971 -1.017530699 -0.562901914 0.579925087 -1.894893741 0.000000000
312 376 1780458795.798712492 0.906217576 -1.932654466 0.165835310 0.956386711 -1.032882908 -0.563883411 0.570232969 -1.901615855 0.000000000
313 377 1780458795.875825405 0.906217576 -1.932654466 0.165835310 0.959877503 -1.029066452 -0.567998345 0.563716981 -1.906056884 0.000000000
314 378 1780458795.942846298 0.900186456 -1.937797655 0.166461210 0.959864700 -1.031965641 -0.569695943 0.553861328 -1.912657020 0.000000000
315 379 1780458796.019759178 0.884949422 -1.952180076 0.163714719 0.956498319 -1.047885935 -0.570648124 0.547236556 -1.917015682 0.000000000
316 380 1780458796.107358932 0.877595015 -1.958306287 0.163415725 0.956032073 -1.052553540 -0.572745918 0.537218078 -1.923490681 0.000000000
317 381 1780458796.185688496 0.869853844 -1.965702508 0.162545910 0.955905565 -1.058618028 -0.574700570 0.527102234 -1.929889054 0.000000000
318 382 1780458796.251720905 0.869853844 -1.965702508 0.162545910 0.959396375 -1.054801443 -0.578815370 0.520304363 -1.934111489 0.000000000
319 383 1780458796.332028627 0.855482271 -1.978772160 0.161554330 0.955733004 -1.068551062 -0.578619133 0.513463394 -1.938298996 0.000000000
320 384 1780458796.405642748 0.855482271 -1.978772160 0.161554330 0.959716325 -1.065362302 -0.582593594 0.503121277 -1.944513991 0.000000000
321 385 1780458796.484571218 0.847537151 -1.985527326 0.160320787 0.959807607 -1.071792343 -0.584952101 0.496172854 -1.948612623 0.000000000
322 386 1780458796.559149742 0.840295851 -1.991308451 0.159400320 0.960036928 -1.076996146 -0.587449923 0.485669864 -1.954692616 0.000000000
323 387 1780458796.634872198 0.825457891 -2.003330004 0.158597002 0.956038990 -1.090687325 -0.587337490 0.478614391 -1.958700109 0.000000000
324 388 1780458796.704659939 0.825457891 -2.003330004 0.158597002 0.960022286 -1.087498928 -0.591312266 0.467951118 -1.964641666 0.000000000
325 389 1780458796.781233549 0.807795720 -2.016775767 0.155962474 0.954755894 -1.104420910 -0.592172804 0.460788981 -1.968555704 0.000000000
326 390 1780458796.862674713 0.799977134 -2.022054029 0.156111135 0.953953356 -1.109070381 -0.593984934 0.449965987 -1.974355309 0.000000000
327 391 1780458796.930654287 0.799977134 -2.022054029 0.156111135 0.957936645 -1.105882118 -0.597959825 0.442697548 -1.978173518 0.000000000
328 392 1780458797.011461020 0.782883681 -2.032729973 0.156140568 0.951241634 -1.119279254 -0.597804184 0.431715364 -1.983827565 0.000000000
329 393 1780458797.080378532 0.782883681 -2.032729973 0.156140568 0.955224928 -1.116091027 -0.601779098 0.424340969 -1.987547510 0.000000000
330 394 1780458797.163752317 0.766906777 -2.043356458 0.155955781 0.949559672 -1.128967949 -0.601626827 0.413200096 -1.993052298 0.000000000
331 395 1780458797.228241444 0.766906777 -2.043356458 0.155955781 0.953542973 -1.125779705 -0.605601720 0.405720068 -1.996671477 0.000000000
332 396 1780458797.315221548 0.751121795 -2.053630123 0.154828588 0.948232812 -1.138683506 -0.606311564 0.394420976 -2.002023199 0.000000000
333 397 1780458797.380562544 0.743191729 -2.059957720 0.154523505 0.947913261 -1.144337580 -0.607773483 0.386835618 -2.005539040 0.000000000
334 398 1780458797.458691835 0.733689332 -2.064284872 0.154250596 0.945460431 -1.149261354 -0.610383350 0.375378748 -2.010733781 0.000000000
335 399 1780458797.530075073 0.733689332 -2.064284872 0.154250596 0.950115639 -1.146332616 -0.614669793 0.367688342 -2.014143633 0.000000000
336 400 1780458797.607268095 0.716600718 -2.075263897 0.153074091 0.944667533 -1.160667230 -0.615235035 0.356074099 -2.019177356 0.000000000
337 401 1780458797.704700947 0.708878443 -2.080846306 0.153771150 0.944600054 -1.165454388 -0.616447902 0.344365614 -2.024112477 0.000000000
338 402 1780458797.752407551 0.708878443 -2.080846306 0.153771150 0.949255175 -1.162526046 -0.620734710 0.336507665 -2.027347025 0.000000000
339 403 1780458797.835782051 0.689699621 -2.093194522 0.151755337 0.942829446 -1.179271100 -0.621207903 0.328607923 -2.030536612 0.000000000
340 404 1780458797.908848286 0.680647290 -2.098061972 0.151146209 0.941772454 -1.184760345 -0.623905322 0.316680025 -2.035235664 0.000000000
341 405 1780458797.987155914 0.672387235 -2.103210489 0.151572804 0.941177433 -1.189587346 -0.625506774 0.304658282 -2.039830897 0.000000000
342 406 1780458798.058446646 0.672387235 -2.103210489 0.151572804 0.945832486 -1.186659294 -0.629793853 0.296591701 -2.042835901 0.000000000
343 407 1780458798.130268335 0.664144260 -2.108649381 0.151523358 0.945526582 -1.191893757 -0.631572271 0.288483486 -2.045793541 0.000000000
344 408 1780458798.220098972 0.645461526 -2.118699205 0.150778437 0.938253968 -1.206072481 -0.631898527 0.276243155 -2.050140099 0.000000000
345 409 1780458798.300391674 0.645461526 -2.118699205 0.150778437 0.942909011 -1.203144480 -0.636185654 0.268030966 -2.052977123 0.000000000
346 410 1780458798.362107038 0.637539731 -2.122642063 0.151478427 0.942063886 -1.206758597 -0.638077013 0.255634787 -2.057140338 0.000000000
347 411 1780458798.449943781 0.619485468 -2.130652724 0.151030632 0.934452892 -1.218966577 -0.639082062 0.247318766 -2.059853493 0.000000000
348 412 1780458798.514176607 0.619485468 -2.130652724 0.151030632 0.939107970 -1.216038493 -0.643369093 0.234766931 -2.063828390 0.000000000
349 413 1780458798.597642899 0.600241906 -2.140988133 0.149855530 0.931631826 -1.230854580 -0.643595248 0.226347195 -2.066414293 0.000000000
350 414 1780458798.678700209 0.600241906 -2.140988133 0.149855530 0.936457908 -1.228170707 -0.647339822 0.213639856 -2.070195696 0.000000000
351 415 1780458798.753649473 0.590911396 -2.146162920 0.149068317 0.935540930 -1.234300915 -0.649138094 0.205116491 -2.072650824 0.000000000
352 416 1780458798.831059933 0.571404153 -2.155492829 0.147817733 0.927649313 -1.248773516 -0.649267829 0.192253758 -2.076233336 0.000000000
353 417 1780458798.910974979 0.561810269 -2.160617675 0.147475211 0.926352968 -1.254777253 -0.650673441 0.179297822 -2.079693828 0.000000000
354 418 1780458798.980648756 0.561810269 -2.160617675 0.147475211 0.931179004 -1.252093874 -0.654418423 0.170608759 -2.081932007 0.000000000
355 419 1780458799.058077812 0.541850994 -2.169864360 0.146645919 0.922749994 -1.266501194 -0.654067688 0.161878279 -2.084114400 0.000000000
356 420 1780458799.144530773 0.530168560 -2.174840230 0.145310243 0.919906455 -1.273916521 -0.656323231 0.148704900 -2.087281983 0.000000000
357 421 1780458799.203990698 0.530168560 -2.174840230 0.145310243 0.924732480 -1.271233321 -0.660068353 0.139870870 -2.089322075 0.000000000
358 422 1780458799.294059992 0.511378756 -2.183628620 0.144908366 0.917014339 -1.284479320 -0.659413623 0.126542141 -2.092273085 0.000000000
359 423 1780458799.356675148 0.511378756 -2.183628620 0.144908366 0.921840364 -1.281796157 -0.663158768 0.117604532 -2.094166679 0.000000000
360 424 1780458799.448873043 0.490627522 -2.193006707 0.142994342 0.913137331 -1.297173007 -0.663294917 0.104154248 -2.096896908 0.000000000
361 425 1780458799.510486364 0.490627522 -2.193006707 0.142994342 0.917963366 -1.294489799 -0.667040015 0.095225189 -2.098644051 0.000000000
362 426 1780458799.590130091 0.470375975 -2.202315791 0.142638740 0.909205021 -1.308764901 -0.665806260 0.082014873 -2.101156895 0.000000000
363 427 1780458799.664783478 0.470375975 -2.202315791 0.142638740 0.913312692 -1.306550411 -0.668811647 0.073404459 -2.102762359 0.000000000
364 428 1780458799.749269962 0.459722476 -2.207347473 0.141043019 0.910755399 -1.314046415 -0.670189811 0.060911388 -2.105071712 0.000000000
365 429 1780458799.816077232 0.449063288 -2.212513722 0.140087878 0.908060700 -1.321310038 -0.670933004 0.052939083 -2.106550035 0.000000000
366 430 1780458799.891792774 0.439800376 -2.216446857 0.139023978 0.906100610 -1.327057632 -0.672456796 0.041643109 -2.108685806 0.000000000
367 431 1780458799.965967655 0.431425896 -2.219110695 0.139001757 0.904081779 -1.330936942 -0.673860837 0.034628316 -2.110062364 0.000000000
368 432 1780458800.036648989 0.422669738 -2.223479861 0.138151021 0.902680310 -1.336612816 -0.674896047 0.024895950 -2.112070630 0.000000000
369 433 1780458800.118632555 0.414429221 -2.226902057 0.137309685 0.901332941 -1.341362180 -0.676459456 0.018514561 -2.113369074 0.000000000
370 434 1780458800.199012756 0.406808790 -2.231885643 0.135933589 0.901323478 -1.347149409 -0.677507764 0.008921655 -2.115228619 0.000000000
371 435 1780458800.266679525 0.398840676 -2.235408339 0.135033854 0.900273488 -1.351852030 -0.679006756 0.002513099 -2.116409406 0.000000000
372 436 1780458800.352540493 0.383702450 -2.242637789 0.133128246 0.894865444 -1.363241181 -0.678935030 -0.007118673 -2.118092016 0.000000000
373 437 1780458800.429686785 0.383702450 -2.242637789 0.133128246 0.898973070 -1.361027314 -0.681940920 -0.013551900 -2.119154593 0.000000000
374 438 1780458800.501797676 0.376703966 -2.244592646 0.132215877 0.898115111 -1.364160848 -0.684329707 -0.023218812 -2.120659523 0.000000000
375 439 1780458800.585223675 0.358675598 -2.252104456 0.128596944 0.890827084 -1.378077530 -0.685216945 -0.029674219 -2.121603415 0.000000000
376 440 1780458800.648816586 0.358675598 -2.252104456 0.128596944 0.895272667 -1.376012993 -0.688101639 -0.041027701 -2.123179058 0.000000000
377 441 1780458800.727751732 0.349086429 -2.256360040 0.126469465 0.893824854 -1.382804821 -0.689793280 -0.049125144 -2.124186459 0.000000000
378 442 1780458800.801491499 0.339634482 -2.259623769 0.125300848 0.891811697 -1.388336902 -0.691286320 -0.061291451 -2.125557522 0.000000000
379 443 1780458800.877497911 0.328661237 -2.265321900 0.123651290 0.889648046 -1.396533209 -0.691593914 -0.069414602 -2.126378045 0.000000000
380 444 1780458800.952654600 0.309245152 -2.271790747 0.122172862 0.880478985 -1.409393387 -0.690883856 -0.081615775 -2.127468298 0.000000000
381 445 1780458801.022195101 0.309245152 -2.271790747 0.122172862 0.884924533 -1.407329398 -0.693768979 -0.089759699 -2.128101311 0.000000000
382 446 1780458801.106870890 0.287298393 -2.281220377 0.119312232 0.875215076 -1.424173516 -0.692084444 -0.101988317 -2.128909889 0.000000000
383 447 1780458801.184327841 0.287298393 -2.281220377 0.119312232 0.879660619 -1.422109619 -0.694969633 -0.110148059 -2.129354872 0.000000000
384 448 1780458801.259795666 0.276857086 -2.284569759 0.117835426 0.876921545 -1.428330695 -0.696384789 -0.122396675 -2.129881076 0.000000000
385 449 1780458801.330806971 0.266896450 -2.286765331 0.116749564 0.873999603 -1.433320812 -0.698185876 -0.130567257 -2.130137616 0.000000000
386 450 1780458801.408136129 0.243853825 -2.294873669 0.112928455 0.863051788 -1.450301631 -0.697657650 -0.142828393 -2.130380914 0.000000000
387 451 1780458801.490646362 0.234146526 -2.298694542 0.112449253 0.860921655 -1.456318762 -0.697713024 -0.151004824 -2.130448714 0.000000000
388 452 1780458801.557567120 0.234146526 -2.298694542 0.112449253 0.865397598 -1.454681677 -0.700382035 -0.163270979 -2.130408741 0.000000000
389 453 1780458801.630595684 0.223535458 -2.303947799 0.110910679 0.863390542 -1.462672828 -0.700253115 -0.171448251 -2.130287614 0.000000000
390 454 1780458801.696920156 0.211238713 -2.307787805 0.108482234 0.859547169 -1.471070245 -0.701523896 -0.183711904 -2.129964177 0.000000000
391 455 1780458801.781568766 0.198554847 -2.311613652 0.106175682 0.855333045 -1.479576676 -0.702632260 -0.195970439 -2.129470640 0.000000000
392 456 1780458801.850065470 0.188288883 -2.315095323 0.104432286 0.852913151 -1.486326021 -0.703666440 -0.204138610 -2.129047127 0.000000000
393 457 1780458801.919652462 0.175981730 -2.318090925 0.102957557 0.848452692 -1.493615080 -0.704578577 -0.212302494 -2.128548044 0.000000000
394 458 1780458801.999184847 0.154821583 -2.322533772 0.100691751 0.837188349 -1.506697254 -0.704379763 -0.224538517 -2.127657782 0.000000000
395 459 1780458802.065286875 0.154821583 -2.322533772 0.100691751 0.841664242 -1.505060668 -0.707049127 -0.232688155 -2.126969899 0.000000000
396 460 1780458802.158863544 0.135184118 -2.326732392 0.100879420 0.831005548 -1.515786139 -0.705090593 -0.244899030 -2.125796622 0.000000000
397 461 1780458802.234294176 0.135184118 -2.326732392 0.100879420 0.835516546 -1.514426757 -0.707602317 -0.253029381 -2.124920212 0.000000000
398 462 1780458802.308124065 0.123073535 -2.330583366 0.099235372 0.831687811 -1.522507326 -0.707760791 -0.265207542 -2.123464415 0.000000000
399 463 1780458802.378195524 0.111064287 -2.334239169 0.097128574 0.827971880 -1.530672979 -0.708369414 -0.273313563 -2.122399868 0.000000000
400 464 1780458802.450263739 0.099192252 -2.336978993 0.095484144 0.823855168 -1.537903221 -0.709165500 -0.285451446 -2.120662225 0.000000000
401 465 1780458802.531498194 0.076839792 -2.340773917 0.092580695 0.811466562 -1.551713210 -0.709074964 -0.293528095 -2.119410047 0.000000000
402 466 1780458802.623446226 0.065615522 -2.342646722 0.091193438 0.807459199 -1.557901305 -0.710209145 -0.305618141 -2.117391406 0.000000000
403 467 1780458802.669544697 0.065615522 -2.342646722 0.091193438 0.811970114 -1.556542554 -0.712721325 -0.313660392 -2.115952194 0.000000000
404 468 1780458802.747870207 0.041345986 -2.348935537 0.088068598 0.799095735 -1.572969157 -0.710788515 -0.325715501 -2.113612358 0.000000000
405 469 1780458802.826475382 0.041345986 -2.348935537 0.088068598 0.803606634 -1.571610487 -0.713300753 -0.333753259 -2.111917028 0.000000000
406 470 1780458802.895146608 0.029486273 -2.352278096 0.086561456 0.799739851 -1.579082293 -0.713376926 -0.345808959 -2.109173482 0.000000000
407 471 1780458802.978537321 0.003886217 -2.357521612 0.082400333 0.785920705 -1.595894357 -0.712040470 -0.353844064 -2.107212207 0.000000000
408 472 1780458803.054323912 -0.008382965 -2.360667691 0.079806860 0.782300390 -1.603914247 -0.712501744 -0.365891340 -2.104074322 0.000000000
409 473 1780458803.134938955 -0.021022557 -2.363905072 0.077474745 0.778347008 -1.612010394 -0.712615253 -0.373917936 -2.101853089 0.000000000
410 474 1780458803.209223032 -0.021022557 -2.363905072 0.077474745 0.783298414 -1.610486813 -0.714688799 -0.385948216 -2.098329479 0.000000000
411 475 1780458803.297051907 -0.045105296 -2.365371677 0.073887750 0.768954263 -1.623801082 -0.715175498 -0.393960723 -2.095853800 0.000000000
412 476 1780458803.363868713 -0.045105296 -2.365371677 0.073887750 0.773905696 -1.622277738 -0.717249125 -0.405965830 -2.091952409 0.000000000
413 477 1780458803.449375629 -0.068868882 -2.368925072 0.069925161 0.760882652 -1.636957898 -0.716601853 -0.417952055 -2.087827914 0.000000000
414 478 1780458803.513633728 -0.068868882 -2.368925072 0.069925161 0.765834109 -1.635434720 -0.718675516 -0.425931021 -2.084955557 0.000000000
415 479 1780458803.593396187 -0.092605339 -2.369146110 0.065200272 0.751457450 -1.648478001 -0.720560023 -0.433899572 -2.081985891 0.000000000
416 480 1780458803.662310600 -0.092605339 -2.369146110 0.065200272 0.757539604 -1.648040946 -0.722704456 -0.445831155 -2.077350468 0.000000000
417 481 1780458803.735346556 -0.106373143 -2.371311512 0.061565766 0.753541722 -1.657860714 -0.724043397 -0.453770255 -2.074140556 0.000000000
418 482 1780458803.816813231 -0.128922654 -2.368570792 0.058320320 0.739615606 -1.668646164 -0.726705282 -0.465654073 -2.069147877 0.000000000
419 483 1780458803.880764484 -0.128922654 -2.368570792 0.058320320 0.745697590 -1.668210015 -0.728850316 -0.473558975 -2.065701805 0.000000000
420 484 1780458803.969335556 -0.158606203 -2.373079427 0.052272186 0.729599112 -1.688636167 -0.727705822 -0.485388028 -2.060357794 0.000000000
421 485 1780458804.040839672 -0.158606203 -2.373079427 0.052272186 0.735681001 -1.688200455 -0.729851170 -0.493254142 -2.056679378 0.000000000
422 486 1780458804.128933191 -0.180611989 -2.369453644 0.048069550 0.721965433 -1.698745303 -0.733595411 -0.505021646 -2.050989569 0.000000000
423 487 1780458804.200805664 -0.180611989 -2.369453644 0.048069550 0.728047257 -1.698309970 -0.735740976 -0.512844514 -2.047082379 0.000000000
424 488 1780458804.272366047 -0.194209758 -2.370237915 0.042848549 0.723824592 -1.708153638 -0.738854090 -0.524539135 -2.041053541 0.000000000
425 489 1780458804.368244171 -0.216208329 -2.367329497 0.040284823 0.710120241 -1.718081118 -0.740692405 -0.532271145 -2.036935822 0.000000000
426 490 1780458804.428138018 -0.216208329 -2.367329497 0.040284823 0.716202000 -1.717646130 -0.742838150 -0.543662641 -2.030653548 0.000000000
427 491 1780458804.513095140 -0.228120629 -2.350478470 0.039478111 0.704128551 -1.713130327 -0.753941800 -0.554834859 -2.024243562 0.000000000
428 492 1780458804.581192017 -0.245932165 -2.355093158 0.034089757 0.698013557 -1.727185726 -0.754070725 -0.562258613 -2.019867572 0.000000000
429 493 1780458804.664416790 -0.258969394 -2.353448259 0.029755977 0.692782139 -1.734488267 -0.758248046 -0.569663151 -2.015409578 0.000000000
430 494 1780458804.740859509 -0.275563268 -2.356968587 0.023750258 0.687291214 -1.747678653 -0.759669801 -0.580732581 -2.008569716 0.000000000
431 495 1780458804.816574097 -0.288449039 -2.355795817 0.021176244 0.682094995 -1.754068462 -0.762181412 -0.588086394 -2.003908465 0.000000000
432 496 1780458804.900542974 -0.303048873 -2.357561242 0.016124272 0.677286503 -1.764629588 -0.764306132 -0.599076896 -1.996765530 0.000000000
433 497 1780458804.964087963 -0.303048873 -2.357561242 0.016124272 0.683246484 -1.763978574 -0.766771627 -0.606376212 -1.991903407 0.000000000
434 498 1780458805.037153482 -0.322076269 -2.351702304 0.012532000 0.670665099 -1.771076097 -0.771572728 -0.617280689 -1.984464552 0.000000000
435 499 1780458805.126041889 -0.338259136 -2.351870706 0.008393632 0.663555153 -1.780816504 -0.773545273 -0.628100452 -1.976925245 0.000000000
436 500 1780458805.193120480 -0.338259136 -2.351870706 0.008393632 0.669515074 -1.780166018 -0.776010983 -0.635264175 -1.971846504 0.000000000
437 501 1780458805.277431726 -0.353451876 -2.340293159 0.003075392 0.657641817 -1.783118540 -0.786359551 -0.645960750 -1.964082848 0.000000000
438 502 1780458805.348567724 -0.353451876 -2.340293159 0.003075392 0.663601730 -1.782468348 -0.788825311 -0.653058273 -1.958810514 0.000000000
439 503 1780458805.427258730 -0.374885196 -2.349779207 0.004966296 0.655666493 -1.796329869 -0.779072900 -0.660128293 -1.953461294 0.000000000
440 504 1780458805.510716677 -0.374885196 -2.349779207 0.004966296 0.661965190 -1.797125157 -0.780478469 -0.670680487 -1.945293975 0.000000000
441 505 1780458805.579932690 -0.384765446 -2.347182680 0.002970493 0.658844330 -1.802274775 -0.782698408 -0.677679214 -1.939753872 0.000000000
442 506 1780458805.655927658 -0.393435316 -2.341097980 0.001833741 0.654878236 -1.804207658 -0.786717905 -0.688121760 -1.931301617 0.000000000
443 507 1780458805.732785940 -0.396741930 -2.332984971 0.003061263 0.654110891 -1.800887620 -0.791499340 -0.695045589 -1.925572463 0.000000000
444 508 1780458805.814399481 -0.406935201 -2.328655732 0.000879703 0.649865386 -1.805254210 -0.794774693 -0.705373092 -1.916837958 0.000000000
445 509 1780458805.892792225 -0.414167029 -2.322638463 -0.001303119 0.647286436 -1.807238015 -0.799795602 -0.712218433 -1.910921505 0.000000000
446 510 1780458805.974318981 -0.437693568 -2.317487060 -0.008872457 0.632016796 -1.820804125 -0.804224176 -0.722425519 -1.901907322 0.000000000
447 511 1780458806.044421911 -0.437693568 -2.317487060 -0.008872457 0.638314734 -1.821602001 -0.805631370 -0.732557778 -1.892726517 0.000000000
448 512 1780458806.116970539 -0.453889789 -2.314408737 -0.013667932 0.629922702 -1.831180512 -0.808417596 -0.739270094 -1.886513841 0.000000000
449 513 1780458806.190531731 -0.477398505 -2.308579912 -0.017678848 0.613796810 -1.841956143 -0.810418648 -0.745947722 -1.880227744 0.000000000
450 514 1780458806.272040606 -0.482522091 -2.301300050 -0.018483536 0.612135358 -1.841307631 -0.815627874 -0.755897873 -1.870661472 0.000000000
451 515 1780458806.343300819 -0.482522091 -2.301300050 -0.018483536 0.618433040 -1.842106284 -0.817035571 -0.762486276 -1.864192888 0.000000000
452 516 1780458806.429105043 -0.492482672 -2.294621179 -0.022771943 0.613393462 -1.846331197 -0.823127338 -0.772299897 -1.854353999 0.000000000
453 517 1780458806.500812054 -0.496777711 -2.288570149 -0.022537159 0.612591563 -1.846030490 -0.826846675 -0.778795482 -1.847704398 0.000000000
454 518 1780458806.578912973 -0.509145053 -2.284394357 -0.025527129 0.606290657 -1.852656575 -0.829586712 -0.788467170 -1.837595046 0.000000000
455 519 1780458806.645898104 -0.517277040 -2.280295074 -0.027999333 0.603553712 -1.857056809 -0.833013604 -0.798051092 -1.827324413 0.000000000
456 520 1780458806.722594500 -0.520069012 -2.271842824 -0.028292132 0.602828897 -1.855007373 -0.838973368 -0.804390644 -1.820388081 0.000000000
457 521 1780458806.786109209 -0.530323904 -2.267793303 -0.031109595 0.598344984 -1.860626786 -0.841980367 -0.810689731 -1.813380599 0.000000000
458 522 1780458806.862504721 -0.555245058 -2.259598454 -0.032029482 0.579067008 -1.869157111 -0.842000915 -0.820061203 -1.802736420 0.000000000
459 523 1780458806.941917658 -0.565362469 -2.252601812 -0.034818369 0.573146789 -1.872951875 -0.846777722 -0.829338314 -1.791933296 0.000000000
460 524 1780458807.014378548 -0.565362469 -2.252601812 -0.034818369 0.579124942 -1.874441048 -0.848061640 -0.835469642 -1.784643237 0.000000000
461 525 1780458807.089999914 -0.572852395 -2.246993184 -0.035809331 0.575940050 -1.876661770 -0.851356545 -0.841557543 -1.777283022 0.000000000
462 526 1780458807.161999226 -0.578759164 -2.242569237 -0.039120839 0.574950248 -1.880426899 -0.856061234 -0.850606651 -1.766111567 0.000000000
463 527 1780458807.248909473 -0.593268326 -2.230331193 -0.041304001 0.562459198 -1.882695367 -0.862177099 -0.859554651 -1.754783303 0.000000000
464 528 1780458807.323669910 -0.593268326 -2.230331193 -0.041304001 0.569279323 -1.884588653 -0.862584021 -0.865462794 -1.747144309 0.000000000
465 529 1780458807.399135590 -0.621694858 -2.220197793 -0.048167874 0.547442876 -1.897862107 -0.865671999 -0.871324468 -1.739436065 0.000000000
466 530 1780458807.479130745 -0.626397927 -2.208675367 -0.050854539 0.544438092 -1.896904703 -0.873659238 -0.880028490 -1.727744230 0.000000000
467 531 1780458807.546762705 -0.626397927 -2.208675367 -0.050854539 0.551257540 -1.898800017 -0.874067357 -0.885771266 -1.719863604 0.000000000
468 532 1780458807.624241114 -0.649861748 -2.193471390 -0.058948570 0.530951975 -1.907676573 -0.882396555 -0.894293993 -1.707913969 0.000000000
469 533 1780458807.695713043 -0.649861748 -2.193471390 -0.058948570 0.537771041 -1.909573007 -0.882805343 -0.899913922 -1.699861981 0.000000000
470 534 1780458807.765977859 -0.659288150 -2.183972763 -0.062360938 0.531866201 -1.912386728 -0.888505108 -0.908249371 -1.687656041 0.000000000
471 535 1780458807.842545509 -0.680016457 -2.167085752 -0.067104414 0.512596169 -1.916756790 -0.896027538 -0.913742424 -1.679433662 0.000000000
472 536 1780458807.912960052 -0.680016457 -2.167085752 -0.067104414 0.519414750 -1.918654615 -0.896437137 -0.921884485 -1.666972835 0.000000000
473 537 1780458807.984282017 -0.684098282 -2.159482930 -0.065828759 0.518609374 -1.917024449 -0.899196305 -0.927246540 -1.658580987 0.000000000
474 538 1780458808.062013626 -0.697050925 -2.150375051 -0.070205831 0.509969190 -1.922253175 -0.904059163 -0.935188959 -1.645866620 0.000000000
475 539 1780458808.138793468 -0.703915145 -2.141306982 -0.071835015 0.506236992 -1.922960290 -0.908859154 -0.940415797 -1.637306176 0.000000000
476 540 1780458808.212578297 -0.711443542 -2.131611936 -0.075262939 0.501718681 -1.924817629 -0.915092286 -0.948152163 -1.624339541 0.000000000
477 541 1780458808.284698248 -0.721081708 -2.125104877 -0.078499822 0.496911581 -1.930150144 -0.918097459 -0.953239454 -1.615611326 0.000000000
478 542 1780458808.359868050 -0.739847592 -2.104694156 -0.088671677 0.477308709 -1.936070125 -0.931352915 -0.960763180 -1.602393626 0.000000000
479 543 1780458808.438959122 -0.747368915 -2.095844211 -0.091892330 0.472962263 -1.939096679 -0.936401936 -0.968156083 -1.589025834 0.000000000
480 544 1780458808.507389069 -0.747368915 -2.095844211 -0.091892330 0.479545588 -1.941826589 -0.936380967 -0.973010781 -1.580030781 0.000000000
481 545 1780458808.578113317 -0.764725303 -2.075989599 -0.098074256 0.461081456 -1.944698709 -0.946669779 -0.977805484 -1.570969306 0.000000000
482 546 1780458808.647767067 -0.770868085 -2.067405254 -0.101284530 0.457983194 -1.947269995 -0.951939354 -0.984883390 -1.557252789 0.000000000
483 547 1780458808.729303598 -0.779668961 -2.057319534 -0.105220230 0.451864771 -1.950604281 -0.957663058 -0.991822004 -1.543387419 0.000000000
484 548 1780458808.794459343 -0.779668961 -2.057319534 -0.105220230 0.458447059 -1.953336510 -0.957643450 -0.996369054 -1.534061311 0.000000000
485 549 1780458808.882519960 -0.793878821 -2.033942238 -0.113777382 0.440622736 -1.954402180 -0.972563652 -1.000852219 -1.524669293 0.000000000
486 550 1780458808.965413332 -0.798657798 -2.021893394 -0.118578196 0.436730176 -1.955453680 -0.981405603 -1.007455403 -1.510457885 0.000000000
487 551 1780458809.033190250 -0.798657798 -2.021893394 -0.118578196 0.443311854 -1.958187220 -0.981386689 -1.011775279 -1.500901490 0.000000000
488 552 1780458809.112579584 -0.804345234 -2.011174900 -0.122909236 0.439344341 -1.960075703 -0.988716043 -1.018129614 -1.486443921 0.000000000
489 553 1780458809.189705133 -0.812889456 -2.000846217 -0.126318035 0.432837991 -1.963022207 -0.994082997 -1.022280933 -1.476723675 0.000000000
490 554 1780458809.268433809 -0.819652789 -1.990668925 -0.130518842 0.427896608 -1.965845174 -1.000555037 -1.028378362 -1.462020695 0.000000000
491 555 1780458809.348736763 -0.833443293 -1.971803012 -0.138605371 0.412348637 -1.969257084 -1.012241728 -1.032355645 -1.452137073 0.000000000
492 556 1780458809.430239916 -0.840419352 -1.962033012 -0.141751193 0.407394689 -1.971671423 -1.017569227 -1.038187777 -1.437189352 0.000000000
493 557 1780458809.503581047 -0.840419352 -1.962033012 -0.141751193 0.413632461 -1.974664507 -1.017566304 -1.043856553 -1.422095073 0.000000000
494 558 1780458809.585297585 -0.849704629 -1.952782343 -0.146461575 0.407075222 -1.979433219 -1.022771799 -1.047543388 -1.411950894 0.000000000
495 559 1780458809.649757385 -0.854603476 -1.944053412 -0.149522861 0.404371275 -1.981511282 -1.028134433 -1.051155202 -1.401741715 0.000000000
496 560 1780458809.729006052 -0.864128087 -1.934542977 -0.153985025 0.397430819 -1.986046172 -1.033138826 -1.056430065 -1.386306175 0.000000000
497 561 1780458809.800945282 -0.868545613 -1.922969382 -0.158522191 0.393480304 -1.987278202 -1.041332433 -1.059849909 -1.375934697 0.000000000
498 562 1780458809.875855923 -0.875603132 -1.910546146 -0.162766380 0.386852925 -1.988913188 -1.048735836 -1.064831954 -1.360255897 0.000000000
499 563 1780458809.951217890 -0.883126338 -1.896126417 -0.166368332 0.378668743 -1.989123997 -1.056595818 -1.068053269 -1.349722355 0.000000000
500 564 1780458810.027661562 -0.888831465 -1.885345413 -0.169717503 0.373647053 -1.990889236 -1.062834903 -1.072732407 -1.333800596 0.000000000
501 565 1780458810.101011276 -0.898092791 -1.875367685 -0.176339918 0.366177339 -1.996879013 -1.069511671 -1.075748292 -1.323105157 0.000000000
502 566 1780458810.178735018 -0.903207863 -1.863231099 -0.180036599 0.360812778 -1.997837509 -1.076940237 -1.080113897 -1.306940636 0.000000000
503 567 1780458810.246951818 -0.907861782 -1.851669217 -0.184275085 0.356133504 -1.999313187 -1.084585962 -1.082917076 -1.296083394 0.000000000
504 568 1780458810.329692125 -0.919274807 -1.829412094 -0.191671188 0.339690247 -1.999519737 -1.097731339 -1.086957933 -1.279676193 0.000000000
505 569 1780458810.409742117 -0.924339729 -1.817384292 -0.197193152 0.334347732 -2.001776831 -1.106325867 -1.089540716 -1.268657164 0.000000000
506 570 1780458810.483786583 -0.930265236 -1.805235256 -0.199736402 0.328242223 -2.002239960 -1.112458977 -1.093244953 -1.252007247 0.000000000
507 571 1780458810.563604593 -0.937634807 -1.795524134 -0.203779739 0.322358456 -2.005768730 -1.117668754 -1.096742130 -1.235229961 0.000000000
508 572 1780458810.634848833 -0.937634807 -1.795524134 -0.203779739 0.328194182 -2.009136234 -1.117626792 -1.098959193 -1.224045938 0.000000000
509 573 1780458810.700149536 -0.942952702 -1.785179020 -0.207032966 0.323574754 -2.010884086 -1.123412323 -1.101085197 -1.212936268 0.000000000
510 574 1780458810.782715321 -0.959887821 -1.763691758 -0.217017047 0.301925588 -2.014836723 -1.135017875 -1.104106542 -1.196550783 0.000000000
511 575 1780458810.845174551 -0.959887821 -1.763691758 -0.217017047 0.306849671 -2.017496986 -1.134776823 -1.106012784 -1.185906751 0.000000000
512 576 1780458810.921078444 -0.963620961 -1.752467701 -0.220449272 0.302009602 -2.017482430 -1.141550882 -1.108720098 -1.170521233 0.000000000
513 577 1780458810.997379780 -0.970177703 -1.743167361 -0.222952905 0.296054051 -2.019108495 -1.145351948 -1.111261510 -1.156025669 0.000000000
514 578 1780458811.083759069 -0.975873076 -1.736113052 -0.226014934 0.292098231 -2.022089044 -1.148667499 -1.112877047 -1.146960967 0.000000000
515 579 1780458811.139498949 -0.981821488 -1.725893965 -0.230824653 0.285969036 -2.024526358 -1.154811601 -1.114453862 -1.138433144 0.000000000
516 580 1780458811.225900412 -0.989489367 -1.710320305 -0.234877942 0.275257225 -2.023984581 -1.162513632 -1.116725375 -1.126383238 0.000000000
517 581 1780458811.296874523 -0.989489367 -1.710320305 -0.234877942 0.280179275 -2.026648293 -1.162274610 -1.118149163 -1.118361293 0.000000000
518 582 1780458811.383054733 -0.999126955 -1.692146853 -0.244525189 0.266031072 -2.029269722 -1.174387401 -1.120146208 -1.106300009 0.000000000
519 583 1780458811.445514679 -0.999126955 -1.692146853 -0.244525189 0.270219190 -2.032135978 -1.174497925 -1.121384930 -1.098241377 0.000000000
520 584 1780458811.531661510 -1.007041144 -1.676156241 -0.248035157 0.258247960 -2.031246839 -1.182054500 -1.123103702 -1.086128716 0.000000000
521 585 1780458811.599272013 -1.007041144 -1.676156241 -0.248035157 0.262435152 -2.034114279 -1.182165939 -1.124156484 -1.078038274 0.000000000
522 586 1780458811.677187681 -1.012136984 -1.668307229 -0.251096912 0.257635722 -2.036554165 -1.186279568 -1.125595750 -1.065881572 0.000000000
523 587 1780458811.749095678 -1.017279235 -1.658617349 -0.255305931 0.251592699 -2.038718132 -1.192129104 -1.126461824 -1.057764226 0.000000000
524 588 1780458811.830581427 -1.021705661 -1.650963099 -0.258527785 0.247402006 -2.041101557 -1.196502938 -1.127620516 -1.045570858 0.000000000
525 589 1780458811.909705877 -1.024863055 -1.641014317 -0.259972155 0.242896997 -2.040368395 -1.201362435 -1.128299224 -1.037431535 0.000000000
526 590 1780458811.978201151 -1.030935440 -1.631566310 -0.263705674 0.236245199 -2.042702586 -1.206203547 -1.129176437 -1.025208912 0.000000000
527 591 1780458812.052396297 -1.034747148 -1.626573310 -0.264070475 0.234334493 -2.044412310 -1.207361350 -1.129667231 -1.017052563 0.000000000
528 592 1780458812.143549919 -1.043332576 -1.610820764 -0.269129602 0.221684575 -2.044930703 -1.215125073 -1.130262224 -1.004808128 0.000000000
529 593 1780458812.220471621 -1.043332576 -1.610820764 -0.269129602 0.225388106 -2.047895437 -1.215170288 -1.130564666 -0.996639725 0.000000000
530 594 1780458812.298026085 -1.046776165 -1.603704583 -0.271096857 0.221827930 -2.049389127 -1.218599538 -1.130876867 -0.984380947 0.000000000
531 595 1780458812.370480061 -1.051358773 -1.594389746 -0.274881846 0.215853530 -2.051290450 -1.223872120 -1.130990630 -0.976205479 0.000000000
532 596 1780458812.447206259 -1.056817647 -1.584989750 -0.278573420 0.209136568 -2.053422593 -1.228665686 -1.131019634 -0.963939854 0.000000000
533 597 1780458812.536282778 -1.063376673 -1.567911788 -0.283434560 0.196644604 -2.052219636 -1.237583262 -1.130878595 -0.951673727 0.000000000
534 598 1780458812.599389315 -1.063376673 -1.567911788 -0.283434560 0.200345816 -2.055186930 -1.237630632 -1.130690077 -0.943497369 0.000000000
535 599 1780458812.681850910 -1.068467108 -1.555199338 -0.284525245 0.192025275 -2.053363088 -1.242286729 -1.130425956 -0.935322796 0.000000000
536 600 1780458812.763386250 -1.072921627 -1.544362608 -0.289702921 0.184975974 -2.055222111 -1.249212341 -1.129888030 -0.923066044 0.000000000
537 601 1780458812.833355188 -1.072921627 -1.544362608 -0.289702921 0.188675955 -2.058190720 -1.249260833 -1.129434932 -0.914899455 0.000000000
538 602 1780458812.910780668 -1.075727996 -1.536149871 -0.291788952 0.184817847 -2.058803710 -1.253433568 -1.128613615 -0.902658454 0.000000000
539 603 1780458812.987009287 -1.077307399 -1.528403200 -0.294321818 0.181956219 -2.059598790 -1.257956351 -1.127971668 -0.894504885 0.000000000
540 604 1780458813.065169811 -1.081563498 -1.518767583 -0.297608702 0.175751873 -2.060852560 -1.262572094 -1.126867241 -0.882287192 0.000000000
541 605 1780458813.145739794 -1.085856898 -1.509446303 -0.300971692 0.169695208 -2.062356509 -1.267039748 -1.126036690 -0.874151682 0.000000000
542 606 1780458813.214122534 -1.088847738 -1.501366959 -0.301762644 0.165693334 -2.062306168 -1.269694257 -1.124649608 -0.861964862 0.000000000
543 607 1780458813.286375999 -1.091390328 -1.493454173 -0.302354591 0.162152745 -2.062033989 -1.272327912 -1.123630813 -0.853852454 0.000000000
544 608 1780458813.369887114 -1.096629874 -1.475102526 -0.305326037 0.149597188 -2.058178645 -1.280226487 -1.121961704 -0.841704070 0.000000000
545 609 1780458813.439742327 -1.096629874 -1.475102526 -0.305326037 0.153112351 -2.061246784 -1.279949010 -1.120755146 -0.833619808 0.000000000
546 610 1780458813.503160238 -1.100675937 -1.466357879 -0.308128252 0.147606609 -2.062582231 -1.283711630 -1.118804816 -0.821517422 0.000000000
547 611 1780458813.585007429 -1.102349472 -1.455060844 -0.311965169 0.142107448 -2.062115179 -1.290604228 -1.117411088 -0.813466344 0.000000000
548 612 1780458813.663476944 -1.106492470 -1.446535878 -0.313993310 0.133228857 -2.060011421 -1.293874718 -1.115165330 -0.801409998 0.000000000
549 613 1780458813.733483553 -1.108964223 -1.435944517 -0.315860408 0.124296260 -2.055868410 -1.298856206 -1.113535700 -0.793372515 0.000000000
550 614 1780458813.807538748 -1.112321692 -1.425127239 -0.320375427 0.114216374 -2.053759653 -1.305384485 -1.110889529 -0.781316112 0.000000000
551 615 1780458813.890351295 -1.114264496 -1.404211134 -0.326846805 0.098438478 -2.046295225 -1.318743898 -1.108992418 -0.773279810 0.000000000
552 616 1780458813.959489822 -1.114264496 -1.404211134 -0.326846805 0.098438560 -2.046295156 -1.318743843 -1.105949701 -0.761229678 0.000000000
553 617 1780458814.038655043 -1.114778130 -1.394723528 -0.328717823 0.091693019 -2.042031752 -1.324230112 -1.103791220 -0.753200487 0.000000000
554 618 1780458814.115823507 -1.114683215 -1.385477763 -0.330160717 0.085616065 -2.037375642 -1.329612069 -1.100360745 -0.741165303 0.000000000
555 619 1780458814.190092564 -1.115301430 -1.375119512 -0.332454574 0.078176524 -2.032916191 -1.335752313 -1.097946518 -0.733148866 0.000000000
556 620 1780458814.254513025 -1.116667709 -1.364459998 -0.336012078 0.069819486 -2.029441898 -1.342551976 -1.094136385 -0.721136898 0.000000000
557 621 1780458814.332727432 -1.114348170 -1.356456803 -0.337679067 0.066192172 -2.024792464 -1.348670392 -1.091471601 -0.713138606 0.000000000
558 622 1780458814.409332037 -1.115274070 -1.345927531 -0.342040926 0.058149457 -2.021769646 -1.356215211 -1.087289302 -0.701157765 0.000000000
559 623 1780458814.489134073 -1.116990952 -1.335780309 -0.346566331 0.049736702 -2.019410457 -1.363289894 -1.084378767 -0.693182781 0.000000000
560 624 1780458814.550016642 -1.116781507 -1.326337860 -0.348825587 0.043516081 -2.015147676 -1.369408676 -1.079831248 -0.681240658 0.000000000
561 625 1780458814.636770964 -1.117416079 -1.313190258 -0.354329529 0.033859067 -2.011201463 -1.379141250 -1.075067727 -0.669325289 0.000000000
562 626 1780458814.705796242 -1.116199081 -1.302854112 -0.356909611 0.027780346 -2.006208845 -1.386427931 -1.071773150 -0.661397848 0.000000000
563 627 1780458814.790649652 -1.118930256 -1.280965460 -0.362615120 0.010877532 -1.997949426 -1.399280920 -1.068384201 -0.653484193 0.000000000
564 628 1780458814.861989737 -1.118930256 -1.280965460 -0.362615120 0.010877608 -1.997949363 -1.399280872 -1.063125185 -0.641641177 0.000000000
565 629 1780458814.950704575 -1.119397111 -1.259691957 -0.367095344 -0.003767623 -1.988307874 -1.412142013 -1.059502987 -0.633765207 0.000000000
566 630 1780458815.015370846 -1.119397111 -1.259691957 -0.367095344 -0.003767548 -1.988307812 -1.412141966 -1.053896860 -0.621982106 0.000000000
567 631 1780458815.097653866 -1.120320015 -1.238034509 -0.373115035 -0.019198431 -1.979672038 -1.426050316 -1.050045041 -0.614148308 0.000000000
568 632 1780458815.172008753 -1.120320015 -1.238034509 -0.373115035 -0.019198357 -1.979671977 -1.426050270 -1.044097107 -0.602431876 0.000000000
569 633 1780458815.249222040 -1.118804823 -1.228355224 -0.374977386 -0.024537951 -1.974465568 -1.432670997 -1.040023970 -0.594659132 0.000000000
570 634 1780458815.330013514 -1.116980336 -1.217085413 -0.377837157 -0.030796788 -1.968852589 -1.440907265 -1.033788584 -0.583155910 0.000000000
571 635 1780458815.398554802 -1.120442333 -1.205418705 -0.381420689 -0.041386027 -1.965633416 -1.447107462 -1.029572344 -0.575650831 0.000000000
572 636 1780458815.479061842 -1.117749126 -1.183549440 -0.387396673 -0.054223641 -1.955376215 -1.462957193 -1.023114488 -0.564491244 0.000000000
573 637 1780458815.550275087 -1.117749126 -1.183549440 -0.387396673 -0.054223570 -1.955376157 -1.462957149 -1.018706347 -0.557074939 0.000000000
574 638 1780458815.633441925 -1.113683552 -1.162382847 -0.392303992 -0.065438900 -1.944258061 -1.478424472 -1.011940807 -0.545987157 0.000000000
575 639 1780458815.702501774 -1.113683552 -1.162382847 -0.392303992 -0.065438829 -1.944258004 -1.478424430 -1.007328807 -0.538620647 0.000000000
576 640 1780458815.775246382 -1.112475387 -1.152389955 -0.394604156 -0.071267376 -1.939285432 -1.485346067 -1.000259316 -0.527610413 0.000000000
577 641 1780458815.848420858 -1.110191013 -1.141772119 -0.396755561 -0.076669598 -1.933396690 -1.493009182 -0.995445875 -0.520297488 0.000000000
578 642 1780458815.913880110 -1.108920864 -1.131405363 -0.398748096 -0.082653880 -1.927961762 -1.499915863 -0.988076014 -0.509370457 0.000000000
579 643 1780458815.990384817 -1.107592488 -1.120993786 -0.401265235 -0.088689426 -1.922835265 -1.507250158 -0.983075397 -0.502119680 0.000000000
580 644 1780458816.072394609 -1.102131955 -1.100115705 -0.405518153 -0.098584998 -1.910879662 -1.522836656 -0.975520544 -0.491326628 0.000000000
581 645 1780458816.153101683 -1.102131955 -1.100115705 -0.405518153 -0.098584930 -1.910879608 -1.522836617 -0.970411356 -0.484173029 0.000000000
582 646 1780458816.222484589 -1.099617593 -1.089745893 -0.408582029 -0.103768984 -1.905672895 -1.531158714 -0.962602267 -0.473492070 0.000000000
583 647 1780458816.304018021 -1.097767264 -1.078482815 -0.410144896 -0.109840333 -1.899165643 -1.538474239 -0.957299798 -0.466405245 0.000000000
584 648 1780458816.379849911 -1.095269948 -1.068683434 -0.411850250 -0.114497667 -1.893381576 -1.545547142 -0.949202257 -0.455827181 0.000000000
585 649 1780458816.456742287 -1.092252596 -1.057539140 -0.415536740 -0.119881123 -1.887928067 -1.554936855 -0.943708446 -0.448810767 0.000000000
586 650 1780458816.535977840 -1.089981791 -1.047008291 -0.417114466 -0.125165036 -1.881704797 -1.562140685 -0.935325296 -0.438341033 0.000000000
587 651 1780458816.616462708 -1.089117365 -1.035191055 -0.420188845 -0.132527555 -1.876295306 -1.570287821 -0.929641995 -0.431398642 0.000000000
588 652 1780458816.700111151 -1.082977675 -1.014460662 -0.425314713 -0.141926307 -1.864752112 -1.586784380 -0.920975953 -0.421042640 0.000000000
589 653 1780458816.762923479 -1.082977675 -1.014460662 -0.425314713 -0.141926243 -1.864752061 -1.586784344 -0.915104935 -0.414177865 0.000000000
590 654 1780458816.842370272 -1.080207408 -1.003474303 -0.428134309 -0.147284534 -1.858900773 -1.595350266 -0.906158598 -0.403940973 0.000000000
591 655 1780458816.927589893 -1.077193981 -0.994146340 -0.429914089 -0.151258202 -1.853244655 -1.602525020 -0.897045285 -0.393778125 0.000000000
592 656 1780458816.990645409 -1.075149066 -0.983878189 -0.431423480 -0.156534160 -1.847225266 -1.609440624 -0.890877410 -0.387044981 0.000000000
593 657 1780458817.076229334 -1.067197615 -0.963347695 -0.434855435 -0.164225118 -1.833910514 -1.625567337 -0.881487727 -0.377009829 0.000000000
594 658 1780458817.145966291 -1.067197615 -0.963347695 -0.434855435 -0.164225056 -1.833910465 -1.625567303 -0.875136385 -0.370363606 0.000000000
595 659 1780458817.216703415 -1.062370620 -0.952822286 -0.437603245 -0.167727254 -1.827457339 -1.634933515 -0.868712084 -0.363753154 0.000000000
596 660 1780458817.289955378 -1.057245416 -0.942562781 -0.439983652 -0.170786813 -1.820793232 -1.644066965 -0.858939352 -0.353905803 0.000000000
597 661 1780458817.363891125 -1.053583610 -0.931591897 -0.442927799 -0.175479137 -1.814675883 -1.653177216 -0.852333681 -0.347387293 0.000000000
598 662 1780458817.439269066 -1.048124299 -0.922858615 -0.444503388 -0.177200508 -1.808250903 -1.661196765 -0.842289971 -0.337680558 0.000000000
599 663 1780458817.516021967 -1.041995379 -0.912822336 -0.447022490 -0.179377304 -1.801410983 -1.670846286 -0.835504351 -0.331257597 0.000000000
600 664 1780458817.583915234 -1.036423639 -0.901957170 -0.449501552 -0.182503731 -1.794266553 -1.680563494 -0.825191747 -0.321696903 0.000000000
601 665 1780458817.662253618 -1.032602671 -0.890336688 -0.451892628 -0.187425535 -1.787312320 -1.689661110 -0.818227537 -0.315373122 0.000000000
602 666 1780458817.748882532 -1.027276982 -0.880309489 -0.454475587 -0.190209701 -1.780846615 -1.698935921 -0.807648034 -0.305963937 0.000000000
603 667 1780458817.831727743 -1.022295826 -0.870226793 -0.457099126 -0.193294380 -1.774514446 -1.708087078 -0.800506535 -0.299742996 0.000000000
604 668 1780458817.894407272 -1.016012114 -0.859644829 -0.459899197 -0.195742154 -1.767473425 -1.718272143 -0.789662039 -0.290490841 0.000000000
605 669 1780458817.975739002 -1.010106366 -0.849031076 -0.462457468 -0.198464691 -1.760400513 -1.728102493 -0.782344495 -0.284376441 0.000000000
606 670 1780458818.045650005 -1.005782480 -0.838761974 -0.465263065 -0.202187837 -1.754345907 -1.737130303 -0.771236831 -0.275286898 0.000000000
607 671 1780458818.114629507 -1.000255751 -0.827843225 -0.468131774 -0.205431932 -1.747453972 -1.747128803 -0.763744430 -0.269282786 0.000000000
608 672 1780458818.199497223 -0.993845248 -0.817838276 -0.470477307 -0.207354458 -1.740400291 -1.756785117 -0.752375342 -0.260361512 0.000000000
609 673 1780458818.263530016 -0.987630004 -0.807335437 -0.473648232 -0.209849563 -1.733688847 -1.767164149 -0.744709218 -0.254471486 0.000000000
610 674 1780458818.349672794 -0.980979634 -0.797002403 -0.475661322 -0.211761132 -1.726111604 -1.776858619 -0.733080370 -0.245724227 0.000000000
611 675 1780458818.429020166 -0.974917072 -0.785289468 -0.479427859 -0.215227334 -1.719136060 -1.788148486 -0.725241608 -0.239952148 0.000000000
612 676 1780458818.513488293 -0.962489510 -0.763447229 -0.484483339 -0.220597301 -1.704326517 -1.808370404 -0.713354585 -0.231384745 0.000000000
613 677 1780458818.584743738 -0.962489510 -0.763447229 -0.484483339 -0.220597247 -1.704326477 -1.808370377 -0.705344218 -0.225734545 0.000000000
614 678 1780458818.674273729 -0.950512756 -0.743019398 -0.489250409 -0.225357723 -1.690359400 -1.827494240 -0.689118545 -0.214584400 0.000000000
615 679 1780458818.727738380 -0.950512756 -0.743019398 -0.489250409 -0.225357670 -1.690359361 -1.827494214 -0.685019543 -0.211828640 0.000000000
616 680 1780458818.822533131 -0.936830477 -0.722738534 -0.493416332 -0.228662463 -1.675379763 -1.847002236 -0.672620632 -0.203638936 0.000000000
617 681 1780458818.889594316 -0.936830477 -0.722738534 -0.493416332 -0.228662411 -1.675379725 -1.847002211 -0.664269953 -0.198244609 0.000000000
618 682 1780458818.971086264 -0.931044665 -0.711292321 -0.495992392 -0.232014758 -1.667862822 -1.857170060 -0.651617181 -0.190253011 0.000000000
619 683 1780458819.051408052 -0.924921225 -0.700632597 -0.498679250 -0.234619180 -1.660762002 -1.867226925 -0.643097698 -0.184992864 0.000000000
620 684 1780458819.131966114 -0.917797283 -0.690017340 -0.501078758 -0.236404845 -1.653086606 -1.877575426 -0.630192356 -0.177205743 0.000000000
621 685 1780458819.207257748 -0.909903655 -0.678631666 -0.503614642 -0.238124989 -1.644726076 -1.888778826 -0.621504905 -0.172084079 0.000000000
622 686 1780458819.284317255 -0.902251310 -0.668612276 -0.505593476 -0.239074931 -1.636910142 -1.898822287 -0.608348212 -0.164507977 0.000000000
623 687 1780458819.361240149 -0.894380902 -0.657856478 -0.508152697 -0.240409046 -1.628956864 -1.909737669 -0.599493582 -0.159529217 0.000000000
624 688 1780458819.431510210 -0.886521511 -0.647639306 -0.510782276 -0.241412757 -1.621382771 -1.920447521 -0.586086684 -0.152170863 0.000000000
625 689 1780458819.508549452 -0.878551183 -0.635925584 -0.514617480 -0.243450793 -1.613681882 -1.932775891 -0.572530183 -0.144946472 0.000000000
626 690 1780458819.589586973 -0.870633426 -0.625584936 -0.516638577 -0.244413417 -1.605592726 -1.943136568 -0.563409587 -0.140205890 0.000000000
627 691 1780458819.661609888 -0.863702242 -0.616205366 -0.518175023 -0.245437979 -1.598153610 -1.952191298 -0.554222771 -0.135526743 0.000000000
628 692 1780458819.728232622 -0.856428279 -0.606408566 -0.519499495 -0.246446778 -1.590177723 -1.961465437 -0.540318611 -0.128624915 0.000000000
629 693 1780458819.815054893 -0.847575501 -0.596095469 -0.521930392 -0.246738881 -1.582007524 -1.972592137 -0.530966690 -0.124102778 0.000000000
630 694 1780458819.880155802 -0.840467066 -0.586315888 -0.523864644 -0.247938239 -1.574526527 -1.982210224 -0.516815325 -0.117440204 0.000000000
631 695 1780458819.954845905 -0.832781018 -0.577873060 -0.525126204 -0.247754887 -1.567161722 -1.991023529 -0.507298890 -0.113080104 0.000000000
632 696 1780458820.041334391 -0.825148453 -0.567613031 -0.527711695 -0.248951588 -1.559623239 -2.001604083 -0.492901169 -0.106664466 0.000000000
633 697 1780458820.108422756 -0.816215088 -0.557221561 -0.530580206 -0.249288782 -1.551672526 -2.013123133 -0.483220760 -0.102471622 0.000000000
634 698 1780458820.190478563 -0.808388634 -0.548426013 -0.531905308 -0.249235281 -1.544080571 -2.022218759 -0.468577453 -0.096310898 0.000000000
635 699 1780458820.260834455 -0.799832028 -0.538756396 -0.534427291 -0.249346776 -1.536482694 -2.032958277 -0.458733558 -0.092290736 0.000000000
636 700 1780458820.343186140 -0.790526713 -0.529071774 -0.537184230 -0.248933516 -1.528733650 -2.044261512 -0.443845354 -0.086393234 0.000000000
637 701 1780458820.414574146 -0.782400755 -0.519610538 -0.539271499 -0.249180133 -1.521138731 -2.054368900 -0.433838404 -0.082551408 0.000000000
638 702 1780458820.493528366 -0.773795017 -0.510689555 -0.540410600 -0.248596977 -1.513028086 -2.063793217 -0.418705909 -0.076925794 0.000000000
639 703 1780458820.562704802 -0.764745501 -0.501552544 -0.542659049 -0.247958885 -1.505366414 -2.074344329 -0.408536278 -0.073268209 0.000000000
640 704 1780458820.632287502 -0.755613733 -0.491619641 -0.545390805 -0.247833420 -1.497519821 -2.085654923 -0.398301668 -0.069686035 0.000000000
641 705 1780458820.716041088 -0.735990814 -0.472862583 -0.550487516 -0.245796565 -1.481697741 -2.108202115 -0.382828013 -0.064456377 0.000000000
642 706 1780458820.793044567 -0.735990814 -0.472862583 -0.550487516 -0.245796522 -1.481697711 -2.108202097 -0.369581676 -0.060188015 0.000000000
643 707 1780458820.877653599 -0.727528565 -0.466861482 -0.550690981 -0.243319146 -1.474774812 -2.115523345 -0.356999160 -0.056250864 0.000000000
644 708 1780458820.944302082 -0.718362716 -0.460024435 -0.552708251 -0.241080027 -1.468302216 -2.124899882 -0.348558979 -0.053690470 0.000000000
645 709 1780458821.018950701 -0.709011859 -0.454159524 -0.553511336 -0.237920948 -1.461512874 -2.133048873 -0.340077344 -0.051182237 0.000000000
646 710 1780458821.085648060 -0.700516853 -0.445660929 -0.556494617 -0.237381396 -1.454965709 -2.143543385 -0.327277189 -0.047518954 0.000000000
647 711 1780458821.166465759 -0.691366872 -0.438849062 -0.558051608 -0.235079893 -1.448199677 -2.152569571 -0.318691964 -0.045143670 0.000000000
648 712 1780458821.240979671 -0.681816315 -0.432104363 -0.559803008 -0.232457781 -1.441445392 -2.161911731 -0.305736458 -0.041682611 0.000000000
649 713 1780458821.313592196 -0.672872614 -0.421631423 -0.563228877 -0.232910107 -1.433822698 -2.173874118 -0.297671249 -0.039635313 0.000000000
650 714 1780458821.399483681 -0.664216013 -0.415935332 -0.564731506 -0.230253440 -1.427895539 -2.182086989 -0.287850805 -0.037178311 0.000000000
651 715 1780458821.473442078 -0.656663609 -0.411232895 -0.566276069 -0.227792766 -1.423046280 -2.189295830 -0.277977940 -0.034792755 0.000000000
652 716 1780458821.543627977 -0.649951248 -0.407821203 -0.566599304 -0.224977919 -1.418483289 -2.194592616 -0.271366906 -0.033242537 0.000000000
653 717 1780458821.622604370 -0.642495314 -0.402077588 -0.568831743 -0.223348632 -1.413512765 -2.202729156 -0.261406662 -0.030978142 0.000000000
654 718 1780458821.695792437 -0.630040456 -0.399147179 -0.571522344 -0.216195478 -1.408538923 -2.212478204 -0.254737366 -0.029509585 0.000000000
655 719 1780458821.763710499 -0.622530360 -0.392246349 -0.575314028 -0.215468940 -1.403912407 -2.222299982 -0.248044759 -0.028074200 0.000000000
656 720 1780458821.848808289 -0.615721802 -0.386512236 -0.576798576 -0.214226877 -1.398697541 -2.229559663 -0.237963230 -0.025983485 0.000000000
657 721 1780458821.936220884 -0.606683421 -0.379890845 -0.580997748 -0.212220002 -1.393901077 -2.240336240 -0.227877413 -0.023966830 0.000000000
658 722 1780458822.003762722 -0.599466891 -0.372252959 -0.584586322 -0.212164642 -1.388807423 -2.250202598 -0.221210178 -0.022663195 0.000000000
659 723 1780458822.082541466 -0.591390377 -0.367217230 -0.586470022 -0.209566975 -1.383776228 -2.258081455 -0.211347202 -0.020768062 0.000000000
660 724 1780458822.166208267 -0.583596629 -0.362853735 -0.588512697 -0.206768611 -1.379375841 -2.265615449 -0.204531178 -0.019549753 0.000000000
661 725 1780458822.237254858 -0.576464807 -0.355451676 -0.592288213 -0.206648482 -1.374587424 -2.275462502 -0.199580310 -0.018711178 0.000000000
662 726 1780458822.322389603 -0.569340555 -0.348711775 -0.595280691 -0.206007932 -1.369667425 -2.284435766 -0.192703268 -0.017552347 0.000000000
663 727 1780458822.398402214 -0.565569129 -0.344745058 -0.596241345 -0.205847456 -1.366394245 -2.288923741 -0.188106220 -0.016799152 0.000000000
664 728 1780458822.468229771 -0.559680576 -0.342619257 -0.597290251 -0.202915063 -1.363440996 -2.293716850 -0.181441750 -0.015691703 0.000000000
665 729 1780458822.548898458 -0.562218829 -0.337398956 -0.598906039 -0.208400056 -1.362409232 -2.295987292 -0.177340633 -0.014962072 0.000000000
666 730 1780458822.630959272 -0.556849011 -0.334888879 -0.600237294 -0.206142101 -1.359626194 -2.300892816 -0.171757425 -0.013875880 0.000000000
667 731 1780458822.698468924 -0.552744153 -0.332668507 -0.600633389 -0.204532217 -1.356890358 -2.304336713 -0.168444435 -0.013154309 0.000000000
668 732 1780458822.783484221 -0.550318018 -0.330201296 -0.602157478 -0.204488764 -1.355456349 -2.307834970 -0.163690086 -0.012087191 0.000000000
669 733 1780458822.861269474 -0.545118713 -0.330597127 -0.604651944 -0.200630855 -1.355300462 -2.312136622 -0.160516081 -0.011389349 0.000000000
670 734 1780458822.941876650 -0.539344575 -0.327015046 -0.608482420 -0.199075477 -1.353414960 -2.319544064 -0.155745156 -0.010356241 0.000000000
671 735 1780458823.013281345 -0.535548857 -0.323275179 -0.610243679 -0.198851353 -1.350817609 -2.324513936 -0.152560651 -0.009681812 0.000000000
672 736 1780458823.095469236 -0.534901924 -0.322904588 -0.609968099 -0.198568272 -1.350142484 -2.324823642 -0.147778435 -0.008692153 0.000000000
673 737 1780458823.160215616 -0.532672717 -0.322632884 -0.611527458 -0.197260846 -1.350143386 -2.327224776 -0.144586724 -0.008047054 0.000000000
674 738 1780458823.244732857 -0.529513396 -0.322152920 -0.610841155 -0.195103629 -1.348104238 -2.328592691 -0.139793930 -0.007101442 0.000000000
675 739 1780458823.315794468 -0.522522816 -0.320555395 -0.612868573 -0.191123540 -1.345695316 -2.334413940 -0.136598939 -0.006492418 0.000000000
676 740 1780458823.397243738 -0.520165859 -0.318443946 -0.615406315 -0.191030559 -1.345198971 -2.338438677 -0.131803791 -0.005605420 0.000000000
677 741 1780458823.481188297 -0.513586942 -0.317079010 -0.616620308 -0.187107871 -1.342540722 -2.343354516 -0.127002352 -0.004744331 0.000000000
678 742 1780458823.552142382 -0.511941002 -0.313830929 -0.616795690 -0.187985925 -1.340025587 -2.345843089 -0.123797943 -0.004184616 0.000000000
679 743 1780458823.632243395 -0.510189747 -0.312938828 -0.617097805 -0.187280276 -1.338982983 -2.347382276 -0.120590808 -0.003636341 0.000000000
680 744 1780458823.716913700 -0.503516281 -0.308948543 -0.619461517 -0.185125636 -1.335481929 -2.354392619 -0.115775056 -0.002835320 0.000000000
681 745 1780458823.781444550 -0.501249857 -0.307478643 -0.619682552 -0.184394479 -1.333825072 -2.356409160 -0.112561229 -0.002315525 0.000000000
682 746 1780458823.863382101 -0.494204033 -0.309337329 -0.620355826 -0.177971520 -1.332562126 -2.359680648 -0.107735572 -0.001557094 0.000000000
683 747 1780458823.944128513 -0.485440764 -0.307868944 -0.621139715 -0.172415577 -1.328662902 -2.365468002 -0.102904104 -0.000824096 0.000000000
684 748 1780458824.015678883 -0.481695057 -0.304704192 -0.622189395 -0.171768196 -1.325947295 -2.369633842 -0.099679945 -0.000349517 0.000000000
685 749 1780458824.100597858 -0.478624936 -0.302642644 -0.622253180 -0.170793474 -1.323498898 -2.372229041 -0.094839009 0.000341284 0.000000000
686 750 1780458824.173259735 -0.473901214 -0.297350317 -0.624934201 -0.170988081 -1.320214559 -2.379061707 -0.091608630 0.000787811 0.000000000
687 751 1780458824.260313988 -0.468569737 -0.296004332 -0.626317236 -0.168014345 -1.318188250 -2.383443515 -0.086758505 0.001436647 0.000000000
688 752 1780458824.324968100 -0.465604646 -0.294665426 -0.627528048 -0.166797185 -1.317005767 -2.386471848 -0.083522107 0.001855250 0.000000000
689 753 1780458824.412603617 -0.461843966 -0.289365153 -0.627415211 -0.167369892 -1.312193484 -2.390803398 -0.078663842 0.002461130 0.000000000
690 754 1780458824.479230881 -0.460336609 -0.285626127 -0.629140311 -0.168864757 -1.310497765 -2.394560815 -0.075422777 0.002850124 0.000000000
691 755 1780458824.560663700 -0.457718502 -0.285144969 -0.629721919 -0.167276094 -1.309544929 -2.396558967 -0.072179993 0.003227167 0.000000000
692 756 1780458824.629684448 -0.454338837 -0.283568482 -0.631575273 -0.165980994 -1.308490576 -2.400373866 -0.067312705 0.003770310 0.000000000
693 757 1780458824.705121040 -0.449050269 -0.282179517 -0.633297059 -0.163110077 -1.306687492 -2.404996590 -0.064065845 0.004117447 0.000000000
694 758 1780458824.784192085 -0.445787398 -0.281578032 -0.635418380 -0.161307607 -1.306454976 -2.408490182 -0.059192680 0.004615698 0.000000000
695 759 1780458824.865805864 -0.440809942 -0.277945821 -0.637527290 -0.160167546 -1.303682780 -2.414272116 -0.055942059 0.004932887 0.000000000
696 760 1780458824.940109015 -0.439690370 -0.275951038 -0.637021044 -0.160547379 -1.301673795 -2.415416063 -0.051063490 0.005386185 0.000000000
697 761 1780458825.015775204 -0.437496464 -0.273674721 -0.637463346 -0.160419180 -1.299708856 -2.417928645 -0.047809425 0.005673386 0.000000000
698 762 1780458825.102572203 -0.433659880 -0.275690276 -0.637626720 -0.156248545 -1.299490385 -2.419097763 -0.042925925 0.006081675 0.000000000
699 763 1780458825.166422844 -0.430219046 -0.272522230 -0.640708510 -0.156089454 -1.298287390 -2.424565916 -0.039668732 0.006338851 0.000000000
700 764 1780458825.244543314 -0.424558789 -0.269286172 -0.643831205 -0.154307261 -1.296173184 -2.431245418 -0.034780779 0.006702076 0.000000000
701 765 1780458825.318722486 -0.421105367 -0.269246092 -0.644764775 -0.151849043 -1.295390761 -2.433724205 -0.031520775 0.006929194 0.000000000
702 766 1780458825.399534225 -0.417355754 -0.268190878 -0.645636880 -0.149814994 -1.293830967 -2.436784177 -0.026628843 0.007247309 0.000000000
703 767 1780458825.477866173 -0.412873109 -0.264970173 -0.648143694 -0.148832400 -1.291780879 -2.442404037 -0.023366346 0.007444338 0.000000000
704 768 1780458825.545697212 -0.405969585 -0.263206944 -0.649622127 -0.144955551 -1.288930867 -2.447863072 -0.018470913 0.007717297 0.000000000
705 769 1780458825.626144409 -0.404312540 -0.261168459 -0.648925589 -0.144934630 -1.286547646 -2.449169309 -0.013573608 0.007963144 0.000000000
706 770 1780458825.693399906 -0.401946812 -0.258256461 -0.650107192 -0.145180498 -1.284633942 -2.452597113 -0.010307783 0.008111972 0.000000000
707 771 1780458825.775107145 -0.396969597 -0.257178444 -0.650554023 -0.142182593 -1.282272475 -2.455998683 -0.005407742 0.008312601 0.000000000
708 772 1780458825.842384815 -0.391216237 -0.256044118 -0.650256876 -0.138542370 -1.279053486 -2.459294632 -0.002140252 0.008431274 0.000000000
709 773 1780458825.910631180 -0.380198757 -0.252019644 -0.654374499 -0.133358289 -1.274974907 -2.469831556 0.001127814 0.008537877 0.000000000
710 774 1780458825.998604059 -0.377027632 -0.249295988 -0.655434890 -0.132860519 -1.272766540 -2.473502267 0.006030882 0.008675148 0.000000000
711 775 1780458826.065719843 -0.373483178 -0.246208391 -0.658147065 -0.132524799 -1.271317343 -2.478721402 0.009300167 0.008751567 0.000000000
712 776 1780458826.149182558 -0.366941655 -0.241776652 -0.660433594 -0.130744707 -1.267549195 -2.485813120 0.014204822 0.008843548 0.000000000
713 777 1780458826.214181423 -0.362639612 -0.241662527 -0.660965437 -0.127644206 -1.266103493 -2.488477789 0.017475004 0.008889766 0.000000000
714 778 1780458826.293517828 -0.357788576 -0.238856622 -0.663443945 -0.126112812 -1.264136460 -2.494075494 0.022380767 0.008936434 0.000000000
715 779 1780458826.381842375 -0.353925255 -0.235553563 -0.663750037 -0.125372230 -1.260780332 -2.497832772 0.027286962 0.008955906 0.000000000
716 780 1780458826.445508242 -0.353925255 -0.235553563 -0.663750037 -0.125372201 -1.260780316 -2.497832761 0.030557915 0.008953775 0.000000000
717 781 1780458826.528991461 -0.349802829 -0.233207925 -0.663717983 -0.123775889 -1.257668309 -2.501036628 0.035464448 0.008927907 0.000000000
718 782 1780458826.599227667 -0.343693202 -0.231593066 -0.664864837 -0.120359587 -1.255002455 -2.505777182 0.038735465 0.008895545 0.000000000
719 783 1780458826.670003653 -0.340948007 -0.231076618 -0.663957615 -0.118510052 -1.252957502 -2.506788814 0.041972863 0.008833374 0.000000000
720 784 1780458826.761974812 -0.332434889 -0.226766907 -0.665428475 -0.115062835 -1.247907192 -2.514260190 0.046846927 0.008707706 0.000000000
721 785 1780458826.818554401 -0.332434889 -0.226766907 -0.665428475 -0.115062807 -1.247907176 -2.514260179 0.050095926 0.008608386 0.000000000
722 786 1780458826.902674198 -0.335685883 -0.222146155 -0.664498988 -0.120376674 -1.245784703 -2.514055364 0.054968927 0.008436350 0.000000000
723 787 1780458826.985417366 -0.328414535 -0.222635551 -0.666978294 -0.114895366 -1.244836821 -2.519376639 0.058217404 0.008306540 0.000000000
724 788 1780458827.087596178 -0.323788903 -0.220783279 -0.668187867 -0.112758255 -1.242670395 -2.523503370 0.063090271 0.008089769 0.000000000
725 789 1780458827.173022032 -0.320741245 -0.216758847 -0.668094545 -0.113047315 -1.238933482 -2.526886404 0.067964467 0.007847932 0.000000000
726 790 1780458827.256143570 -0.317277347 -0.214033397 -0.668915414 -0.112299896 -1.236441588 -2.530537754 0.071215828 0.007674089 0.000000000
727 791 1780458827.345192194 -0.311952966 -0.213029372 -0.668998501 -0.108946779 -1.233735488 -2.533823759 0.076098853 0.007397782 0.000000000
728 792 1780458827.436536312 -0.307880710 -0.208807265 -0.668803194 -0.108578580 -1.229394353 -2.537756524 0.079361231 0.007206396 0.000000000
729 793 1780458827.518376350 -0.307394778 -0.205551746 -0.670211277 -0.110490989 -1.228188008 -2.540532228 0.082626801 0.007006879 0.000000000
730 794 1780458827.604609966 -0.300194918 -0.204157046 -0.670772061 -0.106037248 -1.224813279 -2.545314830 0.087523686 0.006684937 0.000000000
731 795 1780458827.690133333 -0.296563536 -0.201597210 -0.672353589 -0.105152771 -1.222874803 -2.549522080 0.092418651 0.006335802 0.000000000
732 796 1780458827.774706364 -0.291449462 -0.199874015 -0.672580021 -0.102440287 -1.219915918 -2.553136219 0.095680809 0.006087941 0.000000000
733 797 1780458827.855161905 -0.291235489 -0.196621575 -0.673402917 -0.104481755 -1.218420835 -2.555349439 0.098941985 0.005828000 0.000000000
734 798 1780458827.946724892 -0.287191842 -0.192282401 -0.672831829 -0.104163230 -1.213763028 -2.559052019 0.103831795 0.005415444 0.000000000
735 799 1780458828.020809650 -0.281838679 -0.189706834 -0.674738767 -0.102032751 -1.211341168 -2.564392621 0.108719104 0.004975722 0.000000000
736 800 1780458828.108294487 -0.276186368 -0.183426160 -0.675158671 -0.101880179 -1.205533875 -2.570542737 0.111975835 0.004667487 0.000000000
737 801 1780458828.164824486 -0.276186368 -0.183426160 -0.675158671 -0.101880155 -1.205533862 -2.570542728 0.115231326 0.004347186 0.000000000
738 802 1780458828.250688076 -0.273401874 -0.180652134 -0.672036612 -0.101178337 -1.200587938 -2.571033973 0.120112123 0.003844119 0.000000000
739 803 1780458828.329635859 -0.267084754 -0.177404477 -0.674510922 -0.098826912 -1.197757032 -2.577593875 0.123364286 0.003493670 0.000000000
740 804 1780458828.404236555 -0.263782867 -0.172957608 -0.675899472 -0.099384062 -1.194675687 -2.582368814 0.128239851 0.002945399 0.000000000
741 805 1780458828.473106146 -0.261902228 -0.170396302 -0.675793707 -0.099606631 -1.192289495 -2.584458032 0.131488365 0.002564826 0.000000000
742 806 1780458828.543188810 -0.259132301 -0.165560879 -0.675483872 -0.100600961 -1.188025037 -2.587918598 0.136358213 0.001971390 0.000000000
743 807 1780458828.620084763 -0.251042839 -0.162959803 -0.676106765 -0.096263312 -1.183601500 -2.593767556 0.139602754 0.001560722 0.000000000
744 808 1780458828.700566530 -0.246705467 -0.159731364 -0.675617488 -0.095017043 -1.179554276 -2.597164892 0.144466402 0.000922165 0.000000000
745 809 1780458828.767718792 -0.239733862 -0.159060081 -0.676011515 -0.090247399 -1.176596324 -2.601373264 0.147706648 0.000481432 0.000000000
746 810 1780458828.844226599 -0.235314701 -0.156613470 -0.676453507 -0.088552514 -1.173627594 -2.605118172 0.152563610 -0.000202197 0.000000000
747 811 1780458828.914888620 -0.230424384 -0.156096607 -0.676191613 -0.085168522 -1.171156289 -2.607705130 0.155799239 -0.000672961 0.000000000
748 812 1780458829.012220621 -0.225092959 -0.149139402 -0.679036537 -0.086000343 -1.166728920 -2.615744208 0.160649032 -0.001401609 0.000000000
749 813 1780458829.061970234 -0.225092959 -0.149139402 -0.679036537 -0.086000321 -1.166728908 -2.615744200 0.163879720 -0.001902367 0.000000000
750 814 1780458829.155698061 -0.219940296 -0.140070735 -0.677970799 -0.087835832 -1.158416357 -2.621864563 0.168721861 -0.002675976 0.000000000
751 815 1780458829.221690178 -0.219940296 -0.140070735 -0.677970799 -0.087835810 -1.158416346 -2.621864555 0.171567728 -0.003154874 0.000000000
752 816 1780458829.301697016 -0.216096534 -0.139429607 -0.677746978 -0.085325308 -1.156319206 -2.623994145 0.173990538 -0.003560728 0.000000000
753 817 1780458829.380803585 -0.214612645 -0.136546626 -0.678459411 -0.086157642 -1.154458684 -2.626614585 0.175601710 -0.003834435 0.000000000
754 818 1780458829.464746237 -0.213892772 -0.136574621 -0.677846957 -0.085519894 -1.153765077 -2.626535027 0.178017409 -0.004250602 0.000000000
755 819 1780458829.552363873 -0.214789305 -0.133069566 -0.676567487 -0.088295726 -1.151126800 -2.626780814 0.180431819 -0.004673495 0.000000000
756 820 1780458829.632466793 -0.212583523 -0.133157597 -0.674435926 -0.086308004 -1.148828356 -2.626353002 0.182040698 -0.004959158 0.000000000
757 821 1780458829.696016312 -0.209008983 -0.131602271 -0.672005266 -0.084311767 -1.144775007 -2.627183690 0.183648987 -0.005247807 0.000000000
758 822 1780458829.779696465 -0.210301355 -0.134122833 -0.669512817 -0.083344324 -1.145119631 -2.623553106 0.186060302 -0.005686380 0.000000000
759 823 1780458829.853595495 -0.207510321 -0.131330684 -0.670084324 -0.083115431 -1.142688824 -2.626707688 0.187667421 -0.005983164 0.000000000
760 824 1780458829.948527813 -0.201424418 -0.132439843 -0.669017652 -0.077679799 -1.140168625 -2.628580913 0.190078247 -0.006436558 0.000000000
761 825 1780458830.020477772 -0.201424418 -0.132439843 -0.669017652 -0.077679780 -1.140168615 -2.628580906 0.191685551 -0.006744287 0.000000000
762 826 1780458830.090532541 -0.202598808 -0.132236883 -0.666477336 -0.078374936 -1.138781525 -2.626242881 0.194096617 -0.007214059 0.000000000
763 827 1780458830.183121443 -0.199633310 -0.131806024 -0.665436889 -0.076287384 -1.136608123 -2.627233290 0.196507790 -0.007693618 0.000000000
764 828 1780458830.243018627 -0.199633310 -0.131806024 -0.665436889 -0.076287365 -1.136608114 -2.627233283 0.198115285 -0.008018746 0.000000000
765 829 1780458830.326264381 -0.199055157 -0.129088572 -0.663138067 -0.077315242 -1.133152799 -2.627145623 0.199722807 -0.008348203 0.000000000
766 830 1780458830.396014690 -0.194740480 -0.130625397 -0.662663831 -0.073012875 -1.132014129 -2.628327320 0.202134125 -0.008850486 0.000000000
767 831 1780458830.463665009 -0.197122708 -0.126463859 -0.662185432 -0.077432800 -1.130127399 -2.628683213 0.203729537 -0.009188642 0.000000000
768 832 1780458830.543187857 -0.195086552 -0.127483819 -0.661933147 -0.075208668 -1.129749213 -2.629083450 0.203832070 -0.009211046 0.000000000
769 833 1780458830.610090971 -0.191953447 -0.123181558 -0.662690041 -0.075719950 -1.126391381 -2.633250251 0.203832070 -0.009211046 0.000000000
770 834 1780458830.689827919 -0.192839047 -0.121778189 -0.661675514 -0.077164736 -1.125204275 -2.632715136 0.203832070 -0.009211046 0.000000000
771 835 1780458830.752315998 -0.193744617 -0.121122032 -0.661326110 -0.078226323 -1.124933634 -2.632299876 0.203832070 -0.009211046 0.000000000
772 836 1780458830.819355011 -0.194673359 -0.119817710 -0.659503908 -0.079537763 -1.123271071 -2.631116557 0.203832070 -0.009211046 0.000000000
773 837 1780458830.905176640 -0.195434579 -0.119512886 -0.658251807 -0.080149948 -1.122537012 -2.629964808 0.203832070 -0.009211046 0.000000000
774 838 1780458831.013990164 -0.196680344 -0.119623550 -0.657708839 -0.080948575 -1.122736399 -2.628877879 0.203832070 -0.009211046 0.000000000
775 839 1780458831.067645550 -0.198304492 -0.118401580 -0.657181990 -0.082894287 -1.122291973 -2.628225745 0.203832070 -0.009211046 0.000000000
776 840 1780458831.130736828 -0.200228047 -0.116728803 -0.655874492 -0.085257967 -1.121160911 -2.627067526 0.203832070 -0.009211046 0.000000000
777 841 1780458831.203561306 -0.202159805 -0.114845883 -0.654047983 -0.087697934 -1.119550431 -2.625630136 0.203832070 -0.009211046 0.000000000
778 842 1780458831.275683641 -0.203645819 -0.113166806 -0.652530888 -0.089709577 -1.118095022 -2.624551169 0.203832070 -0.009211046 0.000000000
779 843 1780458831.346662998 -0.203518101 -0.111046603 -0.650806322 -0.090763884 -1.115577211 -2.624364711 0.203832070 -0.009211046 0.000000000
780 844 1780458831.441493273 -0.204264202 -0.110309574 -0.650246937 -0.091731014 -1.115049258 -2.623918954 0.203832070 -0.009211046 0.000000000
781 845 1780458831.495290041 -0.206055615 -0.108061387 -0.648836124 -0.094353419 -1.113445141 -2.623022485 0.203832070 -0.009211046 0.000000000
782 846 1780458831.569259167 -0.206865016 -0.107467666 -0.648496174 -0.095303455 -1.113179918 -2.622634841 0.203832070 -0.009211046 0.000000000
783 847 1780458831.643283606 -0.208880516 -0.105546788 -0.647051678 -0.097879225 -1.111841847 -2.621445926 0.203832070 -0.009211046 0.000000000
784 848 1780458831.714591503 -0.210214234 -0.104101321 -0.645586144 -0.099631881 -1.110501753 -2.620374340 0.203832070 -0.009211046 0.000000000
785 849 1780458831.784629822 -0.211637174 -0.102380522 -0.645565871 -0.101811836 -1.110020309 -2.620421989 0.203832070 -0.009211046 0.000000000
786 850 1780458831.860803366 -0.211738897 -0.101750271 -0.644859023 -0.102205965 -1.109195420 -2.620154741 0.203832070 -0.009211046 0.000000000
787 851 1780458831.939403534 -0.213709777 -0.100479971 -0.644016169 -0.104404220 -1.108645632 -2.619118498 0.203832070 -0.009211046 0.000000000
788 852 1780458832.005968094 -0.214588285 -0.097852032 -0.643593009 -0.106708535 -1.107118101 -2.619580714 0.203832070 -0.009211046 0.000000000
789 853 1780458832.083268404 -0.215261426 -0.096271257 -0.642079506 -0.108044763 -1.105395863 -2.618879969 0.203832070 -0.009211046 0.000000000
790 854 1780458832.151190042 -0.217068160 -0.094375476 -0.640034970 -0.110371321 -1.103577732 -2.617356844 0.203832070 -0.009211046 0.000000000
791 855 1780458832.231570005 -0.217341587 -0.092884553 -0.638636014 -0.111362872 -1.101826668 -2.616903752 0.203832070 -0.009211046 0.000000000
792 856 1780458832.317868233 -0.218090450 -0.091356669 -0.637097889 -0.112718913 -1.100150277 -2.616121502 0.203832070 -0.009211046 0.000000000
793 857 1780458832.390724421 -0.217819257 -0.090640332 -0.635977988 -0.112835503 -1.098839522 -2.615791035 0.203832070 -0.009211046 0.000000000
794 858 1780458832.453237057 -0.219987757 -0.089154115 -0.634973639 -0.115301604 -1.098128222 -2.614636776 0.203832070 -0.009211046 0.000000000
795 859 1780458832.523476839 -0.220784987 -0.088555325 -0.634285879 -0.116201850 -1.097616879 -2.614008115 0.203832070 -0.009211046 0.000000000
796 860 1780458832.595544100 -0.221812380 -0.087858971 -0.633021978 -0.117265750 -1.096745062 -2.612891900 0.203832070 -0.009211046 0.000000000
797 861 1780458832.695360184 -0.223089922 -0.086376925 -0.631542230 -0.118997897 -1.095350334 -2.611856229 0.203832070 -0.009211046 0.000000000
798 862 1780458832.727969170 -0.223089922 -0.086376925 -0.631542230 -0.118997887 -1.095350329 -2.611856225 0.203832070 -0.009211046 0.000000000
799 863 1780458832.810732365 -0.224333983 -0.085644997 -0.629892349 -0.120199273 -1.094280353 -2.610367154 0.203832070 -0.009211046 0.000000000
800 864 1780458832.898959637 -0.225000376 -0.085077078 -0.629437083 -0.121010365 -1.093893963 -2.609958862 0.203832070 -0.009211046 0.000000000
801 865 1780458832.962952614 -0.226108248 -0.083333029 -0.627690974 -0.122750138 -1.092089379 -2.608941689 0.203832070 -0.009211046 0.000000000
802 866 1780458833.045039415 -0.226407366 -0.082139497 -0.626880445 -0.123643400 -1.090931869 -2.608759485 0.203832070 -0.009211046 0.000000000
803 867 1780458833.120423317 -0.227289447 -0.080416751 -0.625591582 -0.125257019 -1.089361893 -2.608177690 0.203832070 -0.009211046 0.000000000
804 868 1780458833.203677654 -0.229559490 -0.078350105 -0.624264176 -0.128133414 -1.088118601 -2.607008643 0.203832070 -0.009211046 0.000000000
805 869 1780458833.276687622 -0.231586073 -0.076511888 -0.622743614 -0.130654595 -1.086783055 -2.605720961 0.203832070 -0.009211046 0.000000000
806 870 1780458833.344339848 -0.233416999 -0.075953230 -0.621560357 -0.132245216 -1.086375044 -2.604182156 0.203832070 -0.009211046 0.000000000
807 871 1780458833.415744305 -0.234503838 -0.075287784 -0.620003109 -0.133296941 -1.085345183 -2.602810178 0.203832070 -0.009211046 0.000000000
808 872 1780458833.485445261 -0.236311724 -0.074027911 -0.618797589 -0.135319899 -1.084487478 -2.601593225 0.203832070 -0.009211046 0.000000000
809 873 1780458833.557707071 -0.237509651 -0.072799057 -0.617402319 -0.136839337 -1.083271879 -2.600541795 0.203832070 -0.009211046 0.000000000
810 874 1780458833.625643492 -0.238826821 -0.071706990 -0.616593579 -0.138434370 -1.082589016 -2.599786042 0.203832070 -0.009211046 0.000000000
811 875 1780458833.692755222 -0.240222966 -0.070106323 -0.615171155 -0.140339660 -1.081209604 -2.598785179 0.203832070 -0.009211046 0.000000000
812 876 1780458833.758504868 -0.240754641 -0.068492696 -0.614099089 -0.141646222 -1.079712437 -2.598489927 0.203832070 -0.009211046 0.000000000
813 877 1780458833.837038994 -0.242261507 -0.066809528 -0.613079175 -0.143738970 -1.078603378 -2.597758971 0.203832070 -0.009211046 0.000000000
814 878 1780458833.909909725 -0.243630191 -0.063796039 -0.611543374 -0.146520979 -1.076278672 -2.597347566 0.203832070 -0.009211046 0.000000000
815 879 1780458834.002657175 -0.245131031 -0.062314394 -0.610922204 -0.148529465 -1.075562349 -2.596812323 0.203832070 -0.009211046 0.000000000
816 880 1780458834.079183102 -0.246869500 -0.060683242 -0.608728091 -0.150614951 -1.073774634 -2.595094218 0.203832070 -0.009211046 0.000000000
817 881 1780458834.153354645 -0.247388507 -0.060425672 -0.608065908 -0.151088616 -1.073375108 -2.594469544 0.203832070 -0.009211046 0.000000000
818 882 1780458834.235528231 -0.248836153 -0.058740013 -0.607496602 -0.153195225 -1.072549081 -2.594093922 0.203832070 -0.009211046 0.000000000
819 883 1780458834.317512989 -0.250011063 -0.057011568 -0.606156121 -0.155026634 -1.071058791 -2.593325941 0.203832070 -0.009211046 0.000000000
820 884 1780458834.415991545 -0.250841980 -0.056758593 -0.605088899 -0.155681214 -1.070510946 -2.592246694 0.203832070 -0.009211046 0.000000000
821 885 1780458834.499742031 -0.250957052 -0.055795270 -0.603886426 -0.156237794 -1.069150206 -2.591771530 0.203832070 -0.009211046 0.000000000
822 886 1780458834.581522226 -0.252520544 -0.054657498 -0.602725692 -0.158003482 -1.068298309 -2.590656657 0.203832070 -0.009211046 0.000000000
823 887 1780458834.665808916 -0.253901788 -0.052927636 -0.601865800 -0.160051915 -1.067219671 -2.590127392 0.203832070 -0.009211046 0.000000000
824 888 1780458834.747272015 -0.254336964 -0.052045921 -0.601005549 -0.160840195 -1.066272219 -2.589694055 0.203832070 -0.009211046 0.000000000
825 889 1780458834.842961311 -0.254538304 -0.049478616 -0.598981519 -0.162393159 -1.063411458 -2.589329859 0.203832070 -0.009211046 0.000000000
826 890 1780458834.918943405 -0.255306872 -0.048186622 -0.597704096 -0.163644733 -1.062064543 -2.588614920 0.203832070 -0.009211046 0.000000000
827 891 1780458834.993537664 -0.257309574 -0.046096571 -0.595740042 -0.166254468 -1.060263026 -2.587138286 0.203832070 -0.009211046 0.000000000
828 892 1780458835.048439264 -0.258611264 -0.044169928 -0.594819382 -0.168362280 -1.058991293 -2.586698086 0.203832070 -0.009211046 0.000000000
829 893 1780458835.126368523 -0.260285575 -0.043025449 -0.593432308 -0.170187226 -1.058025208 -2.585366408 0.203832070 -0.009211046 0.000000000
830 894 1780458835.202315569 -0.260825854 -0.040917037 -0.592347519 -0.171817962 -1.056222837 -2.585287518 0.203832070 -0.009211046 0.000000000
831 895 1780458835.266870499 -0.261355983 -0.039614459 -0.591924333 -0.173004533 -1.055357875 -2.585314322 0.203832070 -0.009211046 0.000000000
832 896 1780458835.336335897 -0.262947420 -0.038020030 -0.590590902 -0.175064170 -1.054122190 -2.584273224 0.203832070 -0.009211046 0.000000000
833 897 1780458835.406284809 -0.264207778 -0.035458131 -0.588760696 -0.177435993 -1.051825887 -2.583496744 0.203832070 -0.009211046 0.000000000
834 898 1780458835.476627588 -0.265087064 -0.033312736 -0.587768018 -0.179357636 -1.050201320 -2.583325452 0.203832070 -0.009211046 0.000000000
835 899 1780458835.549107075 -0.266520944 -0.032359367 -0.586322732 -0.180870765 -1.049213968 -2.581987786 0.203832070 -0.009211046 0.000000000
836 900 1780458835.614348412 -0.268478392 -0.031733264 -0.584581373 -0.182529804 -1.048434164 -2.580014101 0.203832070 -0.009211046 0.000000000
837 901 1780458835.679826021 -0.270170346 -0.030347935 -0.582777525 -0.184470869 -1.047043858 -2.578486022 0.203832070 -0.009211046 0.000000000
838 902 1780458835.752587080 -0.271443160 -0.027829407 -0.582605307 -0.187033339 -1.045914007 -2.578873159 0.203832070 -0.009211046 0.000000000
839 903 1780458835.821959019 -0.272487404 -0.026327090 -0.581892059 -0.188699542 -1.044937374 -2.578518088 0.203832070 -0.009211046 0.000000000
840 904 1780458835.878529549 -0.273605003 -0.024196474 -0.580149638 -0.190696575 -1.042904887 -2.577678182 0.203832070 -0.009211046 0.000000000
841 905 1780458835.966822624 -0.274528779 -0.023690014 -0.579207104 -0.191600437 -1.042326300 -2.576758126 0.203832070 -0.009211046 0.000000000
842 906 1780458836.061420202 -0.276128922 -0.022340155 -0.578762161 -0.193620944 -1.041850707 -2.576236675 0.203832070 -0.009211046 0.000000000
843 907 1780458836.119403601 -0.277833335 -0.021494528 -0.577004796 -0.195228986 -1.040824476 -2.574484679 0.203832070 -0.009211046 0.000000000
844 908 1780458836.205407143 -0.279571832 -0.020083288 -0.575874731 -0.197306875 -1.039898589 -2.573428210 0.203832070 -0.009211046 0.000000000
845 909 1780458836.285472155 -0.280453687 -0.018792621 -0.574572496 -0.198639817 -1.038581330 -2.572636126 0.203832070 -0.009211046 0.000000000
