# node_id image_frame_id timestamp raw_x raw_y raw_z opt_x opt_y opt_z gt_x gt_y gt_z
0 64 1780458771.986382008 0.000148932 0.001719486 0.001266452 0.000148932 0.001719486 0.001266452 0.000000000 0.000000004 0.000000000
1 65 1780458772.049819946 0.000148932 0.001719486 0.001266452 0.000902580 0.000692527 0.001457161 0.000000000 0.000000004 0.000000000
2 66 1780458772.132023573 -0.001476761 0.003243353 0.000848975 0.000030947 0.001190091 0.001231178 0.000000000 0.000000004 0.000000000
3 67 1780458772.198467016 -0.002569638 0.004912439 0.000787041 -0.000306929 0.001833138 0.001360890 0.000000000 0.000000004 0.000000000
4 68 1780458772.282965183 -0.002589737 0.006120573 0.001180367 0.000428837 0.002014447 0.001944623 0.000000000 0.000000004 0.000000000
5 69 1780458772.357574701 -0.002589737 0.006120573 0.001180367 0.001182485 0.000987489 0.002135331 0.000000000 0.000000004 0.000000000
6 70 1780458772.442164660 -0.003921130 0.006499135 0.002400369 0.000609030 0.000342489 0.003549653 0.000000000 0.000000004 0.000000000
7 71 1780458772.532462120 -0.004363662 0.008444531 0.003120293 0.000927584 0.001262448 0.004460705 0.000000000 0.000000004 0.000000000
8 72 1780458772.605186224 -0.004363662 0.008444531 0.003120293 0.001681232 0.000235490 0.004651414 0.000000000 0.000000004 0.000000000
9 73 1780458772.685024738 -0.004552880 0.010397310 0.002099384 0.002247667 0.001161197 0.003820626 0.000000000 0.000000004 0.000000000
10 74 1780458772.776543617 -0.005124335 0.012147519 0.002488083 0.002438573 0.001886947 0.004401480 0.000000000 0.000000004 0.000000000
11 75 1780458772.856475592 -0.007096902 0.014258588 0.002794918 0.001230440 0.002979727 0.004908265 0.000000000 0.000000004 0.000000000
12 76 1780458772.940045118 -0.007028457 0.014510377 0.002538525 0.002052104 0.002203977 0.004841897 0.000000000 0.000000004 0.000000000
13 77 1780458773.005376101 -0.006970537 0.015065987 0.003159603 0.002870753 0.001733004 0.005652644 0.000000000 0.000000004 0.000000000
14 78 1780458773.085057020 -0.006840910 0.015753022 0.003552527 0.003760733 0.001392819 0.006234464 0.000000000 0.000000004 0.000000000
15 79 1780458773.160506487 -0.006840910 0.015753022 0.003552527 0.004514382 0.000365861 0.006425173 0.000000000 0.000000004 0.000000000
16 80 1780458773.230401993 -0.006769123 0.016842307 0.003081133 0.005342738 0.000427061 0.006142344 0.000000000 0.000000004 0.000000000
17 81 1780458773.296576023 -0.007193298 0.017066771 0.002485419 0.005668338 -0.000373412 0.005740884 0.000000000 0.000000004 0.000000000
18 82 1780458773.367822409 -0.008488531 0.018229589 0.002585179 0.005136221 -0.000228046 0.006041996 0.000000000 0.000000004 0.000000000
19 83 1780458773.444726467 -0.007999908 0.018146455 0.001083329 0.006362420 -0.001344337 0.004726075 0.000000000 0.000000004 0.000000000
20 84 1780458773.529570818 -0.008162796 0.019041894 0.001111118 0.006960730 -0.001474520 0.004944711 0.000000000 0.000000004 0.000000000
21 85 1780458773.585962296 -0.008162796 0.019041894 0.001111118 0.007714379 -0.002501477 0.005135420 0.001449946 0.000000004 0.000000000
22 86 1780458773.671199083 -0.007251970 0.019883622 0.001037856 0.009385388 -0.002695033 0.005240305 0.004449946 0.000000004 0.000000000
23 87 1780458773.755739212 -0.006251490 0.020648486 0.003248675 0.011174250 -0.002962151 0.007627527 0.007799891 0.000000004 0.000000000
24 88 1780458773.831255198 -0.006456922 0.022302605 0.002726932 0.011731823 -0.002334142 0.007295582 0.013799891 0.000000004 0.000000000
25 89 1780458773.906966686 -0.004827384 0.022237503 0.002487542 0.014110835 -0.003443379 0.007224833 0.019049837 0.000000004 0.000000000
26 90 1780458773.980314493 -0.002349889 0.024931162 0.001299007 0.017353259 -0.001805898 0.006185441 0.028049836 0.000000004 0.000000000
27 91 1780458774.059134483 0.001062497 0.027164207 -0.000647141 0.021514532 -0.000642291 0.004374186 0.034049836 0.000000004 0.000000000
28 92 1780458774.131057024 0.004453541 0.028288705 -0.002725798 0.025639508 -0.000588851 0.002431502 0.043049836 0.000000004 0.000000000
29 93 1780458774.209062576 0.005546013 0.029179100 -0.003009155 0.027491463 -0.000739213 0.002319093 0.049049836 0.000000004 0.000000000
30 94 1780458774.281400919 0.006412392 0.028950165 -0.005587215 0.029065885 -0.002012469 -0.000081545 0.058053980 -0.000003124 0.000000000
31 95 1780458774.352804184 0.008831317 0.027811970 -0.006053318 0.032215469 -0.004209640 -0.000394844 0.064094605 -0.000034222 0.000000000
32 96 1780458774.426659346 0.015094916 0.027830671 -0.002967569 0.039285967 -0.005291927 0.002770622 0.073231062 -0.000141489 0.000000000
33 97 1780458774.507883787 0.017163127 0.028265890 -0.003780291 0.042098356 -0.005914151 0.002109753 0.079347212 -0.000249436 0.000000000
34 98 1780458774.574434519 0.022803158 0.030137208 -0.006135213 0.048472297 -0.005155950 -0.000165889 0.088351345 -0.000505512 0.000000000
35 99 1780458774.661014080 0.033258374 0.023714761 -0.006826265 0.059572403 -0.012757655 -0.000847171 0.096967252 -0.000858139 0.000000000
36 100 1780458774.738498926 0.040075114 0.027042022 -0.004950877 0.067227310 -0.010553150 0.001071499 0.102593471 -0.001176570 0.000000000
37 101 1780458774.807844162 0.044115296 0.029860408 -0.004554699 0.072070771 -0.008822470 0.001565684 0.108162396 -0.001550913 0.000000000
38 102 1780458774.882442713 0.050995386 0.028078525 -0.004126137 0.079683378 -0.011737525 0.002046390 0.116386094 -0.002237976 0.000000000
39 103 1780458774.955767393 0.053920400 0.031812910 -0.003248773 0.083439771 -0.009074716 0.003037185 0.121817184 -0.002756498 0.000000000
40 104 1780458775.028476954 0.063460919 0.031094989 -0.003570960 0.093711325 -0.010977950 0.002696714 0.129957458 -0.003572007 0.000000000
41 105 1780458775.097889185 0.068330237 0.034725318 -0.005742857 0.099343767 -0.008465047 0.000591066 0.135323417 -0.004185475 0.000000000
42 106 1780458775.171014309 0.076406621 0.034693494 -0.006235369 0.108158297 -0.009665351 0.000100986 0.143293894 -0.005204278 0.000000000
43 107 1780458775.248409748 0.083547983 0.032256994 -0.004532074 0.116048076 -0.013248597 0.001833676 0.148560823 -0.005946792 0.000000000
44 108 1780458775.339987516 0.094485798 0.030709236 -0.006726505 0.127652673 -0.016029361 -0.000430741 0.156403187 -0.007148917 0.000000000
45 109 1780458775.402068138 0.094485798 0.030709236 -0.006726505 0.128406306 -0.017056330 -0.000240029 0.161596517 -0.008007612 0.000000000
46 110 1780458775.480931044 0.108541556 0.029487442 -0.008252209 0.143146357 -0.019576568 -0.001929502 0.169343468 -0.009376152 0.000000000
47 111 1780458775.558285236 0.113212847 0.028714385 -0.009765198 0.148514184 -0.021472658 -0.003370214 0.174481890 -0.010341095 0.000000000
48 112 1780458775.633851051 0.118421754 0.032610116 -0.008710508 0.154578457 -0.018702968 -0.002282704 0.182157347 -0.011862964 0.000000000
49 113 1780458775.721578598 0.123276730 0.031077213 -0.008565446 0.160157640 -0.021359439 -0.002072622 0.189797900 -0.013472326 0.000000000
50 114 1780458775.796569824 0.129177127 0.032582638 -0.008563681 0.166838813 -0.021002142 -0.002052254 0.194875580 -0.014591624 0.000000000
51 115 1780458775.865797758 0.135136050 0.029102287 -0.008202926 0.173485793 -0.025631471 -0.001653763 0.202470125 -0.016338986 0.000000000
52 116 1780458775.939013243 0.138772487 0.029212023 -0.006426668 0.177927668 -0.026618223 0.000206088 0.207520663 -0.017547963 0.000000000
53 117 1780458776.016699314 0.144047142 0.033912677 -0.005720581 0.184074493 -0.023056705 0.000922004 0.212574792 -0.018797837 0.000000000
54 118 1780458776.092940569 0.151591912 0.034119588 -0.006453376 0.192349889 -0.024046389 0.000150992 0.222428816 -0.021368495 0.000000000
55 119 1780458776.163348913 0.162109814 0.033419784 -0.007403597 0.203568801 -0.026013164 -0.000928505 0.229117480 -0.023168105 0.000000000
56 120 1780458776.244254112 0.171495250 0.031152931 -0.008456732 0.213616284 -0.029525314 -0.002072775 0.239132712 -0.025972464 0.000000000
57 121 1780458776.314574718 0.177069173 0.031282083 -0.005327724 0.220042882 -0.030537368 0.001066346 0.245798599 -0.027910850 0.000000000
58 122 1780458776.400138855 0.184525945 0.028786999 -0.004216603 0.228225215 -0.034228947 0.002138888 0.255781341 -0.030920607 0.000000000
59 123 1780458776.492808104 0.193653229 0.029042851 -0.004097138 0.238108544 -0.035218003 0.002145122 0.265745672 -0.034051211 0.000000000
60 124 1780458776.551643610 0.193653229 0.029042851 -0.004097138 0.237595985 -0.036694593 0.001894568 0.272378539 -0.036204637 0.000000000
61 125 1780458776.625902176 0.212225612 0.027828758 -0.004690642 0.255589976 -0.039841712 0.000428918 0.279003481 -0.038410625 0.000000000
62 126 1780458776.704427004 0.221188426 0.026042606 -0.003852486 0.264017394 -0.043320002 0.000721258 0.288926000 -0.041817326 0.000000000
63 127 1780458776.775471687 0.230470924 0.028883119 -0.002294853 0.272902103 -0.042178742 0.001694444 0.295531147 -0.044152960 0.000000000
64 128 1780458776.855610371 0.240499249 0.025880454 -0.002509955 0.282327508 -0.046906743 0.000901204 0.305423876 -0.047752295 0.000000000
65 129 1780458776.935988188 0.247861385 0.025589879 -0.000409609 0.289235870 -0.048847737 0.002497527 0.315298449 -0.051465572 0.000000000
66 130 1780458777.000352621 0.247861385 0.025589879 -0.000409609 0.288723297 -0.050324322 0.002246972 0.321871219 -0.054003850 0.000000000
67 131 1780458777.069314241 0.265786786 0.020567656 0.002355192 0.306090667 -0.057260109 0.004162377 0.328435641 -0.056591949 0.000000000
68 132 1780458777.148575544 0.274779660 0.020097255 0.003495880 0.314590777 -0.059429089 0.004740201 0.338266295 -0.060566858 0.000000000
69 133 1780458777.225729227 0.286856769 0.019051203 0.003358382 0.326112820 -0.062257958 0.003933995 0.344809177 -0.063278173 0.000000000
70 134 1780458777.298872948 0.291711084 0.016247815 0.006152783 0.330477825 -0.066649211 0.006318932 0.354601476 -0.067425898 0.000000000
71 135 1780458777.371915579 0.303833677 0.014486216 0.006418738 0.342041033 -0.070195204 0.005914012 0.361109195 -0.070233505 0.000000000
72 136 1780458777.447432280 0.311960106 0.015355334 0.008411478 0.349740182 -0.071003479 0.007362249 0.370866324 -0.074526142 0.000000000
73 137 1780458777.530256748 0.322854968 0.014245706 0.011275834 0.360186004 -0.073858612 0.009590912 0.377443411 -0.077380497 0.000000000
74 138 1780458777.613943577 0.333888654 0.011613306 0.014079571 0.370729538 -0.078240953 0.011759264 0.387225641 -0.081814362 0.000000000
75 139 1780458777.677584171 0.342582059 0.011610712 0.015423909 0.379151742 -0.080080994 0.012611817 0.393693655 -0.084871699 0.000000000
76 140 1780458777.764911652 0.350867275 0.010209063 0.016835577 0.387132581 -0.083310147 0.013550861 0.403325627 -0.089603280 0.000000000
77 141 1780458777.824879885 0.350867275 0.010209063 0.016835577 0.386821507 -0.084927565 0.013372442 0.409703132 -0.092851681 0.000000000
78 142 1780458777.996729612 0.365261287 0.006326689 0.017076420 0.400797070 -0.090803882 0.012925574 0.425506171 -0.101271753 0.000000000
79 143 1780458778.032529831 0.365261287 0.006326689 0.017076420 0.400485992 -0.092421299 0.012747154 0.425506171 -0.101271753 0.000000000
80 144 1780458778.123182535 0.382851821 0.002869894 0.017559846 0.417673660 -0.097960527 0.012416725 0.434877192 -0.106513171 0.000000000
81 145 1780458778.182348251 0.382851821 0.002869894 0.017559846 0.417362576 -0.099577944 0.012238305 0.441006323 -0.110056698 0.000000000
82 146 1780458778.275707245 0.398986723 0.000304336 0.018024620 0.433118129 -0.104192017 0.011932573 0.452993875 -0.117250028 0.000000000
83 147 1780458778.333076239 0.398986723 0.000304336 0.018024620 0.432807039 -0.105809432 0.011754153 0.455974489 -0.119083383 0.000000000
84 148 1780458778.414452791 0.416972502 -0.003700361 0.020540549 0.450449405 -0.111910090 0.013427619 0.464882927 -0.124668013 0.000000000
85 149 1780458778.506973505 0.425921985 -0.008884966 0.022091893 0.458996464 -0.118949241 0.014481212 0.473743279 -0.130377527 0.000000000
86 150 1780458778.562101603 0.425921985 -0.008884966 0.022091893 0.458685365 -0.120566654 0.014302791 0.479624699 -0.134251979 0.000000000
87 151 1780458778.648058414 0.436892986 -0.011890624 0.025307739 0.469374446 -0.125480466 0.016929406 0.488409216 -0.140164792 0.000000000
88 152 1780458778.718506575 0.445957529 -0.014429789 0.023420387 0.477975049 -0.129891820 0.014525959 0.494241130 -0.144173053 0.000000000
89 153 1780458778.794262886 0.452662708 -0.016947921 0.024549139 0.484335904 -0.134208880 0.015225776 0.500048673 -0.148221454 0.000000000
90 154 1780458778.860530853 0.452662708 -0.016947921 0.024549139 0.483935369 -0.135562618 0.014879072 0.508692046 -0.154313048 0.000000000
91 155 1780458778.941008806 0.469476001 -0.023911460 0.026101429 0.500195679 -0.144343014 0.015453315 0.514424284 -0.158423858 0.000000000
92 156 1780458779.014957666 0.476399665 -0.027352243 0.027237768 0.506659159 -0.149327681 0.015983504 0.522985945 -0.164685426 0.000000000
93 157 1780458779.084621191 0.483208292 -0.030845474 0.028370296 0.513005722 -0.154362583 0.016513306 0.528669379 -0.168922828 0.000000000
94 158 1780458779.172230482 0.488029675 -0.032996798 0.027547401 0.517327306 -0.158005962 0.015161548 0.539977380 -0.177547777 0.000000000
95 159 1780458779.235257626 0.488029675 -0.032996798 0.027547401 0.516926762 -0.159359697 0.014814842 0.542792078 -0.179735085 0.000000000
96 160 1780458779.317421675 0.504743793 -0.043237563 0.026401568 0.532881649 -0.171432531 0.012693718 0.551206350 -0.186371133 0.000000000
97 161 1780458779.396055460 0.511848151 -0.047657287 0.028435421 0.539531740 -0.177403717 0.014110537 0.559575578 -0.193117720 0.000000000
98 162 1780458779.458059549 0.511848151 -0.047657287 0.028435421 0.539131189 -0.178757450 0.013763831 0.565129751 -0.197676506 0.000000000
99 163 1780458779.538577080 0.530310769 -0.053491398 0.031295226 0.557117304 -0.186472841 0.015548617 0.573422590 -0.204605765 0.000000000
100 164 1780458779.615774632 0.530310769 -0.053491398 0.031295226 0.556716749 -0.187826573 0.015201910 0.578925233 -0.209285719 0.000000000
101 165 1780458779.691077471 0.545515665 -0.060370437 0.037425436 0.571551589 -0.196487776 0.020384481 0.584406904 -0.214013810 0.000000000
102 166 1780458779.765470266 0.549079676 -0.062721029 0.040575379 0.574770897 -0.200288605 0.023047399 0.592589587 -0.221195833 0.000000000
103 167 1780458779.849534750 0.554557690 -0.065664454 0.043596183 0.579879163 -0.204739460 0.025503951 0.598017822 -0.226043526 0.000000000
104 168 1780458779.914683342 0.554557690 -0.065664454 0.043596183 0.579471721 -0.206100777 0.025152594 0.606119239 -0.233404180 0.000000000
105 169 1780458780.005732298 0.568639794 -0.071955744 0.046586603 0.593065048 -0.214164720 0.027226466 0.614170784 -0.240871307 0.000000000
106 170 1780458780.072388887 0.568639794 -0.071955744 0.046586603 0.592657603 -0.215526035 0.026875108 0.619510340 -0.245908304 0.000000000
107 171 1780458780.150377512 0.579142016 -0.080193466 0.051682073 0.602703886 -0.225428398 0.031202482 0.624827084 -0.250992256 0.000000000
108 172 1780458780.230056047 0.586353444 -0.083488084 0.054967095 0.609536638 -0.230295623 0.033840876 0.632758842 -0.258705926 0.000000000
109 173 1780458780.299948931 0.586353444 -0.083488084 0.054967095 0.609129187 -0.231656937 0.033489516 0.638017376 -0.263906673 0.000000000
110 174 1780458780.381835938 0.600338741 -0.093159856 0.057296316 0.622490468 -0.243111093 0.034902638 0.645860540 -0.271794914 0.000000000
111 175 1780458780.461467505 0.603553262 -0.095062610 0.060190064 0.625357769 -0.246468674 0.037311400 0.651059148 -0.277111639 0.000000000
112 176 1780458780.528468847 0.603553262 -0.095062610 0.060190064 0.624950314 -0.247829985 0.036960038 0.658811109 -0.285173259 0.000000000
113 177 1780458780.622518778 0.616137236 -0.104577643 0.061945394 0.636888409 -0.259091778 0.037850114 0.666507071 -0.293338361 0.000000000
114 178 1780458780.698823452 0.622833539 -0.108878908 0.062898208 0.643074298 -0.264960898 0.038174470 0.671606124 -0.298839057 0.000000000
115 179 1780458780.769212008 0.622833539 -0.108878908 0.062898208 0.642666838 -0.266322208 0.037823107 0.676679567 -0.304385456 0.000000000
116 180 1780458780.846187115 0.632744646 -0.121274865 0.064627354 0.651839771 -0.280384924 0.038802145 0.684241079 -0.312790500 0.000000000
117 181 1780458780.926564932 0.643514152 -0.131367299 0.061727594 0.661739422 -0.292179650 0.035110840 0.689249220 -0.318450670 0.000000000
118 182 1780458781.007825851 0.650664194 -0.136641280 0.063522237 0.668381919 -0.299038757 0.036253092 0.696711392 -0.327025863 0.000000000
119 183 1780458781.079792976 0.650664194 -0.136641280 0.063522237 0.666881441 -0.300128902 0.036042511 0.701652379 -0.332799133 0.000000000
120 184 1780458781.151088715 0.656454788 -0.143077994 0.065223409 0.671031355 -0.307837173 0.037291274 0.709012415 -0.341543493 0.000000000
121 185 1780458781.224664211 0.665380063 -0.151000171 0.063277463 0.678101301 -0.317135007 0.034759136 0.713884368 -0.347429224 0.000000000
122 186 1780458781.300250769 0.682801290 -0.161488353 0.067859277 0.693861529 -0.329267655 0.038372768 0.721139430 -0.356341811 0.000000000
123 187 1780458781.367635727 0.682801290 -0.161488353 0.067859277 0.692361042 -0.330357787 0.038162185 0.725940445 -0.362339389 0.000000000
124 188 1780458781.448372126 0.700841638 -0.171463936 0.071843742 0.708729306 -0.342001593 0.041140606 0.733087654 -0.371419300 0.000000000
125 189 1780458781.521396637 0.712593399 -0.177825061 0.071626742 0.718745924 -0.349831871 0.040194297 0.737815797 -0.377528136 0.000000000
126 190 1780458781.599731684 0.723828328 -0.182867547 0.074670303 0.728437261 -0.356326468 0.042523004 0.744852233 -0.386774506 0.000000000
127 191 1780458781.682358980 0.737160132 -0.190142656 0.072573884 0.739914641 -0.365123603 0.039622521 0.751820786 -0.396120349 0.000000000
128 192 1780458781.746342182 0.737160132 -0.190142656 0.072573884 0.738414139 -0.366213716 0.039411937 0.756428243 -0.402406030 0.000000000
129 193 1780458781.822204351 0.753084967 -0.202249257 0.074840111 0.752522173 -0.379924344 0.040751140 0.761004730 -0.408735707 0.000000000
130 194 1780458781.895646811 0.763676294 -0.209377902 0.078905169 0.761551454 -0.388485466 0.044121877 0.767810680 -0.418312533 0.000000000
131 195 1780458781.963900328 0.763676294 -0.209377902 0.078905169 0.760050945 -0.389575568 0.043911292 0.772308319 -0.424751839 0.000000000
132 196 1780458782.050653219 0.775848565 -0.221282484 0.086183805 0.770653868 -0.402963076 0.050419504 0.778994459 -0.434492728 0.000000000
133 197 1780458782.121202230 0.775848565 -0.221282484 0.086183805 0.769023466 -0.403645054 0.050054705 0.783411190 -0.441041161 0.000000000
134 198 1780458782.194532871 0.795048283 -0.235922203 0.091261907 0.786319096 -0.419592008 0.053875969 0.789974405 -0.450945380 0.000000000
135 199 1780458782.276942968 0.806153415 -0.244173948 0.092182708 0.795546427 -0.428888446 0.053915515 0.794308133 -0.457602462 0.000000000
136 200 1780458782.358546495 0.814513408 -0.251509321 0.094051380 0.802107769 -0.437179585 0.055028808 0.800745247 -0.467669307 0.000000000
137 201 1780458782.433982849 0.822395517 -0.261375324 0.094759920 0.808051973 -0.447984547 0.055007057 0.804993835 -0.474434579 0.000000000
138 202 1780458782.515405416 0.831801317 -0.268723930 0.098952439 0.815767001 -0.456326983 0.058387660 0.811301612 -0.484663376 0.000000000
139 203 1780458782.586600542 0.831801317 -0.268723930 0.098952439 0.814136589 -0.457008937 0.058022858 0.815462880 -0.491536400 0.000000000
140 204 1780458782.662673235 0.849054620 -0.283753686 0.103780758 0.829458291 -0.473294297 0.061663293 0.821638014 -0.501926507 0.000000000
141 205 1780458782.748218775 0.858452812 -0.292376849 0.105326954 0.836994536 -0.482911774 0.062395848 0.825709734 -0.508906864 0.000000000
142 206 1780458782.829239368 0.867881699 -0.300781505 0.106639943 0.844556907 -0.492312542 0.062891677 0.831748849 -0.519457669 0.000000000
143 207 1780458782.896081209 0.867881699 -0.300781505 0.106639943 0.842926489 -0.492994479 0.062526874 0.835728744 -0.526544960 0.000000000
144 208 1780458782.978810072 0.888465177 -0.318662249 0.111559211 0.861477774 -0.512248795 0.066081876 0.841628381 -0.537255878 0.000000000
145 209 1780458783.043518782 0.899177631 -0.327191462 0.112868528 0.870315482 -0.521819809 0.066504935 0.845514118 -0.544449726 0.000000000
146 210 1780458783.130027294 0.910247658 -0.335097987 0.116577613 0.879223563 -0.530565695 0.069299911 0.851270737 -0.555320205 0.000000000
147 211 1780458783.194046974 0.910247658 -0.335097987 0.116577613 0.877167955 -0.531029133 0.068930316 0.855059925 -0.562620250 0.000000000
148 212 1780458783.278960705 0.924497322 -0.353023167 0.121531228 0.888966614 -0.549902248 0.072808762 0.860669891 -0.573649768 0.000000000
149 213 1780458783.345995665 0.924497322 -0.353023167 0.121531228 0.886911004 -0.550365675 0.072439164 0.864360077 -0.581055671 0.000000000
150 214 1780458783.430211544 0.938999886 -0.372782813 0.127932877 0.898966898 -0.571088110 0.077742877 0.869819660 -0.592243735 0.000000000
151 215 1780458783.499713659 0.938999886 -0.372782813 0.127932877 0.896911286 -0.571551524 0.077373276 0.873408321 -0.599755179 0.000000000
152 216 1780458783.577662945 0.958369674 -0.390587544 0.130832816 0.913716421 -0.590485641 0.078930219 0.878713682 -0.611101328 0.000000000
153 217 1780458783.649237394 0.973794344 -0.404424235 0.130304811 0.926549898 -0.605311153 0.077257685 0.882198223 -0.618718016 0.000000000
154 218 1780458783.726932049 0.984859809 -0.413296696 0.133094718 0.935368925 -0.615033305 0.079116531 0.887345412 -0.630221820 0.000000000
155 219 1780458783.799032450 0.984859809 -0.413296696 0.133094718 0.933313306 -0.615496692 0.078746931 0.890723158 -0.637943476 0.000000000
156 220 1780458783.871440172 0.997969307 -0.427163234 0.132966556 0.943851204 -0.630275181 0.077579162 0.895708102 -0.649604538 0.000000000
157 221 1780458783.948787928 1.022122359 -0.449898423 0.138578543 0.965386883 -0.654320840 0.081577494 0.898976295 -0.657430908 0.000000000
158 222 1780458784.031095505 1.027477957 -0.458301251 0.138595019 0.968382644 -0.663369307 0.080944121 0.903794788 -0.669248862 0.000000000
159 223 1780458784.116936445 1.043015621 -0.471666048 0.138554727 0.981462245 -0.677345670 0.079533362 0.908511334 -0.681160792 0.000000000
160 224 1780458784.182194471 1.043015621 -0.471666048 0.138554727 0.979505186 -0.677421309 0.078963516 0.911598272 -0.689154232 0.000000000
161 225 1780458784.264935970 1.063077883 -0.494461291 0.145963856 0.997135085 -0.701014791 0.084739862 0.916141339 -0.701222542 0.000000000
162 226 1780458784.328342915 1.063077883 -0.494461291 0.145963856 0.995178026 -0.701090418 0.084170015 0.919111107 -0.709320141 0.000000000
163 227 1780458784.412863255 1.083281176 -0.515175587 0.148664201 1.012777959 -0.722600013 0.085229741 0.922033140 -0.717459355 0.000000000
164 228 1780458784.482719898 1.083281176 -0.515175587 0.148664201 1.010820899 -0.722675628 0.084659896 0.926325574 -0.729746148 0.000000000
165 229 1780458784.560064077 1.102852686 -0.540407853 0.152793126 1.027692143 -0.748690396 0.087158267 0.929126034 -0.737989290 0.000000000
166 230 1780458784.633992672 1.113175572 -0.553260942 0.155176096 1.035691055 -0.761994874 0.088409867 0.933233664 -0.750431870 0.000000000
167 231 1780458784.720571518 1.121582102 -0.565212577 0.159779558 1.041922295 -0.774340015 0.091976804 0.937228007 -0.762967832 0.000000000
168 232 1780458784.804214716 1.138988243 -0.582600531 0.167609335 1.057099868 -0.792462704 0.098286364 0.939827051 -0.771376992 0.000000000
169 233 1780458784.868520498 1.138988243 -0.582600531 0.167609335 1.055142807 -0.792538283 0.097716518 0.942374361 -0.779827615 0.000000000
170 234 1780458784.950071573 1.161719241 -0.608223855 0.174009503 1.075252719 -0.819086298 0.102291880 0.946097073 -0.792581267 0.000000000
171 235 1780458785.010483980 1.161719241 -0.608223855 0.174009503 1.073706491 -0.819281730 0.101491421 0.948512530 -0.801135499 0.000000000
172 236 1780458785.095163345 1.168464570 -0.627040537 0.178598317 1.078426572 -0.838553748 0.104867219 0.952034700 -0.814044522 0.000000000
173 237 1780458785.163141966 1.168464570 -0.627040537 0.178598317 1.076880343 -0.838749173 0.104066759 0.954314582 -0.822702313 0.000000000
174 238 1780458785.245728016 1.181005260 -0.644834654 0.187954452 1.087661814 -0.857245715 0.111899574 0.957630504 -0.835766656 0.000000000
175 239 1780458785.318927050 1.186758040 -0.659414838 0.190783196 1.091449840 -0.872242993 0.113574689 0.959770922 -0.844527990 0.000000000
176 240 1780458785.391679049 1.199716408 -0.673912922 0.194084671 1.102453432 -0.887435220 0.115345368 0.962874629 -0.857747653 0.000000000
177 241 1780458785.474170446 1.198503959 -0.684802037 0.196276542 1.099393738 -0.898478111 0.116755915 0.964871513 -0.866612546 0.000000000
178 242 1780458785.550364017 1.208402258 -0.695675609 0.199256933 1.107461207 -0.909934871 0.118374561 0.967756754 -0.879987581 0.000000000
179 243 1780458785.629897118 1.218249574 -0.706801352 0.203737395 1.115543904 -0.921652709 0.121491150 0.969606440 -0.888951118 0.000000000
180 244 1780458785.699042082 1.218249574 -0.706801352 0.203737395 1.113997672 -0.921848101 0.120690688 0.972271352 -0.902379503 0.000000000
181 245 1780458785.767630100 1.231757882 -0.734006224 0.205676211 1.124971391 -0.949762527 0.121005487 0.973975388 -0.911246891 0.000000000
182 246 1780458785.852412462 1.231211060 -0.745996987 0.208600238 1.122561865 -0.961937105 0.123099987 0.976425433 -0.924293621 0.000000000
183 247 1780458785.922593117 1.231211060 -0.745996987 0.208600238 1.120315703 -0.961225890 0.122282794 0.977991004 -0.932747389 0.000000000
184 248 1780458785.994498968 1.246109822 -0.774654014 0.214745052 1.132125796 -0.989773878 0.126688328 0.980244764 -0.944933940 0.000000000
185 249 1780458786.074545860 1.253408773 -0.785222996 0.215429211 1.136780961 -0.999914148 0.126121497 0.981689617 -0.952654233 0.000000000
186 250 1780458786.149023056 1.256552197 -0.798434350 0.220337996 1.137401733 -1.012563329 0.129973013 0.983781864 -0.963501036 0.000000000
187 251 1780458786.227347374 1.261912942 -0.809346212 0.221067080 1.140109368 -1.022971700 0.129545517 0.985134600 -0.970169339 0.000000000
188 252 1780458786.310815811 1.268239043 -0.820390703 0.224738861 1.143925483 -1.033574255 0.132003818 0.987109745 -0.979732493 0.000000000
189 253 1780458786.378134966 1.268239043 -0.820390703 0.224738861 1.141679337 -1.032862995 0.131186625 0.988373212 -0.986122249 0.000000000
190 254 1780458786.461418390 1.285422101 -0.843612839 0.233733600 1.156113694 -1.056109628 0.138319907 0.990180101 -0.995727116 0.000000000
191 255 1780458786.531967163 1.285422101 -0.843612839 0.233733600 1.153867551 -1.055398355 0.137502714 0.991324494 -1.002142600 0.000000000
192 256 1780458786.605129004 1.298230358 -0.865157390 0.236260141 1.163668048 -1.076744398 0.138404625 0.992948203 -1.011781860 0.000000000
193 257 1780458786.692892551 1.315429513 -0.883164807 0.246377957 1.178378481 -1.094800174 0.146682486 0.994459218 -1.021438573 0.000000000
194 258 1780458786.761399746 1.315429513 -0.883164807 0.246377957 1.178025520 -1.095887986 0.146321625 0.995403242 -1.027885054 0.000000000
195 259 1780458786.849436760 1.329172323 -0.908607988 0.250856545 1.190584581 -1.122990311 0.149538835 0.996296094 -1.034337733 0.000000000
196 260 1780458786.926272154 1.329886617 -0.911050199 0.251817934 1.190893911 -1.126556382 0.150082664 0.997538422 -1.044026941 0.000000000
197 261 1780458787.006747007 1.336057688 -0.921940991 0.252199986 1.196271409 -1.138779664 0.149700072 0.998301315 -1.050492220 0.000000000
198 262 1780458787.093526125 1.344102660 -0.926562709 0.256684159 1.203984166 -1.144859473 0.153365829 0.999346434 -1.060197099 0.000000000
199 263 1780458787.179277897 1.350120075 -0.937441113 0.260972022 1.209402401 -1.157108091 0.156886230 1.000318316 -1.069939787 0.000000000
200 264 1780458787.242629051 1.350120075 -0.937441113 0.260972022 1.209049433 -1.158195899 0.156525363 1.000911841 -1.076445774 0.000000000
201 265 1780458787.323982954 1.359937537 -0.959341984 0.257954674 1.217416213 -1.181539433 0.152451870 1.001457351 -1.082956978 0.000000000
202 266 1780458787.387825012 1.359937537 -0.959341984 0.257954674 1.217063242 -1.182627240 0.152091003 1.002185490 -1.092732678 0.000000000
203 267 1780458787.468025923 1.354958772 -0.973845276 0.256664452 1.211058499 -1.197980207 0.150563547 1.002610771 -1.099255150 0.000000000
204 268 1780458787.544763327 1.355992977 -0.982207304 0.254086946 1.211247049 -1.207435518 0.147495605 1.003158381 -1.109045846 0.000000000
205 269 1780458787.615648508 1.355992977 -0.982207304 0.254086946 1.213310787 -1.208388899 0.148129270 1.003463196 -1.115577042 0.000000000
206 270 1780458787.693526983 1.363040515 -1.001373073 0.251163077 1.221420232 -1.228756043 0.145284677 1.003829956 -1.125378912 0.000000000
207 271 1780458787.763855934 1.359805633 -1.017198397 0.248659746 1.219429881 -1.245345744 0.143420127 1.004014115 -1.131916282 0.000000000
208 272 1780458787.849888563 1.359408038 -1.026294549 0.246755076 1.220593218 -1.255343132 0.142073780 1.004199774 -1.141725496 0.000000000
209 273 1780458787.924154043 1.356733325 -1.035984280 0.245744785 1.219499180 -1.265843021 0.141728915 1.004276680 -1.151537273 0.000000000
210 274 1780458788.003048420 1.355799792 -1.049544127 0.243083871 1.219875569 -1.280262098 0.139597087 1.004267507 -1.158079198 0.000000000
211 275 1780458788.084476948 1.355355406 -1.058961885 0.242696044 1.221041059 -1.290596687 0.139754187 1.004163052 -1.167892169 0.000000000
212 276 1780458788.158698797 1.355791343 -1.066647323 0.241927441 1.223141032 -1.299235222 0.139503007 1.004032941 -1.174433606 0.000000000
213 277 1780458788.230331421 1.355791343 -1.066647323 0.241927441 1.225204791 -1.300188547 0.140136689 1.003854446 -1.180974128 0.000000000
214 278 1780458788.307287216 1.355232051 -1.076506002 0.240114454 1.226145867 -1.310933990 0.138860624 1.003495982 -1.190782295 0.000000000
215 279 1780458788.380685329 1.352929089 -1.087124967 0.238488104 1.225315154 -1.322357474 0.137848535 1.003196530 -1.197318727 0.000000000
216 280 1780458788.454947710 1.351167814 -1.095268477 0.236950799 1.225144525 -1.331333986 0.136927304 1.002656651 -1.207118828 0.000000000
217 281 1780458788.546625853 1.347383372 -1.114103327 0.234527918 1.222377118 -1.350872689 0.135073781 1.002007967 -1.216912233 0.000000000
218 282 1780458788.620780945 1.345175134 -1.125492455 0.232246241 1.219261167 -1.362048886 0.133091561 1.001515087 -1.223436762 0.000000000
219 283 1780458788.699717283 1.343701118 -1.131269811 0.231692340 1.217245493 -1.367685799 0.132876001 1.000973890 -1.229957284 0.000000000
220 284 1780458788.782726765 1.338352051 -1.146258652 0.229277745 1.210798454 -1.382294057 0.130866716 1.000071547 -1.239729650 0.000000000
221 285 1780458788.860546350 1.336471821 -1.156730015 0.228768581 1.208135711 -1.392597004 0.130641710 0.999409658 -1.246238346 0.000000000
222 286 1780458788.947221041 1.334504050 -1.162520645 0.229572185 1.205691535 -1.398244761 0.131803057 0.998326408 -1.255991036 0.000000000
223 287 1780458789.021598577 1.334420291 -1.167288123 0.229489945 1.205130710 -1.402949579 0.131994178 0.997544011 -1.262485324 0.000000000
224 288 1780458789.100976229 1.331252878 -1.180447954 0.227716384 1.200965528 -1.415843475 0.130522901 0.996280164 -1.272214465 0.000000000
225 289 1780458789.177262545 1.331252878 -1.180447954 0.227716384 1.200739757 -1.415793659 0.130868372 0.994908139 -1.281927617 0.000000000
226 290 1780458789.251832247 1.325679142 -1.198097150 0.223950012 1.193821585 -1.433001290 0.127453723 0.993933432 -1.288393481 0.000000000
227 291 1780458789.320351362 1.325823863 -1.200687901 0.225535775 1.193686142 -1.435577702 0.129329666 0.992910763 -1.294851207 0.000000000
228 292 1780458789.395728350 1.319971020 -1.220655568 0.223720416 1.186455220 -1.455118054 0.127827925 0.991286948 -1.304521635 0.000000000
229 293 1780458789.475626707 1.320108896 -1.221971236 0.224975398 1.186362744 -1.456415242 0.129395191 0.990144611 -1.310957210 0.000000000
230 294 1780458789.538168192 1.320108896 -1.221971236 0.224975398 1.185748581 -1.456141081 0.129618026 0.988324452 -1.320600947 0.000000000
231 295 1780458789.628386259 1.316734500 -1.238369072 0.224567468 1.180850986 -1.472047672 0.129314122 0.986348451 -1.330246033 0.000000000
232 296 1780458789.699555874 1.316734500 -1.238369072 0.224567468 1.180236824 -1.471773510 0.129536957 0.984945015 -1.336676199 0.000000000
233 297 1780458789.782933712 1.315311471 -1.251999413 0.225747944 1.177514445 -1.485055396 0.130756633 0.982712017 -1.346320361 0.000000000
234 298 1780458789.849282503 1.315311471 -1.251999413 0.225747944 1.176900283 -1.484781234 0.130979467 0.981138861 -1.352748365 0.000000000
235 299 1780458789.935588360 1.309199165 -1.278515826 0.222084465 1.168517382 -1.510560851 0.127361897 0.978653613 -1.362387020 0.000000000
236 300 1780458790.002457619 1.309199165 -1.278515826 0.222084465 1.167903220 -1.510286687 0.127584732 0.976913796 -1.368809870 0.000000000
237 301 1780458790.080164194 1.304771821 -1.297364472 0.221058610 1.161759901 -1.528560041 0.126648607 0.974180736 -1.378438613 0.000000000
238 302 1780458790.153282642 1.304771821 -1.297364472 0.221058610 1.161145740 -1.528285875 0.126871441 0.972277120 -1.384853427 0.000000000
239 303 1780458790.230358124 1.299816688 -1.317060169 0.219835670 1.154408263 -1.547367408 0.125741012 0.970308746 -1.391264245 0.000000000
240 304 1780458790.305020809 1.297387192 -1.325298541 0.219639345 1.150892082 -1.555176275 0.125730154 0.967235677 -1.400872021 0.000000000
241 305 1780458790.379684687 1.294890244 -1.333314509 0.219603362 1.147328073 -1.562762493 0.125885788 0.965107217 -1.407270944 0.000000000
242 306 1780458790.453461409 1.291214982 -1.345284216 0.217641751 1.142321262 -1.574394169 0.124338359 0.961795893 -1.416858880 0.000000000
243 307 1780458790.533262253 1.289969006 -1.351619585 0.218207740 1.140193302 -1.580599955 0.125297749 0.959509811 -1.423243263 0.000000000
244 308 1780458790.614037514 1.285777845 -1.360070682 0.217232816 1.134918789 -1.588709034 0.124833624 0.955963819 -1.432807454 0.000000000
245 309 1780458790.690889597 1.285777845 -1.360070682 0.217232816 1.134369677 -1.588648176 0.125296902 0.953522437 -1.439174735 0.000000000
246 310 1780458790.771155596 1.276448165 -1.380534592 0.213589068 1.123103072 -1.608370423 0.122174722 0.949745159 -1.448711396 0.000000000
247 311 1780458790.861102819 1.272703014 -1.388204603 0.212269924 1.118287924 -1.615708381 0.121351992 0.945830655 -1.458229767 0.000000000
248 312 1780458790.928739786 1.272703014 -1.388204603 0.212269924 1.117738812 -1.615647521 0.121815270 0.943145300 -1.464564544 0.000000000
249 313 1780458791.016025305 1.264840756 -1.408494622 0.209899218 1.107982431 -1.635297574 0.119864779 0.939004540 -1.474049550 0.000000000
250 314 1780458791.083324432 1.264840756 -1.408494622 0.209899218 1.107433319 -1.635236713 0.120328057 0.936169336 -1.480360901 0.000000000
251 315 1780458791.162404537 1.262041563 -1.415532485 0.209833674 1.103652966 -1.642025927 0.120708606 0.933274730 -1.486662229 0.000000000
252 316 1780458791.236670732 1.257164752 -1.425250791 0.208894532 1.097582249 -1.651335211 0.120264705 0.928822092 -1.496094625 0.000000000
253 317 1780458791.316854239 1.248563650 -1.445479612 0.205381389 1.086987983 -1.670821725 0.117189455 0.925780269 -1.502369293 0.000000000
254 318 1780458791.403926611 1.244026195 -1.455301302 0.203874456 1.081207436 -1.680231856 0.116150312 0.921108341 -1.511759392 0.000000000
255 319 1780458791.481602192 1.244026195 -1.455301302 0.203874456 1.080658325 -1.680170992 0.116613592 0.916320571 -1.521079269 0.000000000
256 320 1780458791.548100710 1.239082892 -1.466576669 0.201654656 1.074329400 -1.690977011 0.114840300 0.913084096 -1.527198510 0.000000000
257 321 1780458791.626694918 1.230243820 -1.485419619 0.199539205 1.064093401 -1.708323913 0.113119302 0.908177830 -1.536204531 0.000000000
258 322 1780458791.700051546 1.230243820 -1.485419619 0.199539205 1.064013502 -1.707504355 0.113518308 0.904845029 -1.542180317 0.000000000
259 323 1780458791.776366949 1.225610416 -1.495086879 0.198020253 1.058595979 -1.715981340 0.112395601 0.899746159 -1.551122816 0.000000000
260 324 1780458791.853804111 1.220720819 -1.504724503 0.196759223 1.052937142 -1.724418647 0.111542393 0.896280788 -1.557069892 0.000000000
261 325 1780458791.930647850 1.209150316 -1.526054210 0.191992299 1.039648807 -1.743968920 0.107233574 0.892762768 -1.563004923 0.000000000
262 326 1780458792.010222197 1.202078484 -1.538428226 0.190334062 1.031606827 -1.754976869 0.106022583 0.887387479 -1.571884189 0.000000000
263 327 1780458792.092565775 1.195691285 -1.555012135 0.187859191 1.023916884 -1.770198043 0.103827487 0.881894897 -1.580734579 0.000000000
264 328 1780458792.163212061 1.195691285 -1.555012135 0.187859191 1.023836989 -1.769378483 0.104226491 0.878168347 -1.586618276 0.000000000
265 329 1780458792.233256340 1.193402844 -1.560819717 0.188541688 1.021124055 -1.774224014 0.105261609 0.874390163 -1.592488363 0.000000000
266 330 1780458792.324579000 1.182285485 -1.577627267 0.186807901 1.008736361 -1.789374214 0.104054310 0.866679654 -1.604186475 0.000000000
267 331 1780458792.388592958 1.182285485 -1.577627267 0.186807901 1.008656468 -1.788554654 0.104453313 0.862751107 -1.610012503 0.000000000
268 332 1780458792.462139606 1.177207086 -1.587664044 0.186130103 1.002796519 -1.797383265 0.104152188 0.858796470 -1.615813600 0.000000000
269 333 1780458792.544157028 1.167161983 -1.602768918 0.185760274 0.991657622 -1.810945045 0.104280016 0.854833946 -1.621582110 0.000000000
270 334 1780458792.610104322 1.167161983 -1.602768918 0.185760274 0.991577731 -1.810125484 0.104679018 0.848806785 -1.630200618 0.000000000
271 335 1780458792.694905281 1.156235809 -1.623286363 0.183175121 0.979058501 -1.828938335 0.102458660 0.844726340 -1.635925810 0.000000000
272 336 1780458792.766242981 1.156235809 -1.623286363 0.183175121 0.978446844 -1.828733747 0.102559320 0.838512581 -1.644482130 0.000000000
273 337 1780458792.843655109 1.147358116 -1.640525844 0.183399005 0.967808213 -1.845127278 0.102819454 0.834308253 -1.650164925 0.000000000
274 338 1780458792.921577692 1.142515657 -1.647480283 0.183591402 0.961898721 -1.851535357 0.103157197 0.827909429 -1.658656246 0.000000000
275 339 1780458792.996426105 1.137287922 -1.657250750 0.182488115 0.955333174 -1.860672970 0.102125200 0.823549103 -1.664373603 0.000000000
276 340 1780458793.087712049 1.133222438 -1.664751266 0.182204346 0.950127545 -1.867656384 0.101918581 0.816886186 -1.672977367 0.000000000
277 341 1780458793.163850546 1.127961219 -1.671676459 0.182512219 0.943802237 -1.874005454 0.102389669 0.812409154 -1.678623054 0.000000000
278 342 1780458793.234680176 1.127961219 -1.671676459 0.182512219 0.943190580 -1.873800863 0.102490329 0.805633558 -1.686981425 0.000000000
279 343 1780458793.313708544 1.116779757 -1.690458913 0.180926539 0.930009391 -1.891477912 0.100986693 0.798752919 -1.695287699 0.000000000
280 344 1780458793.386682034 1.111196362 -1.697965299 0.180869855 0.923293885 -1.898363196 0.101084535 0.794105733 -1.700800429 0.000000000
281 345 1780458793.462664127 1.106051494 -1.703758231 0.181572744 0.917179001 -1.903600349 0.101974918 0.789410636 -1.706292988 0.000000000
282 346 1780458793.537926674 1.106051494 -1.703758231 0.181572744 0.916567345 -1.903395756 0.102075578 0.782278462 -1.714493364 0.000000000
283 347 1780458793.616097927 1.094012799 -1.720381982 0.179748229 0.902650891 -1.918829918 0.100438503 0.777464192 -1.719934213 0.000000000
284 348 1780458793.682271481 1.094012799 -1.720381982 0.179748229 0.902039235 -1.918625324 0.100539163 0.770153891 -1.728055649 0.000000000
285 349 1780458793.762829304 1.082647705 -1.734119600 0.179052916 0.889058475 -1.931268760 0.100088158 0.762737309 -1.736128404 0.000000000
286 350 1780458793.831563473 1.077238867 -1.741370858 0.178962377 0.882518555 -1.937897710 0.100136058 0.757734092 -1.741482707 0.000000000
287 351 1780458793.910213232 1.071877009 -1.749436191 0.178855180 0.875961396 -1.945338388 0.100130041 0.750141337 -1.749472126 0.000000000
288 352 1780458793.983303785 1.066883408 -1.758784045 0.178270356 0.869567526 -1.954020227 0.099506963 0.745021064 -1.754769955 0.000000000
289 353 1780458794.063905954 1.061141235 -1.766527586 0.177644099 0.862543900 -1.961045247 0.098947428 0.739854183 -1.760044681 0.000000000
290 354 1780458794.143704891 1.055439899 -1.773956329 0.177378396 0.855602645 -1.967773537 0.098754726 0.732016738 -1.767912806 0.000000000
291 355 1780458794.228524446 1.049438433 -1.781157386 0.176504804 0.848343682 -1.974223487 0.097979782 0.724075097 -1.775727292 0.000000000
292 356 1780458794.298353195 1.049438433 -1.781157386 0.176504804 0.847654191 -1.973978586 0.098015370 0.718722977 -1.780906657 0.000000000
293 357 1780458794.372910023 1.043847390 -1.789333991 0.175926170 0.840741675 -1.981439574 0.097463877 0.713324837 -1.786061443 0.000000000
294 358 1780458794.444141388 1.037777922 -1.797127365 0.175405118 0.833383161 -1.988483847 0.097010948 0.705141582 -1.793746886 0.000000000
295 359 1780458794.516652584 1.031824981 -1.803797227 0.175550945 0.826262150 -1.994446636 0.097260808 0.699628878 -1.798838923 0.000000000
296 360 1780458794.597482443 1.019530577 -1.819253742 0.175246046 0.812122184 -2.008664667 0.097056809 0.691274291 -1.806428844 0.000000000
297 361 1780458794.675712824 1.012282211 -1.826208279 0.174829320 0.803654501 -2.014783322 0.096804499 0.685647701 -1.811456264 0.000000000
298 362 1780458794.745409966 1.006310688 -1.832972942 0.174881088 0.796496750 -2.020829051 0.096949398 0.677122780 -1.818947852 0.000000000
299 363 1780458794.825684786 0.999671921 -1.840423919 0.174662054 0.788604243 -2.027492906 0.096830693 0.671382958 -1.823908774 0.000000000
300 364 1780458794.899517536 0.999671921 -1.840423919 0.174662054 0.787914755 -2.027248001 0.096866281 0.662688667 -1.831299193 0.000000000
301 365 1780458794.979130268 0.986783927 -1.854460044 0.174348667 0.773273943 -2.039985366 0.096721375 0.653893202 -1.838627540 0.000000000
302 366 1780458795.051182270 0.986783927 -1.854460044 0.174348667 0.772584455 -2.039740459 0.096756964 0.647973514 -1.843478108 0.000000000
303 367 1780458795.139124632 0.972483648 -1.868473012 0.173182959 0.756485075 -2.052295510 0.095835237 0.639010152 -1.850700694 0.000000000
304 368 1780458795.205368519 0.972483648 -1.868473012 0.173182959 0.755991263 -2.051813156 0.096116942 0.632978827 -1.855479787 0.000000000
305 369 1780458795.290273428 0.958800490 -1.883097198 0.172253619 0.740658170 -2.064788715 0.095598944 0.623848445 -1.862593700 0.000000000
306 370 1780458795.360258102 0.958800490 -1.883097198 0.172253619 0.740164359 -2.064306360 0.095880648 0.617706057 -1.867299365 0.000000000
307 371 1780458795.437629461 0.943501128 -1.897477378 0.170644295 0.723196674 -2.076867678 0.094775279 0.611519401 -1.871975106 0.000000000
308 372 1780458795.506571054 0.943501128 -1.897477378 0.170644295 0.722702864 -2.076385323 0.095056983 0.602156603 -1.878931913 0.000000000
309 373 1780458795.586814642 0.929416308 -1.911001097 0.169414645 0.707026160 -2.088197418 0.094284517 0.595859652 -1.883531447 0.000000000
310 374 1780458795.649764299 0.929416308 -1.911001097 0.169414645 0.706532352 -2.087715061 0.094566221 0.586331808 -1.890372434 0.000000000
311 375 1780458795.722077608 0.921339346 -1.918737070 0.168157231 0.697299337 -2.094228257 0.093685088 0.579925087 -1.894893741 0.000000000
312 376 1780458795.798712492 0.906217576 -1.932654466 0.165835310 0.680488344 -2.106275334 0.091841743 0.570232969 -1.901615855 0.000000000
313 377 1780458795.875825405 0.906217576 -1.932654466 0.165835310 0.679994537 -2.105792976 0.092123447 0.563716981 -1.906056884 0.000000000
314 378 1780458795.942846298 0.900186456 -1.937797655 0.166461210 0.673106643 -2.109982265 0.093119235 0.553861328 -1.912657020 0.000000000
315 379 1780458796.019759178 0.884949422 -1.952180076 0.163714719 0.656109005 -2.122441559 0.090812207 0.547236556 -1.917015682 0.000000000
316 380 1780458796.107358932 0.877595015 -1.958306287 0.163415725 0.647770115 -2.127447950 0.090905736 0.537218078 -1.923490681 0.000000000
317 381 1780458796.185688496 0.869853844 -1.965702508 0.162545910 0.638908253 -2.133652560 0.090383427 0.527102234 -1.929889054 0.000000000
318 382 1780458796.251720905 0.869853844 -1.965702508 0.162545910 0.638414449 -2.133170199 0.090665132 0.520304363 -1.934111489 0.000000000
319 383 1780458796.332028627 0.855482271 -1.978772160 0.161554330 0.622466626 -2.144468681 0.090094686 0.513463394 -1.938298996 0.000000000
320 384 1780458796.405642748 0.855482271 -1.978772160 0.161554330 0.621962436 -2.144206612 0.090186944 0.503121277 -1.944513991 0.000000000
321 385 1780458796.484571218 0.847537151 -1.985527326 0.160320787 0.612914650 -2.149943907 0.089141912 0.496172854 -1.948612623 0.000000000
322 386 1780458796.559149742 0.840295851 -1.991308451 0.159400320 0.604664423 -2.154784517 0.088417669 0.485669864 -1.954692616 0.000000000
323 387 1780458796.634872198 0.825457891 -2.003330004 0.158597002 0.588325371 -2.165209541 0.087900600 0.478614391 -1.958700109 0.000000000
324 388 1780458796.704659939 0.825457891 -2.003330004 0.158597002 0.587821181 -2.164947471 0.087992858 0.467951118 -1.964641666 0.000000000
325 389 1780458796.781233549 0.807795720 -2.016775767 0.155962474 0.568447231 -2.176433312 0.085718628 0.460788981 -1.968555704 0.000000000
326 390 1780458796.862674713 0.799977134 -2.022054029 0.156111135 0.559713965 -2.180776291 0.086107962 0.449965987 -1.974355309 0.000000000
327 391 1780458796.930654287 0.799977134 -2.022054029 0.156111135 0.559209775 -2.180514220 0.086200220 0.442697548 -1.978173518 0.000000000
328 392 1780458797.011461020 0.782883681 -2.032729973 0.156140568 0.540767568 -2.189430284 0.086682454 0.431715364 -1.983827565 0.000000000
329 393 1780458797.080378532 0.782883681 -2.032729973 0.156140568 0.540263379 -2.189168212 0.086774712 0.424340969 -1.987547510 0.000000000
330 394 1780458797.163752317 0.766906777 -2.043356458 0.155955781 0.522918616 -2.198104070 0.086971715 0.413200096 -1.993052298 0.000000000
331 395 1780458797.228241444 0.766906777 -2.043356458 0.155955781 0.522414427 -2.197841997 0.087063973 0.405720068 -1.996671477 0.000000000
332 396 1780458797.315221548 0.751121795 -2.053630123 0.154828588 0.505237897 -2.206372913 0.086319115 0.394420976 -2.002023199 0.000000000
333 397 1780458797.380562544 0.743191729 -2.059957720 0.154523505 0.496265296 -2.211701047 0.086181002 0.386835618 -2.005539040 0.000000000
334 398 1780458797.458691835 0.733689332 -2.064284872 0.154250596 0.485907497 -2.214903166 0.086274449 0.375378748 -2.010733781 0.000000000
335 399 1780458797.530075073 0.733689332 -2.064284872 0.154250596 0.485143891 -2.214580627 0.086171450 0.367688342 -2.014143633 0.000000000
336 400 1780458797.607268095 0.716600718 -2.075263897 0.153074091 0.466333232 -2.223610896 0.085189427 0.356074099 -2.019177356 0.000000000
337 401 1780458797.704700947 0.708878443 -2.080846306 0.153771150 0.457417399 -2.228207996 0.085874479 0.344365614 -2.024112477 0.000000000
338 402 1780458797.752407551 0.708878443 -2.080846306 0.153771150 0.456653794 -2.227885455 0.085771480 0.336507665 -2.027347025 0.000000000
339 403 1780458797.835782051 0.689699621 -2.093194522 0.151755337 0.435589311 -2.238020032 0.083967844 0.328607923 -2.030536612 0.000000000
340 404 1780458797.908848286 0.680647290 -2.098061972 0.151146209 0.425347009 -2.241697106 0.083458462 0.316680025 -2.035235664 0.000000000
341 405 1780458797.987155914 0.672387235 -2.103210489 0.151572804 0.415916333 -2.245788503 0.083918244 0.304658282 -2.039830897 0.000000000
342 406 1780458798.058446646 0.672387235 -2.103210489 0.151572804 0.415152729 -2.245465960 0.083815244 0.296591701 -2.042835901 0.000000000
343 407 1780458798.130268335 0.664144260 -2.108649381 0.151523358 0.405686143 -2.249810817 0.083776272 0.288483486 -2.045793541 0.000000000
344 408 1780458798.220098972 0.645461526 -2.118699205 0.150778437 0.385374343 -2.257755294 0.083322990 0.276243155 -2.050140099 0.000000000
345 409 1780458798.300391674 0.645461526 -2.118699205 0.150778437 0.384610739 -2.257432749 0.083219990 0.268030966 -2.052977123 0.000000000
346 410 1780458798.362107038 0.637539731 -2.122642063 0.151478427 0.375635028 -2.260362759 0.083996260 0.255634787 -2.057140338 0.000000000
347 411 1780458798.449943781 0.619485468 -2.130652724 0.151030632 0.356145914 -2.266339595 0.083918119 0.247318766 -2.059853493 0.000000000
348 412 1780458798.514176607 0.619485468 -2.130652724 0.151030632 0.355382312 -2.266017048 0.083815119 0.234766931 -2.063828390 0.000000000
349 413 1780458798.597642899 0.600241906 -2.140988133 0.149855530 0.334452805 -2.274133809 0.082918046 0.226347195 -2.066414293 0.000000000
350 414 1780458798.678700209 0.600241906 -2.140988133 0.149855530 0.333955705 -2.273496183 0.082901898 0.213639856 -2.070195696 0.000000000
351 415 1780458798.753649473 0.590911396 -2.146162920 0.149068317 0.323652749 -2.277091758 0.082267917 0.205116491 -2.072650824 0.000000000
352 416 1780458798.831059933 0.571404153 -2.155492829 0.147817733 0.302812643 -2.283847057 0.081445316 0.192253758 -2.076233336 0.000000000
353 417 1780458798.910974979 0.561810269 -2.160617675 0.147475211 0.292271470 -2.287394396 0.081266123 0.179297822 -2.079693828 0.000000000
354 418 1780458798.980648756 0.561810269 -2.160617675 0.147475211 0.291774372 -2.286756768 0.081249975 0.170608759 -2.081932007 0.000000000
355 419 1780458799.058077812 0.541850994 -2.169864360 0.146645919 0.270506944 -2.293400303 0.080860376 0.161878279 -2.084114400 0.000000000
356 420 1780458799.144530773 0.530168560 -2.174840230 0.145310243 0.257853722 -2.296526968 0.079804390 0.148704900 -2.087281983 0.000000000
357 421 1780458799.203990698 0.530168560 -2.174840230 0.145310243 0.257356626 -2.295889338 0.079788242 0.139870870 -2.089322075 0.000000000
358 422 1780458799.294059992 0.511378756 -2.183628620 0.144908366 0.237310456 -2.302200639 0.079776754 0.126542141 -2.092273085 0.000000000
359 423 1780458799.356675148 0.511378756 -2.183628620 0.144908366 0.236813362 -2.301563008 0.079760606 0.117604532 -2.094166679 0.000000000
360 424 1780458799.448873043 0.490627522 -2.193006707 0.142994342 0.214686525 -2.308155932 0.078295694 0.104154248 -2.096896908 0.000000000
361 425 1780458799.510486364 0.490627522 -2.193006707 0.142994342 0.214189432 -2.307518300 0.078279546 0.095225189 -2.098644051 0.000000000
362 426 1780458799.590130091 0.470375975 -2.202315791 0.142638740 0.192634205 -2.314192338 0.078334399 0.082014873 -2.101156895 0.000000000
363 427 1780458799.664783478 0.470375975 -2.202315791 0.142638740 0.192267087 -2.313329705 0.078403837 0.073404459 -2.102762359 0.000000000
364 428 1780458799.749269962 0.459722476 -2.207347473 0.141043019 0.180743186 -2.316337098 0.077091159 0.060911388 -2.105071712 0.000000000
365 429 1780458799.816077232 0.449063288 -2.212513722 0.140087878 0.169228700 -2.319522163 0.076403643 0.052939083 -2.106550035 0.000000000
366 430 1780458799.891792774 0.439800376 -2.216446857 0.139023978 0.159218090 -2.321604771 0.075617798 0.041643109 -2.108685806 0.000000000
367 431 1780458799.965967655 0.431425896 -2.219110695 0.139001757 0.150261833 -2.322587551 0.075909749 0.034628316 -2.110062364 0.000000000
368 432 1780458800.036648989 0.422669738 -2.223479861 0.138151021 0.140720363 -2.325162365 0.075272938 0.024895950 -2.112070630 0.000000000
369 433 1780458800.118632555 0.414429221 -2.226902057 0.137309685 0.131785157 -2.326844971 0.074682910 0.018514561 -2.113369074 0.000000000
370 434 1780458800.199012756 0.406808790 -2.231885643 0.135933589 0.123287542 -2.330094093 0.073414778 0.008921655 -2.115228619 0.000000000
371 435 1780458800.266679525 0.398840676 -2.235408339 0.135033854 0.114609781 -2.331893919 0.072739818 0.002513099 -2.116409406 0.000000000
372 436 1780458800.352540493 0.383702450 -2.242637789 0.133128246 0.098390912 -2.336603479 0.071155630 -0.007118673 -2.118092016 0.000000000
373 437 1780458800.429686785 0.383702450 -2.242637789 0.133128246 0.098023804 -2.335740842 0.071225068 -0.013551900 -2.119154593 0.000000000
374 438 1780458800.501797676 0.376703966 -2.244592646 0.132215877 0.090465199 -2.336071471 0.070593685 -0.023218812 -2.120659523 0.000000000
375 439 1780458800.585223675 0.358675598 -2.252104456 0.128596944 0.071270295 -2.340637539 0.067409027 -0.029674219 -2.121603415 0.000000000
376 440 1780458800.648816586 0.358675598 -2.252104456 0.128596944 0.071137100 -2.339570025 0.067499247 -0.041027701 -2.123179058 0.000000000
377 441 1780458800.727751732 0.349086429 -2.256360040 0.126469465 0.060954468 -2.341627147 0.065631467 -0.049125144 -2.124186459 0.000000000
378 442 1780458800.801491499 0.339634482 -2.259623769 0.125300848 0.051047871 -2.342785318 0.064781600 -0.061291451 -2.125557522 0.000000000
379 443 1780458800.877497911 0.328661237 -2.265321900 0.123651290 0.039362746 -2.346170272 0.063345334 -0.069414602 -2.126378045 0.000000000
380 444 1780458800.952654600 0.309245152 -2.271790747 0.122172862 0.019213646 -2.349503398 0.062428729 -0.081615775 -2.127468298 0.000000000
381 445 1780458801.022195101 0.309245152 -2.271790747 0.122172862 0.019080458 -2.348435883 0.062518949 -0.089759699 -2.128101311 0.000000000
382 446 1780458801.106870890 0.287298393 -2.281220377 0.119312232 -0.003942616 -2.354339760 0.060116380 -0.101988317 -2.128909889 0.000000000
383 447 1780458801.184327841 0.287298393 -2.281220377 0.119312232 -0.004075800 -2.353272243 0.060206601 -0.110148059 -2.129354872 0.000000000
384 448 1780458801.259795666 0.276857086 -2.284569759 0.117835426 -0.014988319 -2.354379519 0.059073554 -0.122396675 -2.129881076 0.000000000
385 449 1780458801.330806971 0.266896450 -2.286765331 0.116749564 -0.025289672 -2.354418324 0.058390326 -0.130567257 -2.130137616 0.000000000
386 450 1780458801.408136129 0.243853825 -2.294873669 0.112928455 -0.049307699 -2.358805708 0.055153893 -0.142828393 -2.130380914 0.000000000
387 451 1780458801.490646362 0.234146526 -2.298694542 0.112449253 -0.059398908 -2.360433020 0.054817141 -0.151004824 -2.130448714 0.000000000
388 452 1780458801.557567120 0.234146526 -2.298694542 0.112449253 -0.059430541 -2.359272868 0.054789135 -0.163270979 -2.130408741 0.000000000
389 453 1780458801.630595684 0.223535458 -2.303947799 0.110910679 -0.070609011 -2.362143296 0.053325491 -0.171448251 -2.130287614 0.000000000
390 454 1780458801.696920156 0.211238713 -2.307787805 0.108482234 -0.083351581 -2.363371148 0.051156847 -0.183711904 -2.129964177 0.000000000
391 455 1780458801.781568766 0.198554847 -2.311613652 0.106175682 -0.096472603 -2.364554063 0.049124969 -0.195970439 -2.129470640 0.000000000
392 456 1780458801.850065470 0.188288883 -2.315095323 0.104432286 -0.107133376 -2.365680581 0.047566010 -0.204138610 -2.129047127 0.000000000
393 457 1780458801.919652462 0.175981730 -2.318090925 0.102957557 -0.119762525 -2.366140522 0.046401287 -0.212302494 -2.128548044 0.000000000
394 458 1780458801.999184847 0.154821583 -2.322533772 0.100691751 -0.141370102 -2.367082704 0.044735361 -0.224538517 -2.127657782 0.000000000
395 459 1780458802.065286875 0.154821583 -2.322533772 0.100691751 -0.141401721 -2.365922552 0.044707357 -0.232688155 -2.126969899 0.000000000
396 460 1780458802.158863544 0.135184118 -2.326732392 0.100879420 -0.161380258 -2.366966722 0.045424269 -0.244899030 -2.125796622 0.000000000
397 461 1780458802.234294176 0.135184118 -2.326732392 0.100879420 -0.161426162 -2.365615505 0.045426218 -0.253029381 -2.124920212 0.000000000
398 462 1780458802.308124065 0.123073535 -2.330583366 0.099235372 -0.173969385 -2.366727210 0.044031711 -0.265207542 -2.123464415 0.000000000
399 463 1780458802.378195524 0.111064287 -2.334239169 0.097128574 -0.186408595 -2.367613580 0.042183106 -0.273313563 -2.122399868 0.000000000
400 464 1780458802.450263739 0.099192252 -2.336978993 0.095484144 -0.198599270 -2.367638008 0.040855417 -0.285451446 -2.120662225 0.000000000
401 465 1780458802.531498194 0.076839792 -2.340773917 0.092580695 -0.221361079 -2.367531532 0.038643416 -0.293528095 -2.119410047 0.000000000
402 466 1780458802.623446226 0.065615522 -2.342646722 0.091193438 -0.232807740 -2.366774217 0.037603350 -0.305618141 -2.117391406 0.000000000
403 467 1780458802.669544697 0.065615522 -2.342646722 0.091193438 -0.232853628 -2.365422999 0.037605300 -0.313660392 -2.115952194 0.000000000
404 468 1780458802.747870207 0.041345986 -2.348935537 0.088068598 -0.257792766 -2.367547564 0.035044255 -0.325715501 -2.113612358 0.000000000
405 469 1780458802.826475382 0.041345986 -2.348935537 0.088068598 -0.257838648 -2.366196346 0.035046205 -0.333753259 -2.111917028 0.000000000
406 470 1780458802.895146608 0.029486273 -2.352278096 0.086561456 -0.270077717 -2.366803444 0.033787957 -0.345808959 -2.109173482 0.000000000
407 471 1780458802.978537321 0.003886217 -2.357521612 0.082400333 -0.295376414 -2.367738520 0.030522553 -0.353844064 -2.107212207 0.000000000
408 472 1780458803.054323912 -0.008382965 -2.360667691 0.079806860 -0.307150579 -2.368113705 0.028421074 -0.365891340 -2.104074322 0.000000000
409 473 1780458803.134938955 -0.021022557 -2.363905072 0.077474745 -0.319293234 -2.368563260 0.026584787 -0.373917936 -2.101853089 0.000000000
410 474 1780458803.209223032 -0.021022557 -2.363905072 0.077474745 -0.318452728 -2.367308226 0.026800473 -0.385948216 -2.098329479 0.000000000
411 475 1780458803.297051907 -0.045105296 -2.365371677 0.073887750 -0.341816871 -2.364714783 0.024307074 -0.393960723 -2.095853800 0.000000000
412 476 1780458803.363868713 -0.045105296 -2.365371677 0.073887750 -0.340976361 -2.363459752 0.024522760 -0.405965830 -2.091952409 0.000000000
413 477 1780458803.449375629 -0.068868882 -2.368925072 0.069925161 -0.364256416 -2.362943764 0.021469099 -0.417952055 -2.087827914 0.000000000
414 478 1780458803.513633728 -0.068868882 -2.368925072 0.069925161 -0.363415900 -2.361688736 0.021684785 -0.425931021 -2.084955557 0.000000000
415 479 1780458803.593396187 -0.092605339 -2.369146110 0.065200272 -0.386336780 -2.357816793 0.018113599 -0.433899572 -2.081985891 0.000000000
416 480 1780458803.662310600 -0.092605339 -2.369146110 0.065200272 -0.386275830 -2.356833769 0.018087677 -0.445831155 -2.077350468 0.000000000
417 481 1780458803.735346556 -0.106373143 -2.371311512 0.061565766 -0.400239583 -2.356279487 0.014809857 -0.453770255 -2.074140556 0.000000000
418 482 1780458803.816813231 -0.128922654 -2.368570792 0.058320320 -0.422396105 -2.349979122 0.012631135 -0.465654073 -2.069147877 0.000000000
419 483 1780458803.880764484 -0.128922654 -2.368570792 0.058320320 -0.422335150 -2.348996097 0.012605213 -0.473558975 -2.065701805 0.000000000
420 484 1780458803.969335556 -0.158606203 -2.373079427 0.052272186 -0.452435450 -2.348904684 0.007332927 -0.485388028 -2.060357794 0.000000000
421 485 1780458804.040839672 -0.158606203 -2.373079427 0.052272186 -0.452374492 -2.347921660 0.007307005 -0.493254142 -2.056679378 0.000000000
422 486 1780458804.128933191 -0.180611989 -2.369453644 0.048069550 -0.473916471 -2.340706311 0.004193328 -0.505021646 -2.050989569 0.000000000
423 487 1780458804.200805664 -0.180611989 -2.369453644 0.048069550 -0.473855510 -2.339723287 0.004167406 -0.512844514 -2.047082379 0.000000000
424 488 1780458804.272366047 -0.194209758 -2.370237915 0.042848549 -0.487539970 -2.337671565 -0.000622388 -0.524539135 -2.041053541 0.000000000
425 489 1780458804.368244171 -0.216208329 -2.367329497 0.040284823 -0.509099685 -2.331287665 -0.002179789 -0.532271145 -2.036935822 0.000000000
426 490 1780458804.428138018 -0.216208329 -2.367329497 0.040284823 -0.509038720 -2.330304641 -0.002205710 -0.543662641 -2.030653548 0.000000000
427 491 1780458804.513095140 -0.228120629 -2.350478470 0.039478111 -0.519018858 -2.311298126 -0.001314704 -0.554834859 -2.024243562 0.000000000
428 492 1780458804.581192017 -0.245932165 -2.355093158 0.034089757 -0.536860387 -2.311910306 -0.006226406 -0.562258613 -2.019867572 0.000000000
429 493 1780458804.664416790 -0.258969394 -2.353448259 0.029755977 -0.549250293 -2.306904683 -0.009779324 -0.569663151 -2.015409578 0.000000000
430 494 1780458804.740859509 -0.275563268 -2.356968587 0.023750258 -0.565776589 -2.306504645 -0.015276993 -0.580732581 -2.008569716 0.000000000
431 495 1780458804.816574097 -0.288449039 -2.355795817 0.021176244 -0.578017935 -2.302119596 -0.017126729 -0.588086394 -2.003908465 0.000000000
432 496 1780458804.900542974 -0.303048873 -2.357561242 0.016124272 -0.592344048 -2.300262859 -0.021618337 -0.599076896 -1.996765530 0.000000000
433 497 1780458804.964087963 -0.303048873 -2.357561242 0.016124272 -0.591840862 -2.298615175 -0.021436352 -0.606376212 -1.991903407 0.000000000
434 498 1780458805.037153482 -0.322076269 -2.351702304 0.012532000 -0.609696464 -2.288842487 -0.023746822 -0.617280689 -1.984464552 0.000000000
435 499 1780458805.126041889 -0.338259136 -2.351870706 0.008393632 -0.625394152 -2.285300015 -0.027167704 -0.628100452 -1.976925245 0.000000000
436 500 1780458805.193120480 -0.338259136 -2.351870706 0.008393632 -0.624890954 -2.283652335 -0.026985717 -0.635264175 -1.971846504 0.000000000
437 501 1780458805.277431726 -0.353451876 -2.340293159 0.003075392 -0.638345416 -2.268475958 -0.030715317 -0.645960750 -1.964082848 0.000000000
438 502 1780458805.348567724 -0.353451876 -2.340293159 0.003075392 -0.637842211 -2.266828280 -0.030533328 -0.653058273 -1.958810514 0.000000000
439 503 1780458805.427258730 -0.374885196 -2.349779207 0.004966296 -0.659633362 -2.272431524 -0.028525582 -0.660128293 -1.953461294 0.000000000
440 504 1780458805.510716677 -0.374885196 -2.349779207 0.004966296 -0.659692469 -2.271344860 -0.028497738 -0.670680487 -1.945293975 0.000000000
441 505 1780458805.579932690 -0.384765446 -2.347182680 0.002970493 -0.669327997 -2.266457964 -0.029951416 -0.677679214 -1.939753872 0.000000000
442 506 1780458805.655927658 -0.393435316 -2.341097980 0.001833741 -0.677354582 -2.258311152 -0.030318516 -0.688121760 -1.931301617 0.000000000
443 507 1780458805.732785940 -0.396741930 -2.332984971 0.003061263 -0.679773333 -2.248925248 -0.028337189 -0.695045589 -1.925572463 0.000000000
444 508 1780458805.814399481 -0.406935201 -2.328655732 0.000879703 -0.689524584 -2.242260339 -0.029842226 -0.705373092 -1.916837958 0.000000000
445 509 1780458805.892792225 -0.414167029 -2.322638463 -0.001303119 -0.696142204 -2.234243647 -0.031308420 -0.712218433 -1.910921505 0.000000000
446 510 1780458805.974318981 -0.437693568 -2.317487060 -0.008872457 -0.719151904 -2.224854947 -0.037736270 -0.722425519 -1.901907322 0.000000000
447 511 1780458806.044421911 -0.437693568 -2.317487060 -0.008872457 -0.719211003 -2.223768283 -0.037708426 -0.732557778 -1.892726517 0.000000000
448 512 1780458806.116970539 -0.453889789 -2.314408737 -0.013667932 -0.735106644 -2.217450438 -0.041758425 -0.739270094 -1.886513841 0.000000000
449 513 1780458806.190531731 -0.477398505 -2.308579912 -0.017678848 -0.757936356 -2.207650767 -0.044612391 -0.745947722 -1.880227744 0.000000000
450 514 1780458806.272040606 -0.482522091 -2.301300050 -0.018483536 -0.762273295 -2.198716408 -0.044678235 -0.755897873 -1.870661472 0.000000000
451 515 1780458806.343300819 -0.482522091 -2.301300050 -0.018483536 -0.762332387 -2.197629744 -0.044650389 -0.762486276 -1.864192888 0.000000000
452 516 1780458806.429105043 -0.492482672 -2.294621179 -0.022771943 -0.771599263 -2.188463119 -0.048107063 -0.772299897 -1.854353999 0.000000000
453 517 1780458806.500812054 -0.496777711 -2.288570149 -0.022537159 -0.775277884 -2.181182607 -0.047527891 -0.778795482 -1.847704398 0.000000000
454 518 1780458806.578912973 -0.509145053 -2.284394357 -0.025527129 -0.787246134 -2.174588819 -0.050094603 -0.788467170 -1.837595046 0.000000000
455 519 1780458806.645898104 -0.517277040 -2.280295074 -0.027999333 -0.795006907 -2.168590767 -0.052265692 -0.798051092 -1.827324413 0.000000000
456 520 1780458806.722594500 -0.520069012 -2.271842824 -0.028292132 -0.796926668 -2.159059508 -0.052068546 -0.804390644 -1.820388081 0.000000000
457 521 1780458806.786109209 -0.530323904 -2.267793303 -0.031109595 -0.806806793 -2.152843444 -0.054536034 -0.810689731 -1.813380599 0.000000000
458 522 1780458806.862504721 -0.555245058 -2.259598454 -0.032029482 -0.830746822 -2.141016971 -0.054414934 -0.820061203 -1.802736420 0.000000000
459 523 1780458806.941917658 -0.565362469 -2.252601812 -0.034818369 -0.840151192 -2.131900202 -0.056633461 -0.829338314 -1.791933296 0.000000000
460 524 1780458807.014378548 -0.565362469 -2.252601812 -0.034818369 -0.840262079 -2.131078603 -0.056873552 -0.835469642 -1.784643237 0.000000000
461 525 1780458807.089999914 -0.572852395 -2.246993184 -0.035809331 -0.847185869 -2.123777109 -0.057478323 -0.841557543 -1.777283022 0.000000000
462 526 1780458807.161999226 -0.578759164 -2.242569237 -0.039120839 -0.852709951 -2.117642712 -0.060528891 -0.850606651 -1.766111567 0.000000000
463 527 1780458807.248909473 -0.593268326 -2.230331193 -0.041304001 -0.865865227 -2.102887703 -0.061638294 -0.859554651 -1.754783303 0.000000000
464 528 1780458807.323669910 -0.593268326 -2.230331193 -0.041304001 -0.865378444 -2.102409144 -0.061350815 -0.865462794 -1.747144309 0.000000000
465 529 1780458807.399135590 -0.621694858 -2.220197793 -0.048167874 -0.892066397 -2.088125483 -0.066431676 -0.871324468 -1.739436065 0.000000000
466 530 1780458807.479130745 -0.626397927 -2.208675367 -0.050854539 -0.894961632 -2.075487216 -0.067819531 -0.880028490 -1.727744230 0.000000000
467 531 1780458807.546762705 -0.626397927 -2.208675367 -0.050854539 -0.894474847 -2.075008659 -0.067532052 -0.885771266 -1.719863604 0.000000000
468 532 1780458807.624241114 -0.649861748 -2.193471390 -0.058948570 -0.915639427 -2.056141582 -0.073593258 -0.894293993 -1.707913969 0.000000000
469 533 1780458807.695713043 -0.649861748 -2.193471390 -0.058948570 -0.915152642 -2.055663026 -0.073305779 -0.899913922 -1.699861981 0.000000000
470 534 1780458807.765977859 -0.659288150 -2.183972763 -0.062360938 -0.922961663 -2.044420187 -0.075474918 -0.908249371 -1.687656041 0.000000000
471 535 1780458807.842545509 -0.680016457 -2.167085752 -0.067104414 -0.941138327 -2.024442660 -0.078153936 -0.913742424 -1.679433662 0.000000000
472 536 1780458807.912960052 -0.680016457 -2.167085752 -0.067104414 -0.940651539 -2.023964106 -0.077866457 -0.921884485 -1.666972835 0.000000000
473 537 1780458807.984282017 -0.684098282 -2.159482930 -0.065828759 -0.943303204 -2.015582193 -0.075635142 -0.927246540 -1.658580987 0.000000000
474 538 1780458808.062013626 -0.697050925 -2.150375051 -0.070205831 -0.954649919 -2.004223659 -0.078735485 -0.935188959 -1.645866620 0.000000000
475 539 1780458808.138793468 -0.703915145 -2.141306982 -0.071835015 -0.959918526 -1.993832419 -0.079232641 -0.940415797 -1.637306176 0.000000000
476 540 1780458808.212578297 -0.711443542 -2.131611936 -0.075262939 -0.965787882 -1.982598576 -0.081463979 -0.948152163 -1.624339541 0.000000000
477 541 1780458808.284698248 -0.721081708 -2.125104877 -0.078499822 -0.974799702 -1.974535194 -0.083594883 -0.953239454 -1.615611326 0.000000000
478 542 1780458808.359868050 -0.739847592 -2.104694156 -0.088671677 -0.991274199 -1.951078991 -0.091397342 -0.960763180 -1.602393626 0.000000000
479 543 1780458808.438959122 -0.747368915 -2.095844211 -0.091892330 -0.997895363 -1.940944763 -0.093382540 -0.968156083 -1.589025834 0.000000000
480 544 1780458808.507389069 -0.747368915 -2.095844211 -0.091892330 -0.998082227 -1.940718499 -0.092981005 -0.973010781 -1.580030781 0.000000000
481 545 1780458808.578113317 -0.764725303 -2.075989599 -0.098074256 -1.013154340 -1.918278901 -0.096899551 -0.977805484 -1.570969306 0.000000000
482 546 1780458808.647767067 -0.770868085 -2.067405254 -0.101284530 -1.018426608 -1.908568207 -0.098930063 -0.984883390 -1.557252789 0.000000000
483 547 1780458808.729303598 -0.779668961 -2.057319534 -0.105220230 -1.026156823 -1.896993324 -0.101524120 -0.991822004 -1.543387419 0.000000000
484 548 1780458808.794459343 -0.779668961 -2.057319534 -0.105220230 -1.026343687 -1.896767061 -0.101122584 -0.996369054 -1.534061311 0.000000000
485 549 1780458808.882519960 -0.793878821 -2.033942238 -0.113777382 -1.037844776 -1.871019872 -0.107225936 -1.000852219 -1.524669293 0.000000000
486 550 1780458808.965413332 -0.798657798 -2.021893394 -0.118578196 -1.041334596 -1.857917249 -0.110612653 -1.007455403 -1.510457885 0.000000000
487 551 1780458809.033190250 -0.798657798 -2.021893394 -0.118578196 -1.041521459 -1.857690987 -0.110211117 -1.011775279 -1.500901490 0.000000000
488 552 1780458809.112579584 -0.804345234 -2.011174900 -0.122909236 -1.046061849 -1.845828598 -0.113221076 -1.018129614 -1.486443921 0.000000000
489 553 1780458809.189705133 -0.812889456 -2.000846217 -0.126318035 -1.053291490 -1.833783804 -0.115428383 -1.022280933 -1.476723675 0.000000000
490 554 1780458809.268433809 -0.819652789 -1.990668925 -0.130518842 -1.058772873 -1.822044527 -0.118468126 -1.028378362 -1.462020695 0.000000000
491 555 1780458809.348736763 -0.833443293 -1.971803012 -0.138605371 -1.070166985 -1.800542757 -0.124621783 -1.032355645 -1.452137073 0.000000000
492 556 1780458809.430239916 -0.840419352 -1.962033012 -0.141751193 -1.075895625 -1.789258996 -0.126644374 -1.038187777 -1.437189352 0.000000000
493 557 1780458809.503581047 -0.840419352 -1.962033012 -0.141751193 -1.075899678 -1.788744471 -0.126371936 -1.043856553 -1.422095073 0.000000000
494 558 1780458809.585297585 -0.849704629 -1.952782343 -0.146461575 -1.083982701 -1.777565286 -0.129969152 -1.047543388 -1.411950894 0.000000000
495 559 1780458809.649757385 -0.854603476 -1.944053412 -0.149522861 -1.087768080 -1.767571929 -0.132024308 -1.051155202 -1.401741715 0.000000000
496 560 1780458809.729006052 -0.864128087 -1.934542977 -0.153985025 -1.096046004 -1.756121202 -0.135360192 -1.056430065 -1.386306175 0.000000000
497 561 1780458809.800945282 -0.868545613 -1.922969382 -0.158522191 -1.098994032 -1.743259595 -0.138683736 -1.059849909 -1.375934697 0.000000000
498 562 1780458809.875855923 -0.875603132 -1.910546146 -0.162766380 -1.104448570 -1.729249044 -0.141621901 -1.064831954 -1.360255897 0.000000000
499 563 1780458809.951217890 -0.883126338 -1.896126417 -0.166368332 -1.110107050 -1.713252918 -0.143767862 -1.068053269 -1.349722355 0.000000000
500 564 1780458810.027661562 -0.888831465 -1.885345413 -0.169717503 -1.114416781 -1.700787738 -0.146095162 -1.072732407 -1.333800596 0.000000000
501 565 1780458810.101011276 -0.898092791 -1.875367685 -0.176339918 -1.122356659 -1.688419743 -0.151709855 -1.075748292 -1.323105157 0.000000000
502 566 1780458810.178735018 -0.903207863 -1.863231099 -0.180036599 -1.125901906 -1.674660186 -0.154293569 -1.080113897 -1.306940636 0.000000000
503 567 1780458810.246951818 -0.907861782 -1.851669217 -0.184275085 -1.129058924 -1.661485828 -0.157467996 -1.082917076 -1.296083394 0.000000000
504 568 1780458810.329692125 -0.919274807 -1.829412094 -0.191671188 -1.137556722 -1.636637218 -0.162924470 -1.086957933 -1.279676193 0.000000000
505 569 1780458810.409742117 -0.924339729 -1.817384292 -0.197193152 -1.141053905 -1.622852236 -0.167344698 -1.089540716 -1.268657164 0.000000000
506 570 1780458810.483786583 -0.930265236 -1.805235256 -0.199736402 -1.145384120 -1.609061384 -0.168779893 -1.093244953 -1.252007247 0.000000000
507 571 1780458810.563604593 -0.937634807 -1.795524134 -0.203779739 -1.151454384 -1.597383594 -0.171881753 -1.096742130 -1.235229961 0.000000000
508 572 1780458810.634848833 -0.937634807 -1.795524134 -0.203779739 -1.151459726 -1.596554281 -0.171744433 -1.098959193 -1.224045938 0.000000000
509 573 1780458810.700149536 -0.942952702 -1.785179020 -0.207032966 -1.155406831 -1.584569259 -0.174035595 -1.101085197 -1.212936268 0.000000000
510 574 1780458810.782715321 -0.959887821 -1.763691758 -0.217017047 -1.168760686 -1.559976439 -0.181947894 -1.104106542 -1.196550783 0.000000000
511 575 1780458810.845174551 -0.959887821 -1.763691758 -0.217017047 -1.168097633 -1.559553779 -0.181643610 -1.106012784 -1.185906751 0.000000000
512 576 1780458810.921078444 -0.963620961 -1.752467701 -0.220449272 -1.169690277 -1.547297472 -0.183903034 -1.108720098 -1.170521233 0.000000000
513 577 1780458810.997379780 -0.970177703 -1.743167361 -0.222952905 -1.174332570 -1.536651514 -0.185357390 -1.111261510 -1.156025669 0.000000000
514 578 1780458811.083759069 -0.975873076 -1.736113052 -0.226014934 -1.178409106 -1.528297100 -0.187543106 -1.112877047 -1.146960967 0.000000000
515 579 1780458811.139498949 -0.981821488 -1.725893965 -0.230824653 -1.182329545 -1.516652856 -0.191240606 -1.114453862 -1.138433144 0.000000000
516 580 1780458811.225900412 -0.989489367 -1.710320305 -0.234877942 -1.187272326 -1.499549770 -0.193782769 -1.116725375 -1.126383238 0.000000000
517 581 1780458811.296874523 -0.989489367 -1.710320305 -0.234877942 -1.186609270 -1.499127114 -0.193478484 -1.118149163 -1.118361293 0.000000000
518 582 1780458811.383054733 -0.999126955 -1.692146853 -0.244525189 -1.193168730 -1.478796726 -0.201404887 -1.120146208 -1.106300009 0.000000000
519 583 1780458811.445514679 -0.999126955 -1.692146853 -0.244525189 -1.192429000 -1.477994369 -0.201442840 -1.121384930 -1.098241377 0.000000000
520 584 1780458811.531661510 -1.007041144 -1.676156241 -0.248035157 -1.197491027 -1.460111165 -0.203769494 -1.123103702 -1.086128716 0.000000000
521 585 1780458811.599272013 -1.007041144 -1.676156241 -0.248035157 -1.196751295 -1.459308809 -0.203807447 -1.124156484 -1.078038274 0.000000000
522 586 1780458811.677187681 -1.012136984 -1.668307229 -0.251096912 -1.200055811 -1.449870706 -0.206298321 -1.125595750 -1.065881572 0.000000000
523 587 1780458811.749095678 -1.017279235 -1.658617349 -0.255305931 -1.203167237 -1.438523049 -0.209802902 -1.126461824 -1.057764226 0.000000000
524 588 1780458811.830581427 -1.021705661 -1.650963099 -0.258527785 -1.205830120 -1.429351569 -0.212475440 -1.127620516 -1.045570858 0.000000000
525 589 1780458811.909705877 -1.024863055 -1.641014317 -0.259972155 -1.206942818 -1.418200301 -0.213221952 -1.128299224 -1.037431535 0.000000000
526 590 1780458811.978201151 -1.030935440 -1.631566310 -0.263705674 -1.211004460 -1.407007001 -0.216268694 -1.129176437 -1.025208912 0.000000000
527 591 1780458812.052396297 -1.034747148 -1.626573310 -0.264070475 -1.213402654 -1.400750722 -0.216289399 -1.129667231 -1.017052563 0.000000000
528 592 1780458812.143549919 -1.043332576 -1.610820764 -0.269129602 -1.219140270 -1.382904092 -0.220198189 -1.130262224 -1.004808128 0.000000000
529 593 1780458812.220471621 -1.043332576 -1.610820764 -0.269129602 -1.218275254 -1.381967966 -0.220231819 -1.130564666 -0.996639725 0.000000000
530 594 1780458812.298026085 -1.046776165 -1.603704583 -0.271096857 -1.219902135 -1.373409943 -0.221702651 -1.130876867 -0.984380947 0.000000000
531 595 1780458812.370480061 -1.051358773 -1.594389746 -0.274881846 -1.222366527 -1.362401023 -0.224826010 -1.130990630 -0.976205479 0.000000000
532 596 1780458812.447206259 -1.056817647 -1.584989750 -0.278573420 -1.225685194 -1.351200329 -0.227846656 -1.131019634 -0.963939854 0.000000000
533 597 1780458812.536282778 -1.063376673 -1.567911788 -0.283434560 -1.229089229 -1.332179850 -0.231491303 -1.130878595 -0.951673727 0.000000000
534 598 1780458812.599389315 -1.063376673 -1.567911788 -0.283434560 -1.228224206 -1.331243730 -0.231524930 -1.130690077 -0.943497369 0.000000000
535 599 1780458812.681850910 -1.068467108 -1.555199338 -0.284525245 -1.230741246 -1.316994418 -0.231729043 -1.130425956 -0.935322796 0.000000000
536 600 1780458812.763386250 -1.072921627 -1.544362608 -0.289702921 -1.232856214 -1.304397186 -0.236147171 -1.129888030 -0.923066044 0.000000000
537 601 1780458812.833355188 -1.072921627 -1.544362608 -0.289702921 -1.231991187 -1.303461069 -0.236180798 -1.129434932 -0.914899455 0.000000000
538 602 1780458812.910780668 -1.075727996 -1.536149871 -0.291788952 -1.232819701 -1.293889596 -0.237710695 -1.128613615 -0.902658454 0.000000000
539 603 1780458812.987009287 -1.077307399 -1.528403200 -0.294321818 -1.232341437 -1.285510967 -0.239686533 -1.127971668 -0.894504885 0.000000000
540 604 1780458813.065169811 -1.081563498 -1.518767583 -0.297608702 -1.234263474 -1.274859331 -0.242270572 -1.126867241 -0.882287192 0.000000000
541 605 1780458813.145739794 -1.085856898 -1.509446303 -0.300971692 -1.236262774 -1.264508498 -0.244953610 -1.126036690 -0.874151682 0.000000000
542 606 1780458813.214122534 -1.088847738 -1.501366959 -0.301762644 -1.237143513 -1.255734853 -0.245164753 -1.124649608 -0.861964862 0.000000000
543 607 1780458813.286375999 -1.091390328 -1.493454173 -0.302354591 -1.237602016 -1.247198720 -0.245192570 -1.123630813 -0.853852454 0.000000000
544 608 1780458813.369887114 -1.096629874 -1.475102526 -0.305326037 -1.239342267 -1.227820382 -0.246867840 -1.121961704 -0.841704070 0.000000000
545 609 1780458813.439742327 -1.096629874 -1.475102526 -0.305326037 -1.238329716 -1.227485601 -0.246860749 -1.120755146 -0.833619808 0.000000000
546 610 1780458813.503160238 -1.100675937 -1.466357879 -0.308128252 -1.240157995 -1.217776815 -0.249033012 -1.118804816 -0.821517422 0.000000000
547 611 1780458813.585007429 -1.102349472 -1.455060844 -0.311965169 -1.239291582 -1.205788407 -0.252078330 -1.117411088 -0.813466344 0.000000000
548 612 1780458813.663476944 -1.106492470 -1.446535878 -0.313993310 -1.241430576 -1.196398502 -0.253430330 -1.115165330 -0.801409998 0.000000000
549 613 1780458813.733483553 -1.108964223 -1.435944517 -0.315860408 -1.241637891 -1.185197843 -0.254492135 -1.113535700 -0.793372515 0.000000000
550 614 1780458813.807538748 -1.112321692 -1.425127239 -0.320375427 -1.242680485 -1.173477296 -0.258177936 -1.110889529 -0.781316112 0.000000000
551 615 1780458813.890351295 -1.114264496 -1.404211134 -0.326846805 -1.240966961 -1.151827538 -0.263144223 -1.108992418 -0.773279810 0.000000000
552 616 1780458813.959489822 -1.114264496 -1.404211134 -0.326846805 -1.240138390 -1.151554500 -0.263071723 -1.105949701 -0.761229678 0.000000000
553 617 1780458814.038655043 -1.114778130 -1.394723528 -0.328717823 -1.238545720 -1.141706114 -0.264227251 -1.103791220 -0.753200487 0.000000000
554 618 1780458814.115823507 -1.114683215 -1.385477763 -0.330160717 -1.236382801 -1.132206998 -0.264975786 -1.100360745 -0.741165303 0.000000000
555 619 1780458814.190092564 -1.115301430 -1.375119512 -0.332454574 -1.234772706 -1.121456088 -0.266497248 -1.097946518 -0.733148866 0.000000000
556 620 1780458814.254513025 -1.116667709 -1.364459998 -0.336012078 -1.233855978 -1.110223427 -0.269257873 -1.094136385 -0.721136898 0.000000000
557 621 1780458814.332727432 -1.114348170 -1.356456803 -0.337679067 -1.229667402 -1.102774876 -0.270121161 -1.091471601 -0.713138606 0.000000000
558 622 1780458814.409332037 -1.115274070 -1.345927531 -0.342040926 -1.228344363 -1.092215924 -0.273494813 -1.087289302 -0.701157765 0.000000000
559 623 1780458814.489134073 -1.116990952 -1.335780309 -0.346566331 -1.227856149 -1.081919077 -0.277056494 -1.084378767 -0.693182781 0.000000000
560 624 1780458814.550016642 -1.116781507 -1.326337860 -0.348825587 -1.225566087 -1.072726216 -0.278412299 -1.079831248 -0.681240658 0.000000000
561 625 1780458814.636770964 -1.117416079 -1.313190258 -0.354329529 -1.223601578 -1.059544181 -0.282761364 -1.075067727 -0.669325289 0.000000000
562 626 1780458814.705796242 -1.116199081 -1.302854112 -0.356909611 -1.220194216 -1.049581027 -0.284385449 -1.071773150 -0.661397848 0.000000000
563 627 1780458814.790649652 -1.118930256 -1.280965460 -0.362615120 -1.219147003 -1.027464123 -0.288364406 -1.068384201 -0.653484193 0.000000000
564 628 1780458814.861989737 -1.118930256 -1.280965460 -0.362615120 -1.218336087 -1.027729384 -0.288087997 -1.063125185 -0.641641177 0.000000000
565 629 1780458814.950704575 -1.119397111 -1.259691957 -0.367095344 -1.215139004 -1.006602539 -0.290899661 -1.059502987 -0.633765207 0.000000000
566 630 1780458815.015370846 -1.119397111 -1.259691957 -0.367095344 -1.213992926 -1.006300270 -0.290868165 -1.053896860 -0.621982106 0.000000000
567 631 1780458815.097653866 -1.120320015 -1.238034509 -0.373115035 -1.210846948 -0.984068463 -0.295444174 -1.050045041 -0.614148308 0.000000000
568 632 1780458815.172008753 -1.120320015 -1.238034509 -0.373115035 -1.209700869 -0.983766196 -0.295412677 -1.044097107 -0.602431876 0.000000000
569 633 1780458815.249222040 -1.118804823 -1.228355224 -0.374977386 -1.205749501 -0.973974752 -0.296621565 -1.040023970 -0.594659132 0.000000000
570 634 1780458815.330013514 -1.116980336 -1.217085413 -0.377837157 -1.201268926 -0.962589493 -0.298726428 -1.033788584 -0.583155910 0.000000000
571 635 1780458815.398554802 -1.120442333 -1.205418705 -0.381420689 -1.201965040 -0.950058084 -0.301522201 -1.029572344 -0.575650831 0.000000000
572 636 1780458815.479061842 -1.117749126 -1.183549440 -0.387396673 -1.195170458 -0.928114084 -0.306068908 -1.023114488 -0.564491244 0.000000000
573 637 1780458815.550275087 -1.117749126 -1.183549440 -0.387396673 -1.194024376 -0.927811825 -0.306037409 -1.018706347 -0.557074939 0.000000000
574 638 1780458815.633441925 -1.113683552 -1.162382847 -0.392303992 -1.185958480 -0.906820561 -0.309571919 -1.011940807 -0.545987157 0.000000000
575 639 1780458815.702501774 -1.113683552 -1.162382847 -0.392303992 -1.184812398 -0.906518306 -0.309540420 -1.007328807 -0.538620647 0.000000000
576 640 1780458815.775246382 -1.112475387 -1.152389955 -0.394604156 -1.181097971 -0.896355867 -0.311178842 -1.000259316 -0.527610413 0.000000000
577 641 1780458815.848420858 -1.110191013 -1.141772119 -0.396755561 -1.176230504 -0.885732238 -0.312632541 -0.995445875 -0.520297488 0.000000000
578 642 1780458815.913880110 -1.108920864 -1.131405363 -0.398748096 -1.172689093 -0.875855218 -0.313959437 -0.988076014 -0.509370457 0.000000000
579 643 1780458815.990384817 -1.107592488 -1.120993786 -0.401265235 -1.169080712 -0.865909439 -0.315808831 -0.983075397 -0.502119680 0.000000000
580 644 1780458816.072394609 -1.102131955 -1.100115705 -0.405518153 -1.159943738 -0.846070265 -0.318745913 -0.975520544 -0.491326628 0.000000000
581 645 1780458816.153101683 -1.102131955 -1.100115705 -0.405518153 -1.159086757 -0.846393350 -0.318729350 -0.970411356 -0.484173029 0.000000000
582 646 1780458816.222484589 -1.099617593 -1.089745893 -0.408582029 -1.154307570 -0.836616763 -0.321132552 -0.962602267 -0.473492070 0.000000000
583 647 1780458816.304018021 -1.097767264 -1.078482815 -0.410144896 -1.150078076 -0.825958231 -0.321983978 -0.957299798 -0.466405245 0.000000000
584 648 1780458816.379849911 -1.095269948 -1.068683434 -0.411850250 -1.145405846 -0.816826042 -0.323069361 -0.949202257 -0.455827181 0.000000000
585 649 1780458816.456742287 -1.092252596 -1.057539140 -0.415536740 -1.140021414 -0.806314014 -0.326051519 -0.943708446 -0.448810767 0.000000000
586 650 1780458816.535977840 -1.089981791 -1.047008291 -0.417114466 -1.135477725 -0.796435020 -0.326967806 -0.935325296 -0.438341033 0.000000000
587 651 1780458816.616462708 -1.089117365 -1.035191055 -0.420188845 -1.132142650 -0.785002984 -0.329301161 -0.929641995 -0.431398642 0.000000000
588 652 1780458816.700111151 -1.082977675 -1.014460662 -0.425314713 -1.122362102 -0.765346174 -0.333143726 -0.920975953 -0.421042640 0.000000000
589 653 1780458816.762923479 -1.082977675 -1.014460662 -0.425314713 -1.121455234 -0.765218165 -0.333124154 -0.915104935 -0.414177865 0.000000000
590 654 1780458816.842370272 -1.080207408 -1.003474303 -0.428134309 -1.116294194 -0.754431958 -0.335256190 -0.906158598 -0.403940973 0.000000000
591 655 1780458816.927589893 -1.077193981 -0.994146340 -0.429914089 -1.111121609 -0.745382822 -0.336451676 -0.897045285 -0.393778125 0.000000000
592 656 1780458816.990645409 -1.075149066 -0.983878189 -0.431423480 -1.106779420 -0.735289895 -0.337323068 -0.890877410 -0.387044981 0.000000000
593 657 1780458817.076229334 -1.067197615 -0.963347695 -0.434855435 -1.095165726 -0.715744112 -0.339498695 -0.881487727 -0.377009829 0.000000000
594 658 1780458817.145966291 -1.067197615 -0.963347695 -0.434855435 -1.094258858 -0.715616107 -0.339479122 -0.875136385 -0.370363606 0.000000000
595 659 1780458817.216703415 -1.062370620 -0.952822286 -0.437603245 -1.087102394 -0.705583168 -0.341573647 -0.868712084 -0.363753154 0.000000000
596 660 1780458817.289955378 -1.057245416 -0.942562781 -0.439983652 -1.079686559 -0.695878456 -0.343318014 -0.858939352 -0.353905803 0.000000000
597 661 1780458817.363891125 -1.053583610 -0.931591897 -0.442927799 -1.073612725 -0.685238466 -0.345587046 -0.852333681 -0.347387293 0.000000000
598 662 1780458817.439269066 -1.048124299 -0.922858615 -0.444503388 -1.066077140 -0.677141092 -0.346619139 -0.842289971 -0.337680558 0.000000000
599 663 1780458817.516021967 -1.041995379 -0.912822336 -0.447022490 -1.057685309 -0.667796983 -0.348516624 -0.835504351 -0.331257597 0.000000000
600 664 1780458817.583915234 -1.036423639 -0.901957170 -0.449501552 -1.049726873 -0.657561367 -0.350328274 -0.825191747 -0.321696903 0.000000000
601 665 1780458817.662253618 -1.032602671 -0.890336688 -0.451892628 -1.043393886 -0.646342756 -0.352014046 -0.818227537 -0.315373122 0.000000000
602 666 1780458817.748882532 -1.027276982 -0.880309489 -0.454475587 -1.036337181 -0.637621226 -0.353735423 -0.807648034 -0.305963937 0.000000000
603 667 1780458817.831727743 -1.022295826 -0.870226793 -0.457099126 -1.029612512 -0.628795535 -0.355497726 -0.800506535 -0.299742996 0.000000000
604 668 1780458817.894407272 -1.016012114 -0.859644829 -0.459899197 -1.021525580 -0.619650093 -0.357406924 -0.789662039 -0.290490841 0.000000000
605 669 1780458817.975739002 -1.010106366 -0.849031076 -0.462457468 -1.013810091 -0.610435101 -0.359076759 -0.782344495 -0.284376441 0.000000000
606 670 1780458818.045650005 -1.005782480 -0.838761974 -0.465263065 -1.007705496 -0.601326345 -0.361020179 -0.771236831 -0.275286898 0.000000000
607 671 1780458818.114629507 -1.000255751 -0.827843225 -0.468131774 -1.000317463 -0.591741932 -0.362989516 -0.763744430 -0.269282786 0.000000000
608 672 1780458818.199497223 -0.993845248 -0.817838276 -0.470477307 -0.992187117 -0.583215104 -0.364488196 -0.752375342 -0.260361512 0.000000000
609 673 1780458818.263530016 -0.987630004 -0.807335437 -0.473648232 -0.984170762 -0.574124602 -0.366786457 -0.744709218 -0.254471486 0.000000000
610 674 1780458818.349672794 -0.980979634 -0.797002403 -0.475661322 -0.975758839 -0.565327700 -0.367939733 -0.733080370 -0.245724227 0.000000000
611 675 1780458818.429020166 -0.974917072 -0.785289468 -0.479427859 -0.967715902 -0.554989903 -0.370772023 -0.725241608 -0.239952148 0.000000000
612 676 1780458818.513488293 -0.962489510 -0.763447229 -0.484483339 -0.951934005 -0.535467167 -0.374320424 -0.713354585 -0.231384745 0.000000000
613 677 1780458818.584743738 -0.962489510 -0.763447229 -0.484483339 -0.950920213 -0.535699947 -0.374189322 -0.705344218 -0.225734545 0.000000000
614 678 1780458818.674273729 -0.950512756 -0.743019398 -0.489250409 -0.935119220 -0.517178347 -0.377674254 -0.689118545 -0.214584400 0.000000000
615 679 1780458818.727738380 -0.950512756 -0.743019398 -0.489250409 -0.934105429 -0.517411129 -0.377543152 -0.685019543 -0.211828640 0.000000000
616 680 1780458818.822533131 -0.936830477 -0.722738534 -0.493416332 -0.916626523 -0.499324888 -0.380442959 -0.672620632 -0.203638936 0.000000000
617 681 1780458818.889594316 -0.936830477 -0.722738534 -0.493416332 -0.915612732 -0.499557673 -0.380311857 -0.664269953 -0.198244609 0.000000000
618 682 1780458818.971086264 -0.931044665 -0.711292321 -0.495992392 -0.907211048 -0.489171855 -0.382127999 -0.651617181 -0.190253011 0.000000000
619 683 1780458819.051408052 -0.924921225 -0.700632597 -0.498679250 -0.898582111 -0.479609911 -0.384098851 -0.643097698 -0.184992864 0.000000000
620 684 1780458819.131966114 -0.917797283 -0.690017340 -0.501078758 -0.888968192 -0.470254924 -0.385785491 -0.630192356 -0.177205743 0.000000000
621 685 1780458819.207257748 -0.909903655 -0.678631666 -0.503614642 -0.878476026 -0.460247198 -0.387569019 -0.621504905 -0.172084079 0.000000000
622 686 1780458819.284317255 -0.902251310 -0.668612276 -0.505593476 -0.868421475 -0.451587748 -0.388871439 -0.608348212 -0.164507977 0.000000000
623 687 1780458819.361240149 -0.894380902 -0.657856478 -0.508152697 -0.858034605 -0.442207251 -0.390717731 -0.599493582 -0.159529217 0.000000000
624 688 1780458819.431510210 -0.886521511 -0.647639306 -0.510782276 -0.847732198 -0.433358409 -0.392665267 -0.586086684 -0.152170863 0.000000000
625 689 1780458819.508549452 -0.878551183 -0.635925584 -0.514617480 -0.837085605 -0.422991271 -0.395742999 -0.572530183 -0.144946472 0.000000000
626 690 1780458819.589586973 -0.870633426 -0.625584936 -0.516638577 -0.826870344 -0.414256784 -0.397150710 -0.563409587 -0.140205890 0.000000000
627 691 1780458819.661609888 -0.863702242 -0.616205366 -0.518175023 -0.817774504 -0.406353620 -0.398128527 -0.554222771 -0.135526743 0.000000000
628 692 1780458819.728232622 -0.856428279 -0.606408566 -0.519499495 -0.808278470 -0.398101524 -0.398875236 -0.540318611 -0.128624915 0.000000000
629 693 1780458819.815054893 -0.847575501 -0.596095469 -0.521930392 -0.797131751 -0.389520037 -0.400699531 -0.530966690 -0.124102778 0.000000000
630 694 1780458819.880155802 -0.840467066 -0.586315888 -0.523864644 -0.787791725 -0.381235318 -0.402061865 -0.516815325 -0.117440204 0.000000000
631 695 1780458819.954845905 -0.832781018 -0.577873060 -0.525126204 -0.778082378 -0.374391611 -0.402819773 -0.507298890 -0.113080104 0.000000000
632 696 1780458820.041334391 -0.825148453 -0.567613031 -0.527711695 -0.768142532 -0.365683204 -0.404812783 -0.492901169 -0.106664466 0.000000000
633 697 1780458820.108422756 -0.816215088 -0.557221561 -0.530580206 -0.756891997 -0.357026961 -0.407081414 -0.483220760 -0.102471622 0.000000000
634 698 1780458820.190478563 -0.808388634 -0.548426013 -0.531905308 -0.746985902 -0.349859544 -0.407892149 -0.468577453 -0.096310898 0.000000000
635 699 1780458820.260834455 -0.799832028 -0.538756396 -0.534427291 -0.736214584 -0.341882723 -0.409856427 -0.458733558 -0.092290736 0.000000000
636 700 1780458820.343186140 -0.790526713 -0.529071774 -0.537184230 -0.724696607 -0.333994285 -0.412055403 -0.443845354 -0.086393234 0.000000000
637 701 1780458820.414574146 -0.782400755 -0.519610538 -0.539271499 -0.714709009 -0.326229485 -0.413556915 -0.433838404 -0.082551408 0.000000000
638 702 1780458820.493528366 -0.773795017 -0.510689555 -0.540410600 -0.704335032 -0.319116958 -0.414138987 -0.418705909 -0.076925794 0.000000000
639 703 1780458820.562704802 -0.764745501 -0.501552544 -0.542659049 -0.693477769 -0.311808234 -0.415820709 -0.408536278 -0.073268209 0.000000000
640 704 1780458820.632287502 -0.755613733 -0.491619641 -0.545390805 -0.682413955 -0.303706210 -0.417950463 -0.398301668 -0.069686035 0.000000000
641 705 1780458820.716041088 -0.735990814 -0.472862583 -0.550487516 -0.659631781 -0.288358432 -0.422006773 -0.382828013 -0.064456377 0.000000000
642 706 1780458820.793044567 -0.735990814 -0.472862583 -0.550487516 -0.659108577 -0.288823927 -0.421898789 -0.369581676 -0.060188015 0.000000000
643 707 1780458820.877653599 -0.727528565 -0.466861482 -0.550690981 -0.649315952 -0.284627535 -0.421696397 -0.356999160 -0.056250864 0.000000000
644 708 1780458820.944302082 -0.718362716 -0.460024435 -0.552708251 -0.638684296 -0.279631714 -0.423267872 -0.348558979 -0.053690470 0.000000000
645 709 1780458821.018950701 -0.709011859 -0.454159524 -0.553511336 -0.628026321 -0.275680885 -0.423672844 -0.340077344 -0.051182237 0.000000000
646 710 1780458821.085648060 -0.700516853 -0.445660929 -0.556494617 -0.617796346 -0.268904965 -0.426140063 -0.327277189 -0.047518954 0.000000000
647 711 1780458821.166465759 -0.691366872 -0.438849062 -0.558051608 -0.607185344 -0.263959701 -0.427260027 -0.318691964 -0.045143670 0.000000000
648 712 1780458821.240979671 -0.681816315 -0.432104363 -0.559803008 -0.597558470 -0.258789263 -0.427725584 -0.305736458 -0.041682611 0.000000000
649 713 1780458821.313592196 -0.672872614 -0.421631423 -0.563228877 -0.587949553 -0.249776815 -0.429703833 -0.297671249 -0.039635313 0.000000000
650 714 1780458821.399483681 -0.664216013 -0.415935332 -0.564731506 -0.579364329 -0.245525682 -0.429977668 -0.287850805 -0.037178311 0.000000000
651 715 1780458821.473442078 -0.656663609 -0.411232895 -0.566276069 -0.572020121 -0.242089384 -0.430342478 -0.277977940 -0.034792755 0.000000000
652 716 1780458821.543627977 -0.649951248 -0.407821203 -0.566599304 -0.565712082 -0.239854532 -0.429547483 -0.271366906 -0.033242537 0.000000000
653 717 1780458821.622604370 -0.642495314 -0.402077588 -0.568831743 -0.558296096 -0.235353996 -0.430561750 -0.261406662 -0.030978142 0.000000000
654 718 1780458821.695792437 -0.630040456 -0.399147179 -0.571522344 -0.546368442 -0.234384874 -0.432152270 -0.254737366 -0.029509585 0.000000000
655 719 1780458821.763710499 -0.622530360 -0.392246349 -0.575314028 -0.538706615 -0.228693739 -0.434683292 -0.248044759 -0.028074200 0.000000000
656 720 1780458821.848808289 -0.615721802 -0.386512236 -0.576798576 -0.531932931 -0.224145254 -0.434962559 -0.237963230 -0.025983485 0.000000000
657 721 1780458821.936220884 -0.606683421 -0.379890845 -0.580997748 -0.522799034 -0.218959752 -0.437920415 -0.227877413 -0.023966830 0.000000000
658 722 1780458822.003762722 -0.599466891 -0.372252959 -0.584586322 -0.515309798 -0.212517780 -0.440231507 -0.221210178 -0.022663195 0.000000000
659 723 1780458822.082541466 -0.591390377 -0.367217230 -0.586470022 -0.507385306 -0.208850843 -0.440949113 -0.211347202 -0.020768062 0.000000000
660 724 1780458822.166208267 -0.583596629 -0.362853735 -0.588512697 -0.499843054 -0.205801021 -0.441856173 -0.204531178 -0.019549753 0.000000000
661 725 1780458822.237254858 -0.576464807 -0.355451676 -0.592288213 -0.492468025 -0.199584911 -0.444377340 -0.199580310 -0.018711178 0.000000000
662 726 1780458822.322389603 -0.569340555 -0.348711775 -0.595280691 -0.485207110 -0.194056105 -0.446146633 -0.192703268 -0.017552347 0.000000000
663 727 1780458822.398402214 -0.565569129 -0.344745058 -0.596241345 -0.480764472 -0.191027573 -0.446452561 -0.188106220 -0.016799152 0.000000000
664 728 1780458822.468229771 -0.559680576 -0.342619257 -0.597290251 -0.474520188 -0.190148299 -0.446921867 -0.181441750 -0.015691703 0.000000000
665 729 1780458822.548898458 -0.562218829 -0.337398956 -0.598906039 -0.476104245 -0.184863901 -0.447832457 -0.177340633 -0.014962072 0.000000000
666 730 1780458822.630959272 -0.556849011 -0.334888879 -0.600237294 -0.470309447 -0.183518085 -0.448572553 -0.171757425 -0.013875880 0.000000000
667 731 1780458822.698468924 -0.552744153 -0.332668507 -0.600633389 -0.465813376 -0.182294021 -0.448388973 -0.168444435 -0.013154309 0.000000000
668 732 1780458822.783484221 -0.550318018 -0.330201296 -0.602157478 -0.462929997 -0.180519866 -0.449322605 -0.163690086 -0.012087191 0.000000000
669 733 1780458822.861269474 -0.545118713 -0.330597127 -0.604651944 -0.457761591 -0.181979780 -0.451335412 -0.160516081 -0.011389349 0.000000000
670 734 1780458822.941876650 -0.539344575 -0.327015046 -0.608482420 -0.451385231 -0.179563212 -0.454543657 -0.155745156 -0.010356241 0.000000000
671 735 1780458823.013281345 -0.535548857 -0.323275179 -0.610243679 -0.446943730 -0.176749955 -0.455677025 -0.152560651 -0.009681812 0.000000000
672 736 1780458823.095469236 -0.534901924 -0.322904588 -0.609968099 -0.446157729 -0.176826634 -0.454886919 -0.147778435 -0.008692153 0.000000000
673 737 1780458823.160215616 -0.532672717 -0.322632884 -0.611527458 -0.443819966 -0.177193357 -0.455937951 -0.144586724 -0.008047054 0.000000000
674 738 1780458823.244732857 -0.529513396 -0.322152920 -0.610841155 -0.440537821 -0.177581812 -0.454740334 -0.139793930 -0.007101442 0.000000000
675 739 1780458823.315794468 -0.522522816 -0.320555395 -0.612868573 -0.433286315 -0.177398768 -0.456228418 -0.136598939 -0.006492418 0.000000000
676 740 1780458823.397243738 -0.520165859 -0.318443946 -0.615406315 -0.430522674 -0.175944288 -0.458198882 -0.131803791 -0.005605420 0.000000000
677 741 1780458823.481188297 -0.513586942 -0.317079010 -0.616620308 -0.423717622 -0.175956911 -0.458883876 -0.127002352 -0.004744331 0.000000000
678 742 1780458823.552142382 -0.511941002 -0.313830929 -0.616795690 -0.421475362 -0.173345097 -0.458457672 -0.123797943 -0.004184616 0.000000000
679 743 1780458823.632243395 -0.510189747 -0.312938828 -0.617097805 -0.419512502 -0.173070511 -0.458233995 -0.120590808 -0.003636341 0.000000000
680 744 1780458823.716913700 -0.503516281 -0.308948543 -0.619461517 -0.412183067 -0.170483130 -0.459992388 -0.115775056 -0.002835320 0.000000000
681 745 1780458823.781444550 -0.501249857 -0.307478643 -0.619682552 -0.409617091 -0.169727359 -0.459673274 -0.112561229 -0.002315525 0.000000000
682 746 1780458823.863382101 -0.494204033 -0.309337329 -0.620355826 -0.402882698 -0.173026001 -0.459923921 -0.107735572 -0.001557094 0.000000000
683 747 1780458823.944128513 -0.485440764 -0.307868944 -0.621139715 -0.393907499 -0.173326666 -0.460193892 -0.102904104 -0.000824096 0.000000000
684 748 1780458824.015678883 -0.481695057 -0.304704192 -0.622189395 -0.389600994 -0.171122813 -0.460662890 -0.099679945 -0.000349517 0.000000000
685 749 1780458824.100597858 -0.478624936 -0.302642644 -0.622253180 -0.386143262 -0.169925077 -0.460177134 -0.094839009 0.000341284 0.000000000
686 750 1780458824.173259735 -0.473901214 -0.297350317 -0.624934201 -0.380517419 -0.165743702 -0.462225511 -0.091608630 0.000787811 0.000000000
687 751 1780458824.260313988 -0.468569737 -0.296004332 -0.626317236 -0.374894502 -0.165645893 -0.463145295 -0.086758505 0.001436647 0.000000000
688 752 1780458824.324968100 -0.465604646 -0.294665426 -0.627528048 -0.371606257 -0.165168535 -0.463883868 -0.083522107 0.001855250 0.000000000
689 753 1780458824.412603617 -0.461843966 -0.289365153 -0.627415211 -0.366872545 -0.160956714 -0.463198777 -0.078663842 0.002461130 0.000000000
690 754 1780458824.479230881 -0.460336609 -0.285626127 -0.629140311 -0.364620338 -0.157859901 -0.464384064 -0.075422777 0.002850124 0.000000000
691 755 1780458824.560663700 -0.457718502 -0.285144969 -0.629721919 -0.361817384 -0.158191088 -0.464517016 -0.072179993 0.003227167 0.000000000
692 756 1780458824.629684448 -0.454338837 -0.283568482 -0.631575273 -0.358080793 -0.157539278 -0.465898160 -0.067312705 0.003770310 0.000000000
693 757 1780458824.705121040 -0.449050269 -0.282179517 -0.633297059 -0.352493947 -0.157398615 -0.467163352 -0.064065845 0.004117447 0.000000000
694 758 1780458824.784192085 -0.445787398 -0.281578032 -0.635418380 -0.349037160 -0.157685445 -0.468837732 -0.059192680 0.004615698 0.000000000
695 759 1780458824.865805864 -0.440809942 -0.277945821 -0.637527290 -0.343378893 -0.155277849 -0.470437925 -0.055942059 0.004932887 0.000000000
696 760 1780458824.940109015 -0.439690370 -0.275951038 -0.637021044 -0.341795560 -0.153895960 -0.469442888 -0.051063490 0.005386185 0.000000000
697 761 1780458825.015775204 -0.437496464 -0.273674721 -0.637463346 -0.339106587 -0.152396945 -0.469396890 -0.047809425 0.005673386 0.000000000
698 762 1780458825.102572203 -0.433659880 -0.275690276 -0.637626720 -0.335527146 -0.155412767 -0.469178182 -0.042925925 0.006081675 0.000000000
699 763 1780458825.166422844 -0.430219046 -0.272522230 -0.640708510 -0.331461985 -0.153190483 -0.471761728 -0.039668732 0.006338851 0.000000000
700 764 1780458825.244543314 -0.424558789 -0.269286172 -0.643831205 -0.325198183 -0.151281561 -0.474400055 -0.034780779 0.006702076 0.000000000
701 765 1780458825.318722486 -0.421105367 -0.269246092 -0.644764775 -0.321649576 -0.152194306 -0.474904908 -0.031520775 0.006929194 0.000000000
702 766 1780458825.399534225 -0.417355754 -0.268190878 -0.645636880 -0.317635455 -0.152160759 -0.475330059 -0.026628843 0.007247309 0.000000000
703 767 1780458825.477866173 -0.412873109 -0.264970173 -0.648143694 -0.312532216 -0.150088134 -0.477352399 -0.023366346 0.007444338 0.000000000
704 768 1780458825.545697212 -0.405969585 -0.263206944 -0.649622127 -0.305291391 -0.149890728 -0.478392673 -0.018470913 0.007717297 0.000000000
705 769 1780458825.626144409 -0.404312540 -0.261168459 -0.648925589 -0.303163971 -0.148564407 -0.477220082 -0.013573608 0.007963144 0.000000000
706 770 1780458825.693399906 -0.401946812 -0.258256461 -0.650107192 -0.300193535 -0.146464391 -0.477915261 -0.010307783 0.008111972 0.000000000
707 771 1780458825.775107145 -0.396969597 -0.257178444 -0.650554023 -0.294965035 -0.146637321 -0.477928349 -0.005407742 0.008312601 0.000000000
708 772 1780458825.842384815 -0.391216237 -0.256044118 -0.650256876 -0.288959490 -0.146904883 -0.477203267 -0.002140252 0.008431274 0.000000000
709 773 1780458825.910631180 -0.380198757 -0.252019644 -0.654374499 -0.277286018 -0.145163579 -0.480882531 0.001127814 0.008537877 0.000000000
710 774 1780458825.998604059 -0.377027632 -0.249295988 -0.655434890 -0.273552342 -0.143397177 -0.481472434 0.006030882 0.008675148 0.000000000
711 775 1780458826.065719843 -0.373483178 -0.246208391 -0.658147065 -0.269257553 -0.141780962 -0.483739569 0.009300167 0.008751567 0.000000000
712 776 1780458826.149182558 -0.366941655 -0.241776652 -0.660433594 -0.261774963 -0.139373900 -0.485585189 0.014204822 0.008843548 0.000000000
713 777 1780458826.214181423 -0.362639612 -0.241662527 -0.660965437 -0.257243483 -0.140857111 -0.485727077 0.017475004 0.008889766 0.000000000
714 778 1780458826.293517828 -0.357788576 -0.238856622 -0.663443945 -0.251710502 -0.139757216 -0.487781177 0.022380767 0.008936434 0.000000000
715 779 1780458826.381842375 -0.353925255 -0.235553563 -0.663750037 -0.247050552 -0.138030698 -0.487650068 0.027286962 0.008955906 0.000000000
716 780 1780458826.445508242 -0.353925255 -0.235553563 -0.663750037 -0.246771961 -0.138882604 -0.487228180 0.030557915 0.008953775 0.000000000
717 781 1780458826.528991461 -0.349802829 -0.233207925 -0.663717983 -0.242022189 -0.138151727 -0.486778322 0.035464448 0.008927907 0.000000000
718 782 1780458826.599227667 -0.343693202 -0.231593066 -0.664864837 -0.235452387 -0.138474714 -0.487536052 0.038735465 0.008895545 0.000000000
719 783 1780458826.670003653 -0.340948007 -0.231076618 -0.663957615 -0.232374567 -0.139315683 -0.486225312 0.041972863 0.008833374 0.000000000
720 784 1780458826.761974812 -0.332434889 -0.226766907 -0.665428475 -0.222965031 -0.137411526 -0.487300134 0.046846927 0.008707706 0.000000000
721 785 1780458826.818554401 -0.332434889 -0.226766907 -0.665428475 -0.222686442 -0.138263434 -0.486878246 0.050095926 0.008608386 0.000000000
722 786 1780458826.902674198 -0.335685883 -0.222146155 -0.664498988 -0.224780116 -0.134003551 -0.485443334 0.054968927 0.008436350 0.000000000
723 787 1780458826.985417366 -0.328414535 -0.222635551 -0.666978294 -0.217452323 -0.136597849 -0.487577180 0.058217404 0.008306540 0.000000000
724 788 1780458827.087596178 -0.323788903 -0.220783279 -0.668187867 -0.212302041 -0.136435555 -0.488391595 0.063090271 0.008089769 0.000000000
725 789 1780458827.173022032 -0.320741245 -0.216758847 -0.668094545 -0.208306398 -0.133871922 -0.487866930 0.067964467 0.007847932 0.000000000
726 790 1780458827.256143570 -0.317277347 -0.214033397 -0.668915414 -0.204140013 -0.132651201 -0.488275542 0.071215828 0.007674089 0.000000000
727 791 1780458827.345192194 -0.311952966 -0.213029372 -0.668998501 -0.198444262 -0.133466115 -0.487983940 0.076098853 0.007397782 0.000000000
728 792 1780458827.436536312 -0.307880710 -0.208807265 -0.668803194 -0.193401438 -0.130895438 -0.487373504 0.079361231 0.007206396 0.000000000
729 793 1780458827.518376350 -0.307394778 -0.205551746 -0.670211277 -0.192073972 -0.128617440 -0.488337530 0.082626801 0.007006879 0.000000000
730 794 1780458827.604609966 -0.300194918 -0.204157046 -0.670772061 -0.184467824 -0.129384618 -0.488545946 0.087523686 0.006684937 0.000000000
731 795 1780458827.690133333 -0.296563536 -0.201597210 -0.672353589 -0.180172343 -0.128356512 -0.489727494 0.092418651 0.006335802 0.000000000
732 796 1780458827.774706364 -0.291449462 -0.199874015 -0.672580021 -0.174555464 -0.128432398 -0.489579086 0.095680809 0.006087941 0.000000000
733 797 1780458827.855161905 -0.291235489 -0.196621575 -0.673402917 -0.173488121 -0.126116714 -0.489960638 0.098941985 0.005828000 0.000000000
734 798 1780458827.946724892 -0.287191842 -0.192282401 -0.672831829 -0.168510436 -0.123715947 -0.489489237 0.103831795 0.005415444 0.000000000
735 799 1780458828.020809650 -0.281838679 -0.189706834 -0.674738767 -0.162590176 -0.123266992 -0.491524186 0.108719104 0.004975722 0.000000000
736 800 1780458828.108294487 -0.276186368 -0.183426160 -0.675158671 -0.155688468 -0.119241638 -0.492056285 0.111975835 0.004667487 0.000000000
737 801 1780458828.164824486 -0.276186368 -0.183426160 -0.675158671 -0.155477834 -0.120373371 -0.492134731 0.115231326 0.004347186 0.000000000
738 802 1780458828.250688076 -0.273401874 -0.180652134 -0.672036612 -0.151989696 -0.119305264 -0.489112442 0.120112123 0.003844119 0.000000000
739 803 1780458828.329635859 -0.267084754 -0.177404477 -0.674510922 -0.145006849 -0.118372329 -0.491730524 0.123364286 0.003493670 0.000000000
740 804 1780458828.404236555 -0.263782867 -0.172957608 -0.675899472 -0.140757949 -0.115721647 -0.493219971 0.128239851 0.002945399 0.000000000
741 805 1780458828.473106146 -0.261902228 -0.170396302 -0.675793707 -0.138230894 -0.114677602 -0.493206444 0.131488365 0.002564826 0.000000000
742 806 1780458828.543188810 -0.259132301 -0.165560879 -0.675483872 -0.134412388 -0.111561085 -0.492992597 0.136358213 0.001971390 0.000000000
743 807 1780458828.620084763 -0.251042839 -0.162959803 -0.676106765 -0.125782252 -0.111605568 -0.493794122 0.139602754 0.001560722 0.000000000
744 808 1780458828.700566530 -0.246705467 -0.159731364 -0.675617488 -0.120712049 -0.110357115 -0.493431798 0.144466402 0.000922165 0.000000000
745 809 1780458828.767718792 -0.239733862 -0.159060081 -0.676011515 -0.113530254 -0.112099371 -0.493999423 0.147706648 0.000481432 0.000000000
746 810 1780458828.844226599 -0.235314701 -0.156613470 -0.676453507 -0.108534006 -0.111630825 -0.494575078 0.152563610 -0.000202197 0.000000000
747 811 1780458828.914888620 -0.230424384 -0.156096607 -0.676191613 -0.103417939 -0.113150232 -0.494460295 0.155799239 -0.000672961 0.000000000
748 812 1780458829.012220621 -0.225092959 -0.149139402 -0.679036537 -0.096731854 -0.108404160 -0.497443951 0.160649032 -0.001401609 0.000000000
749 813 1780458829.061970234 -0.225092959 -0.149139402 -0.679036537 -0.096521225 -0.109535893 -0.497522397 0.163879720 -0.001902367 0.000000000
750 814 1780458829.155698061 -0.219940296 -0.140070735 -0.677970799 -0.089567170 -0.102702642 -0.496595032 0.168721861 -0.002675976 0.000000000
751 815 1780458829.221690178 -0.219940296 -0.140070735 -0.677970799 -0.089356542 -0.103834375 -0.496673478 0.171567728 -0.003154874 0.000000000
752 816 1780458829.301697016 -0.216096534 -0.139429607 -0.677746978 -0.085246926 -0.105042954 -0.496585726 0.173990538 -0.003560728 0.000000000
753 817 1780458829.380803585 -0.214612645 -0.136546626 -0.678459411 -0.083058316 -0.103611013 -0.497396439 0.175601710 -0.003834435 0.000000000
754 818 1780458829.464746237 -0.213892772 -0.136574621 -0.677846957 -0.082136074 -0.104904932 -0.496873720 0.178017409 -0.004250602 0.000000000
755 819 1780458829.552363873 -0.214789305 -0.133069566 -0.676567487 -0.082141154 -0.102430737 -0.495657191 0.180431819 -0.004673495 0.000000000
756 820 1780458829.632466793 -0.212583523 -0.133157597 -0.674435926 -0.079745822 -0.104062229 -0.493639435 0.182040698 -0.004959158 0.000000000
757 821 1780458829.696016312 -0.209008983 -0.131602271 -0.672005266 -0.075697039 -0.104331826 -0.491345175 0.183648987 -0.005247807 0.000000000
758 822 1780458829.779696465 -0.210301355 -0.134122833 -0.669512817 -0.077181907 -0.107708625 -0.488909514 0.186060302 -0.005686380 0.000000000
759 823 1780458829.853595495 -0.207510321 -0.131330684 -0.670084324 -0.073721918 -0.106610816 -0.489607115 0.187667421 -0.005983164 0.000000000
760 824 1780458829.948527813 -0.201424418 -0.132439843 -0.669017652 -0.067929495 -0.108828885 -0.488640556 0.190078247 -0.006436558 0.000000000
761 825 1780458830.020477772 -0.201424418 -0.132439843 -0.669017652 -0.067929495 -0.108828885 -0.488640556 0.191685551 -0.006744287 0.000000000
762 826 1780458830.090532541 -0.202598808 -0.132236883 -0.666477336 -0.069004018 -0.108417608 -0.486081290 0.194096617 -0.007214059 0.000000000
763 827 1780458830.183121443 -0.199633310 -0.131806024 -0.665436889 -0.065993252 -0.108544967 -0.485090625 0.196507790 -0.007693618 0.000000000
764 828 1780458830.243018627 -0.199633310 -0.131806024 -0.665436889 -0.065993252 -0.108544967 -0.485090625 0.198115285 -0.008018746 0.000000000
765 829 1780458830.326264381 -0.199055157 -0.129088572 -0.663138067 -0.064884547 -0.105986272 -0.482804309 0.199722807 -0.008348203 0.000000000
766 830 1780458830.396014690 -0.194740480 -0.130625397 -0.662663831 -0.060921416 -0.108295718 -0.482400296 0.202134125 -0.008850486 0.000000000
767 831 1780458830.463665009 -0.197122708 -0.126463859 -0.662185432 -0.062484462 -0.103766362 -0.481886388 0.203729537 -0.009188642 0.000000000
768 832 1780458830.543187857 -0.195086552 -0.127483819 -0.661933147 -0.060668254 -0.105145906 -0.481666964 0.203832070 -0.009211046 0.000000000
769 833 1780458830.610090971 -0.191953447 -0.123181558 -0.662690041 -0.056806260 -0.101495855 -0.482479865 0.203832070 -0.009211046 0.000000000
770 834 1780458830.689827919 -0.192839047 -0.121778189 -0.661675514 -0.057400113 -0.099955052 -0.481452117 0.203832070 -0.009211046 0.000000000
771 835 1780458830.752315998 -0.193744617 -0.121122032 -0.661326110 -0.058162782 -0.099143453 -0.481088355 0.203832070 -0.009211046 0.000000000
772 836 1780458830.819355011 -0.194673359 -0.119817710 -0.659503908 -0.058804030 -0.097693732 -0.479252232 0.203832070 -0.009211046 0.000000000
773 837 1780458830.905176640 -0.195434579 -0.119512886 -0.658251807 -0.059474970 -0.097256029 -0.477987958 0.203832070 -0.009211046 0.000000000
774 838 1780458831.013990164 -0.196680344 -0.119623550 -0.657708839 -0.060710580 -0.097135498 -0.477424281 0.203832070 -0.009211046 0.000000000
775 839 1780458831.067645550 -0.198304492 -0.118401580 -0.657181990 -0.062071730 -0.095635307 -0.476871711 0.203832070 -0.009211046 0.000000000
776 840 1780458831.130736828 -0.200228047 -0.116728803 -0.655874492 -0.063630810 -0.093638370 -0.475534058 0.203832070 -0.009211046 0.000000000
777 841 1780458831.203561306 -0.202159805 -0.114845883 -0.654047983 -0.065150517 -0.091434508 -0.473677531 0.203832070 -0.009211046 0.000000000
778 842 1780458831.275683641 -0.203645819 -0.113166806 -0.652530888 -0.066275046 -0.089512764 -0.472137580 0.203832070 -0.009211046 0.000000000
779 843 1780458831.346662998 -0.203518101 -0.111046603 -0.650806322 -0.065728893 -0.087456462 -0.470417395 0.203832070 -0.009211046 0.000000000
780 844 1780458831.441493273 -0.204264202 -0.110309574 -0.650246937 -0.066316446 -0.086595332 -0.469846406 0.203832070 -0.009211046 0.000000000
781 845 1780458831.495290041 -0.206055615 -0.108061387 -0.648836124 -0.067637533 -0.084057581 -0.468408195 0.203832070 -0.009211046 0.000000000
782 846 1780458831.569259167 -0.206865016 -0.107467666 -0.648496174 -0.068317413 -0.083325110 -0.468055422 0.203832070 -0.009211046 0.000000000
783 847 1780458831.643283606 -0.208880516 -0.105546788 -0.647051678 -0.069918683 -0.081067638 -0.466579502 0.203832070 -0.009211046 0.000000000
784 848 1780458831.714591503 -0.210214234 -0.104101321 -0.645586144 -0.070937632 -0.079403535 -0.465093410 0.203832070 -0.009211046 0.000000000
785 849 1780458831.784629822 -0.211637174 -0.102380522 -0.645565871 -0.072017148 -0.077449263 -0.465051160 0.203832070 -0.009211046 0.000000000
786 850 1780458831.860803366 -0.211738897 -0.101750271 -0.644859023 -0.071988855 -0.076812582 -0.464343323 0.203832070 -0.009211046 0.000000000
787 851 1780458831.939403534 -0.213709777 -0.100479971 -0.644016169 -0.073676553 -0.075201430 -0.463469081 0.203832070 -0.009211046 0.000000000
788 852 1780458832.005968094 -0.214588285 -0.097852032 -0.643593009 -0.074046652 -0.072457245 -0.463033904 0.203832070 -0.009211046 0.000000000
789 853 1780458832.083268404 -0.215261426 -0.096271257 -0.642079506 -0.074390696 -0.070782465 -0.461510944 0.203832070 -0.009211046 0.000000000
790 854 1780458832.151190042 -0.217068160 -0.094375476 -0.640034970 -0.075781580 -0.068589556 -0.459438507 0.203832070 -0.009211046 0.000000000
791 855 1780458832.231570005 -0.217341587 -0.092884553 -0.638636014 -0.075751374 -0.067076773 -0.458036628 0.203832070 -0.009211046 0.000000000
792 856 1780458832.317868233 -0.218090450 -0.091356669 -0.637097889 -0.076179201 -0.065440016 -0.456487742 0.203832070 -0.009211046 0.000000000
793 857 1780458832.390724421 -0.217819257 -0.090640332 -0.635977988 -0.075761742 -0.064788598 -0.455373181 0.203832070 -0.009211046 0.000000000
794 858 1780458832.453237057 -0.219987757 -0.089154115 -0.634973639 -0.077601017 -0.062929045 -0.454334392 0.203832070 -0.009211046 0.000000000
795 859 1780458832.523476839 -0.220784987 -0.088555325 -0.634285879 -0.078262265 -0.062194584 -0.453634065 0.203832070 -0.009211046 0.000000000
796 860 1780458832.595544100 -0.221812380 -0.087858971 -0.633021978 -0.079122122 -0.061322898 -0.452353949 0.203832070 -0.009211046 0.000000000
797 861 1780458832.695360184 -0.223089922 -0.086376925 -0.631542230 -0.080078872 -0.059633268 -0.450854612 0.203832070 -0.009211046 0.000000000
798 862 1780458832.727969170 -0.223089922 -0.086376925 -0.631542230 -0.080078872 -0.059633268 -0.450854612 0.203832070 -0.009211046 0.000000000
799 863 1780458832.810732365 -0.224333983 -0.085644997 -0.629892349 -0.081138682 -0.058687366 -0.449185006 0.203832070 -0.009211046 0.000000000
800 864 1780458832.898959637 -0.225000376 -0.085077078 -0.629437083 -0.081680914 -0.058006950 -0.448719283 0.203832070 -0.009211046 0.000000000
801 865 1780458832.962952614 -0.226108248 -0.083333029 -0.627690974 -0.082418085 -0.056091794 -0.446956689 0.203832070 -0.009211046 0.000000000
802 866 1780458833.045039415 -0.226407366 -0.082139497 -0.626880445 -0.082477840 -0.054865260 -0.446142445 0.203832070 -0.009211046 0.000000000
803 867 1780458833.120423317 -0.227289447 -0.080416751 -0.625591582 -0.083004629 -0.053011831 -0.444840762 0.203832070 -0.009211046 0.000000000
804 868 1780458833.203677654 -0.229559490 -0.078350105 -0.624264176 -0.084830978 -0.050563772 -0.443477828 0.203832070 -0.009211046 0.000000000
805 869 1780458833.276687622 -0.231586073 -0.076511888 -0.622743614 -0.086457175 -0.048385648 -0.441925589 0.203832070 -0.009211046 0.000000000
806 870 1780458833.344339848 -0.233416999 -0.075953230 -0.621560357 -0.088133388 -0.047500470 -0.440712636 0.203832070 -0.009211046 0.000000000
807 871 1780458833.415744305 -0.234503838 -0.075287784 -0.620003109 -0.089052538 -0.046648787 -0.439138196 0.203832070 -0.009211046 0.000000000
808 872 1780458833.485445261 -0.236311724 -0.074027911 -0.618797589 -0.090576026 -0.045078806 -0.437904034 0.203832070 -0.009211046 0.000000000
809 873 1780458833.557707071 -0.237509651 -0.072799057 -0.617402319 -0.091502776 -0.043652546 -0.436490245 0.203832070 -0.009211046 0.000000000
810 874 1780458833.625643492 -0.238826821 -0.071706990 -0.616593579 -0.092581672 -0.042337401 -0.435660793 0.203832070 -0.009211046 0.000000000
811 875 1780458833.692755222 -0.240222966 -0.070106323 -0.615171155 -0.093633962 -0.040509137 -0.434216917 0.203832070 -0.009211046 0.000000000
812 876 1780458833.758504868 -0.240754641 -0.068492696 -0.614099089 -0.093840202 -0.038827299 -0.433137713 0.203832070 -0.009211046 0.000000000
813 877 1780458833.837038994 -0.242261507 -0.066809528 -0.613079175 -0.094992662 -0.036896617 -0.432094533 0.203832070 -0.009211046 0.000000000
814 878 1780458833.909909725 -0.243630191 -0.063796039 -0.611543374 -0.095754741 -0.033685236 -0.430539098 0.203832070 -0.009211046 0.000000000
815 879 1780458834.002657175 -0.245131031 -0.062314394 -0.610922204 -0.096945134 -0.031952864 -0.429894514 0.203832070 -0.009211046 0.000000000
816 880 1780458834.079183102 -0.246869500 -0.060683242 -0.608728091 -0.098315429 -0.030032963 -0.427673402 0.203832070 -0.009211046 0.000000000
817 881 1780458834.153354645 -0.247388507 -0.060425672 -0.608065908 -0.098766839 -0.029685244 -0.427002941 0.203832070 -0.009211046 0.000000000
818 882 1780458834.235528231 -0.248836153 -0.058740013 -0.607496602 -0.099868078 -0.027762108 -0.426411291 0.203832070 -0.009211046 0.000000000
819 883 1780458834.317512989 -0.250011063 -0.057011568 -0.606156121 -0.100680696 -0.025849019 -0.425053142 0.203832070 -0.009211046 0.000000000
820 884 1780458834.415991545 -0.250841980 -0.056758593 -0.605088899 -0.101432760 -0.025448984 -0.423972515 0.203832070 -0.009211046 0.000000000
821 885 1780458834.499742031 -0.250957052 -0.055795270 -0.603886426 -0.101347796 -0.024483567 -0.422769217 0.203832070 -0.009211046 0.000000000
822 886 1780458834.581522226 -0.252520544 -0.054657498 -0.602725692 -0.102654469 -0.023078694 -0.421583775 0.203832070 -0.009211046 0.000000000
823 887 1780458834.665808916 -0.253901788 -0.052927636 -0.601865800 -0.103677492 -0.021125019 -0.420702724 0.203832070 -0.009211046 0.000000000
824 888 1780458834.747272015 -0.254336964 -0.052045921 -0.601005549 -0.103927803 -0.020179859 -0.419836209 0.203832070 -0.009211046 0.000000000
825 889 1780458834.842961311 -0.254538304 -0.049478616 -0.598981519 -0.103617336 -0.017623941 -0.417811566 0.203832070 -0.009211046 0.000000000
826 890 1780458834.918943405 -0.255306872 -0.048186622 -0.597704096 -0.104112460 -0.016214801 -0.416522793 0.203832070 -0.009211046 0.000000000
827 891 1780458834.993537664 -0.257309574 -0.046096571 -0.595740042 -0.105661292 -0.013794554 -0.414527760 0.203832070 -0.009211046 0.000000000
828 892 1780458835.048439264 -0.258611264 -0.044169928 -0.594819382 -0.106568741 -0.011662341 -0.413587458 0.203832070 -0.009211046 0.000000000
829 893 1780458835.126368523 -0.260285575 -0.043025449 -0.593432308 -0.107979331 -0.010230859 -0.412173874 0.203832070 -0.009211046 0.000000000
830 894 1780458835.202315569 -0.260825854 -0.040917037 -0.592347519 -0.108102286 -0.008061211 -0.411082278 0.203832070 -0.009211046 0.000000000
831 895 1780458835.266870499 -0.261355983 -0.039614459 -0.591924333 -0.108375248 -0.006683956 -0.410651593 0.203832070 -0.009211046 0.000000000
832 896 1780458835.336335897 -0.262947420 -0.038020030 -0.590590902 -0.109622053 -0.004825506 -0.409293450 0.203832070 -0.009211046 0.000000000
833 897 1780458835.406284809 -0.264207778 -0.035458131 -0.588760696 -0.110356376 -0.002078588 -0.407445019 0.203832070 -0.009211046 0.000000000
834 898 1780458835.476627588 -0.265087064 -0.033312736 -0.587768018 -0.110807116 0.000190311 -0.406439929 0.203832070 -0.009211046 0.000000000
835 899 1780458835.549107075 -0.266520944 -0.032359367 -0.586322732 -0.112015852 0.001389382 -0.404971950 0.203832070 -0.009211046 0.000000000
836 900 1780458835.614348412 -0.268478392 -0.031733264 -0.584581373 -0.113794707 0.002363054 -0.403198936 0.203832070 -0.009211046 0.000000000
837 901 1780458835.679826021 -0.270170346 -0.030347935 -0.582777525 -0.115171205 0.004033603 -0.401368573 0.203832070 -0.009211046 0.000000000
838 902 1780458835.752587080 -0.271443160 -0.027829407 -0.582605307 -0.115953129 0.006743740 -0.401177653 0.203832070 -0.009211046 0.000000000
839 903 1780458835.821959019 -0.272487404 -0.026327090 -0.581892059 -0.116689529 0.008411770 -0.400448602 0.203832070 -0.009211046 0.000000000
840 904 1780458835.878529549 -0.273605003 -0.024196474 -0.580149638 -0.117364806 0.010708629 -0.398689902 0.203832070 -0.009211046 0.000000000
841 905 1780458835.966822624 -0.274528779 -0.023690014 -0.579207104 -0.118163278 0.011375218 -0.397732647 0.203832070 -0.009211046 0.000000000
842 906 1780458836.061420202 -0.276128922 -0.022340155 -0.578762161 -0.119478532 0.012996825 -0.397262492 0.203832070 -0.009211046 0.000000000
843 907 1780458836.119403601 -0.277833335 -0.021494528 -0.577004796 -0.120967880 0.014139392 -0.395477884 0.203832070 -0.009211046 0.000000000
844 908 1780458836.205407143 -0.279571832 -0.020083288 -0.575874731 -0.122396430 0.015845452 -0.394320463 0.203832070 -0.009211046 0.000000000
845 909 1780458836.285472155 -0.280453687 -0.018792621 -0.574572496 -0.123002706 0.017274190 -0.393005001 0.203832070 -0.009211046 0.000000000
