# node_id image_frame_id timestamp raw_x raw_y raw_z opt_x opt_y opt_z gt_x gt_y gt_z
0 64 1780458771.986382008 0.000148932 0.001719486 0.001266452 0.000148932 0.001719486 0.001266452 0.000000000 0.000000004 0.000000000
1 65 1780458772.049819946 0.000148932 0.001719486 0.001266452 -0.002513305 0.001381782 -0.001859389 0.000000000 0.000000004 0.000000000
2 66 1780458772.132023573 -0.001476761 0.003243353 0.000848975 -0.006802400 0.002566310 -0.005404164 0.000000000 0.000000004 0.000000000
3 67 1780458772.198467016 -0.002569638 0.004912439 0.000787041 -0.010560637 0.003895576 -0.008594135 0.000000000 0.000000004 0.000000000
4 68 1780458772.282965183 -0.002589737 0.006120573 0.001180367 -0.013247322 0.004766174 -0.011327355 0.000000000 0.000000004 0.000000000
5 69 1780458772.357574701 -0.002589737 0.006120573 0.001180367 -0.015909584 0.004428489 -0.014453176 0.000000000 0.000000004 0.000000000
6 70 1780458772.442164660 -0.003921130 0.006499135 0.002400369 -0.019909450 0.004464097 -0.016364169 0.000000000 0.000000004 0.000000000
7 71 1780458772.532462120 -0.004363662 0.008444531 0.003120293 -0.023028546 0.006070022 -0.018774158 0.000000000 0.000000004 0.000000000
8 72 1780458772.605186224 -0.004363662 0.008444531 0.003120293 -0.025690821 0.005732349 -0.021899970 0.000000000 0.000000004 0.000000000
9 73 1780458772.685024738 -0.004552880 0.010397310 0.002099384 -0.028551352 0.007344473 -0.026050666 0.000000000 0.000000004 0.000000000
10 74 1780458772.776543617 -0.005124335 0.012147519 0.002488083 -0.031802654 0.008752645 -0.028794421 0.000000000 0.000000004 0.000000000
11 75 1780458772.856475592 -0.007096902 0.014258588 0.002794918 -0.036459764 0.010507607 -0.031631550 0.000000000 0.000000004 0.000000000
12 76 1780458772.940045118 -0.007028457 0.014510377 0.002538525 -0.039054221 0.010421930 -0.035013707 0.000000000 0.000000004 0.000000000
13 77 1780458773.005376101 -0.006970537 0.015065987 0.003159603 -0.041670351 0.010641819 -0.037519188 0.000000000 0.000000004 0.000000000
14 78 1780458773.085057020 -0.006840910 0.015753022 0.003552527 -0.044215250 0.010993646 -0.040252521 0.000000000 0.000000004 0.000000000
15 79 1780458773.160506487 -0.006840910 0.015753022 0.003552527 -0.046877546 0.010655982 -0.043378316 0.000000000 0.000000004 0.000000000
16 80 1780458773.230401993 -0.006769123 0.016842307 0.003081133 -0.049478545 0.011407278 -0.046977727 0.000000000 0.000000004 0.000000000
17 81 1780458773.296576023 -0.007193298 0.017066771 0.002485419 -0.052561484 0.011285905 -0.050704738 0.000000000 0.000000004 0.000000000
18 82 1780458773.367822409 -0.008488531 0.018229589 0.002585179 -0.056538812 0.012090162 -0.053750277 0.000000000 0.000000004 0.000000000
19 83 1780458773.444726467 -0.007999908 0.018146455 0.001083329 -0.058691663 0.011673099 -0.058371180 0.000000000 0.000000004 0.000000000
20 84 1780458773.529570818 -0.008162796 0.019041894 0.001111118 -0.061533396 0.012227858 -0.061474560 0.000000000 0.000000004 0.000000000
21 85 1780458773.585962296 -0.008162796 0.019041894 0.001111118 -0.064195701 0.011890194 -0.064600347 0.001449946 0.000000004 0.000000000
22 86 1780458773.671199083 -0.007251970 0.019883622 0.001037856 -0.065963179 0.012412072 -0.067788923 0.004449946 0.000000004 0.000000000
23 87 1780458773.755739212 -0.006251490 0.020648486 0.003248675 -0.067676478 0.012868387 -0.068691495 0.007799891 0.000000004 0.000000000
24 88 1780458773.831255198 -0.006456922 0.022302605 0.002726932 -0.070571653 0.014177879 -0.072349403 0.013799891 0.000000004 0.000000000
25 89 1780458773.906966686 -0.004827384 0.022237503 0.002487542 -0.071599459 0.013811450 -0.075686166 0.019049837 0.000000004 0.000000000
26 90 1780458773.980314493 -0.002349889 0.024931162 0.001299007 -0.071827915 0.016220691 -0.079968314 0.028049836 0.000000004 0.000000000
27 91 1780458774.059134483 0.001062497 0.027164207 -0.000647141 -0.071098091 0.018191426 -0.084986955 0.034049836 0.000000004 0.000000000
28 92 1780458774.131057024 0.004453541 0.028288705 -0.002725798 -0.070359400 0.019055728 -0.090130849 0.043049836 0.000000004 0.000000000
29 93 1780458774.209062576 0.005546013 0.029179100 -0.003009155 -0.071947788 0.019635930 -0.093522564 0.049049836 0.000000004 0.000000000
30 94 1780458774.281400919 0.006412392 0.028950165 -0.005587215 -0.073683856 0.019080941 -0.099206503 0.058053980 -0.000003124 0.000000000
31 95 1780458774.352804184 0.008831317 0.027811970 -0.006053318 -0.073886299 0.017672330 -0.102739739 0.064094605 -0.000034222 0.000000000
32 96 1780458774.426659346 0.015094916 0.027830671 -0.002967569 -0.070359185 0.017553905 -0.102640975 0.073231062 -0.000141489 0.000000000
33 97 1780458774.507883787 0.017163127 0.028265890 -0.003780291 -0.070949154 0.017709967 -0.106534166 0.079347212 -0.000249436 0.000000000
34 98 1780458774.574434519 0.022803158 0.030137208 -0.006135213 -0.067977946 0.019407109 -0.111891511 0.088351345 -0.000505512 0.000000000
35 99 1780458774.661014080 0.033258374 0.023714761 -0.006826265 -0.059969774 0.012984882 -0.115411237 0.096967252 -0.000858139 0.000000000
36 100 1780458774.738498926 0.040075114 0.027042022 -0.004950877 -0.055979408 0.016210194 -0.116511646 0.102593471 -0.001176570 0.000000000
37 101 1780458774.807844162 0.044115296 0.029860408 -0.004554699 -0.054711795 0.018829865 -0.119155099 0.108162396 -0.001550913 0.000000000
38 102 1780458774.882442713 0.050995386 0.028078525 -0.004126137 -0.050449953 0.016956150 -0.121655959 0.116386094 -0.002237976 0.000000000
39 103 1780458774.955767393 0.053920400 0.031812910 -0.003248773 -0.050349013 0.020461387 -0.123850561 0.121817184 -0.002756498 0.000000000
40 104 1780458775.028476954 0.063460919 0.031094989 -0.003570960 -0.043445563 0.019758196 -0.127023147 0.129957458 -0.003572007 0.000000000
41 105 1780458775.097889185 0.068330237 0.034725318 -0.005742857 -0.041317896 0.023219579 -0.132205307 0.135323417 -0.004185475 0.000000000
42 106 1780458775.171014309 0.076406621 0.034693494 -0.006235369 -0.035897573 0.023161785 -0.135582042 0.143293894 -0.005204278 0.000000000
43 107 1780458775.248409748 0.083547983 0.032256994 -0.004532074 -0.031383530 0.020686030 -0.136767539 0.148560823 -0.005946792 0.000000000
44 108 1780458775.339987516 0.094485798 0.030709236 -0.006726505 -0.022990160 0.019234328 -0.141730567 0.156403187 -0.007148917 0.000000000
45 109 1780458775.402068138 0.094485798 0.030709236 -0.006726505 -0.025652561 0.018896605 -0.144856266 0.161596517 -0.008007612 0.000000000
46 110 1780458775.480931044 0.108541556 0.029487442 -0.008252209 -0.014176943 0.017929003 -0.149032705 0.169343468 -0.009376152 0.000000000
47 111 1780458775.558285236 0.113212847 0.028714385 -0.009765198 -0.012089947 0.017012536 -0.153505902 0.174481890 -0.010341095 0.000000000
48 112 1780458775.633851051 0.118421754 0.032610116 -0.008710508 -0.009761707 0.020806996 -0.155431559 0.182157347 -0.011862964 0.000000000
49 113 1780458775.721578598 0.123276730 0.031077213 -0.008565446 -0.007512941 0.019160680 -0.158226485 0.189797900 -0.013472326 0.000000000
50 114 1780458775.796569824 0.129177127 0.032582638 -0.008563681 -0.004355023 0.020601648 -0.161150387 0.194875580 -0.014591624 0.000000000
51 115 1780458775.865797758 0.135136050 0.029102287 -0.008202926 -0.000918509 0.017073697 -0.163662024 0.202470125 -0.016338986 0.000000000
52 116 1780458775.939013243 0.138772487 0.029212023 -0.006426668 -0.000024736 0.017035708 -0.164876063 0.207520663 -0.017547963 0.000000000
53 117 1780458776.016699314 0.144047142 0.033912677 -0.005720581 0.002318552 0.021659150 -0.167138018 0.212574792 -0.018797837 0.000000000
54 118 1780458776.092940569 0.151591912 0.034119588 -0.006453376 0.007204323 0.021902521 -0.170699576 0.222428816 -0.021368495 0.000000000
55 119 1780458776.163348913 0.162109814 0.033419784 -0.007403597 0.015111790 0.021398429 -0.174342783 0.229117480 -0.023168105 0.000000000
56 120 1780458776.244254112 0.171495250 0.031152931 -0.008456732 0.021975549 0.019279347 -0.178110159 0.239132712 -0.025972464 0.000000000
57 121 1780458776.314574718 0.177069173 0.031282083 -0.005327724 0.024734087 0.019393581 -0.177876579 0.245798599 -0.027910850 0.000000000
58 122 1780458776.400138855 0.184525945 0.028786999 -0.004216603 0.029596503 0.016978254 -0.179545147 0.255781341 -0.030920607 0.000000000
59 123 1780458776.492808104 0.193653229 0.029042851 -0.004097138 0.036019318 0.017400649 -0.182154595 0.265745672 -0.034051211 0.000000000
60 124 1780458776.551643610 0.193653229 0.029042851 -0.004097138 0.031489698 0.017791059 -0.186188140 0.272378539 -0.036204637 0.000000000
61 125 1780458776.625902176 0.212225612 0.027828758 -0.004690642 0.045578836 0.018043992 -0.189936486 0.279003481 -0.038410625 0.000000000
62 126 1780458776.704427004 0.221188426 0.026042606 -0.003852486 0.050050639 0.017198282 -0.192677541 0.288926000 -0.041817326 0.000000000
63 127 1780458776.775471687 0.230470924 0.028883119 -0.002294853 0.054519446 0.021015061 -0.194724392 0.295531147 -0.044152960 0.000000000
64 128 1780458776.855610371 0.240499249 0.025880454 -0.002509955 0.060185918 0.019050254 -0.198410448 0.305423876 -0.047752295 0.000000000
65 129 1780458776.935988188 0.247861385 0.025589879 -0.000409609 0.062895288 0.019658347 -0.199944826 0.315298449 -0.051465572 0.000000000
66 130 1780458777.000352621 0.247861385 0.025589879 -0.000409609 0.058365590 0.020048757 -0.203978283 0.321871219 -0.054003850 0.000000000
67 131 1780458777.069314241 0.265786786 0.020567656 0.002355192 0.071873190 0.016715188 -0.204142125 0.328435641 -0.056591949 0.000000000
68 132 1780458777.148575544 0.274779660 0.020097255 0.003495880 0.076261094 0.017297119 -0.206492309 0.338266295 -0.060566858 0.000000000
69 133 1780458777.225729227 0.286856769 0.019051203 0.003358382 0.083837443 0.017538227 -0.209901536 0.344809177 -0.063278173 0.000000000
70 134 1780458777.298872948 0.291711084 0.016247815 0.006152783 0.084168356 0.015533689 -0.210793258 0.354601476 -0.067425898 0.000000000
71 135 1780458777.371915579 0.303833677 0.014486216 0.006418738 0.091816242 0.015118107 -0.213737578 0.361109195 -0.070233505 0.000000000
72 136 1780458777.447432280 0.311960106 0.015355334 0.008411478 0.095162546 0.017048580 -0.215248913 0.370866324 -0.074526142 0.000000000
73 137 1780458777.530256748 0.322854968 0.014245706 0.011275834 0.101352044 0.017261048 -0.215649245 0.377443411 -0.077380497 0.000000000
74 138 1780458777.613943577 0.333888654 0.011613306 0.014079571 0.107803465 0.015989722 -0.216051632 0.387225641 -0.081814362 0.000000000
75 139 1780458777.677584171 0.342582059 0.011610712 0.015423909 0.112308407 0.017343537 -0.217960219 0.393693655 -0.084871699 0.000000000
76 140 1780458777.764911652 0.350867275 0.010209063 0.016835577 0.116519153 0.017287157 -0.219790158 0.403325627 -0.089603280 0.000000000
77 141 1780458777.824879885 0.350867275 0.010209063 0.016835577 0.112486666 0.017878791 -0.223677133 0.409703132 -0.092851681 0.000000000
78 142 1780458777.996729612 0.365261287 0.006326689 0.017076420 0.123075417 0.015936351 -0.226109555 0.425506171 -0.101271753 0.000000000
79 143 1780458778.032529831 0.365261287 0.006326689 0.017076420 0.119042913 0.016527985 -0.229996510 0.425506171 -0.101271753 0.000000000
80 144 1780458778.123182535 0.382851821 0.002869894 0.017559846 0.132746043 0.015381450 -0.231874678 0.434877192 -0.106513171 0.000000000
81 145 1780458778.182348251 0.382851821 0.002869894 0.017559846 0.128713514 0.015973079 -0.235761609 0.441006323 -0.110056698 0.000000000
82 146 1780458778.275707245 0.398986723 0.000304336 0.018024620 0.140886465 0.015640673 -0.237735153 0.452993875 -0.117250028 0.000000000
83 147 1780458778.333076239 0.398986723 0.000304336 0.018024620 0.136853913 0.016232296 -0.241622061 0.455974489 -0.119083383 0.000000000
84 148 1780458778.414452791 0.416972502 -0.003700361 0.020540549 0.150815346 0.014763203 -0.241286999 0.464882927 -0.124668013 0.000000000
85 149 1780458778.506973505 0.425921985 -0.008884966 0.022091893 0.156040128 0.011180503 -0.242672646 0.473743279 -0.130377527 0.000000000
86 150 1780458778.562101603 0.425921985 -0.008884966 0.022091893 0.152007543 0.011772135 -0.246559518 0.479624699 -0.134251979 0.000000000
87 151 1780458778.648058414 0.436892986 -0.011890624 0.025307739 0.158839791 0.010648175 -0.246116207 0.488409216 -0.140164792 0.000000000
88 152 1780458778.718506575 0.445957529 -0.014429789 0.023420387 0.164239561 0.009705828 -0.250926288 0.494241130 -0.144173053 0.000000000
89 153 1780458778.794262886 0.452662708 -0.016947921 0.024549139 0.167002745 0.008587233 -0.252951251 0.500048673 -0.148221454 0.000000000
90 154 1780458778.860530853 0.452662708 -0.016947921 0.024549139 0.163347273 0.009821371 -0.257011316 0.508692046 -0.154313048 0.000000000
91 155 1780458778.941008806 0.469476001 -0.023911460 0.026101429 0.176941669 0.006171702 -0.257581818 0.514424284 -0.158423858 0.000000000
92 156 1780458779.014957666 0.476399665 -0.027352243 0.027237768 0.180405020 0.004850605 -0.259677155 0.522985945 -0.164685426 0.000000000
93 157 1780458779.084621191 0.483208292 -0.030845474 0.028370296 0.183762792 0.003478569 -0.261771381 0.528669379 -0.168922828 0.000000000
94 158 1780458779.172230482 0.488029675 -0.032996798 0.027547401 0.185216102 0.003163090 -0.266054237 0.539977380 -0.177547777 0.000000000
95 159 1780458779.235257626 0.488029675 -0.032996798 0.027547401 0.181560587 0.004397226 -0.270114264 0.542792078 -0.179735085 0.000000000
96 160 1780458779.317421675 0.504743793 -0.043237563 0.026401568 0.195791480 -0.002394334 -0.273073720 0.551206350 -0.186371133 0.000000000
97 161 1780458779.396055460 0.511848151 -0.047657287 0.028435421 0.199457813 -0.004564564 -0.274143293 0.559575578 -0.193117720 0.000000000
98 162 1780458779.458059549 0.511848151 -0.047657287 0.028435421 0.195802263 -0.003330411 -0.278203284 0.565129751 -0.197676506 0.000000000
99 163 1780458779.538577080 0.530310769 -0.053491398 0.031295226 0.210732163 -0.005317557 -0.277039573 0.573422590 -0.204605765 0.000000000
100 164 1780458779.615774632 0.530310769 -0.053491398 0.031295226 0.207076585 -0.004083409 -0.281099539 0.578925233 -0.209285719 0.000000000
101 165 1780458779.691077471 0.545515665 -0.060370437 0.037425436 0.218529024 -0.007393371 -0.276962670 0.584406904 -0.214013810 0.000000000
102 166 1780458779.765470266 0.549079676 -0.062721029 0.040575379 0.218296816 -0.007901762 -0.277362899 0.592589587 -0.221195833 0.000000000
103 167 1780458779.849534750 0.554557690 -0.065664454 0.043596183 0.220039070 -0.008717273 -0.277620255 0.598017822 -0.226043526 0.000000000
104 168 1780458779.914683342 0.554557690 -0.065664454 0.043596183 0.216476474 -0.006868655 -0.282063314 0.606119239 -0.233404180 0.000000000
105 169 1780458780.005732298 0.568639794 -0.071955744 0.046586603 0.227224552 -0.009090759 -0.281460385 0.614170784 -0.240871307 0.000000000
106 170 1780458780.072388887 0.568639794 -0.071955744 0.046586603 0.223661938 -0.007242155 -0.285903436 0.619510340 -0.245908304 0.000000000
107 171 1780458780.150377512 0.579142016 -0.080193466 0.051682073 0.230894656 -0.011799950 -0.283524513 0.624827084 -0.250992256 0.000000000
108 172 1780458780.230056047 0.586353444 -0.083488084 0.054967095 0.234426395 -0.012004848 -0.283596778 0.632758842 -0.258705926 0.000000000
109 173 1780458780.299948931 0.586353444 -0.083488084 0.054967095 0.230863772 -0.010156254 -0.288039826 0.638017376 -0.263906673 0.000000000
110 174 1780458780.381835938 0.600338741 -0.093159856 0.057296316 0.242110410 -0.015589935 -0.287770055 0.645860540 -0.271794914 0.000000000
111 175 1780458780.461467505 0.603553262 -0.095062610 0.060190064 0.241565037 -0.015014138 -0.288806702 0.651059148 -0.277111639 0.000000000
112 176 1780458780.528468847 0.603553262 -0.095062610 0.060190064 0.238002396 -0.013165545 -0.293249735 0.658811109 -0.285173259 0.000000000
113 177 1780458780.622518778 0.616137236 -0.104577643 0.061945394 0.247954791 -0.018593352 -0.293646709 0.666507071 -0.293338361 0.000000000
114 178 1780458780.698823452 0.622833539 -0.108878908 0.062898208 0.251464180 -0.019849127 -0.295945435 0.671606124 -0.298839057 0.000000000
115 179 1780458780.769212008 0.622833539 -0.108878908 0.062898208 0.247901504 -0.018000520 -0.300388436 0.676679567 -0.304385456 0.000000000
116 180 1780458780.846187115 0.632744646 -0.121274865 0.064627354 0.255733882 -0.026627987 -0.300922013 0.684241079 -0.312790500 0.000000000
117 181 1780458780.926564932 0.643514152 -0.131367299 0.061727594 0.264758324 -0.032988682 -0.306011349 0.689249220 -0.318450670 0.000000000
118 182 1780458781.007825851 0.650664194 -0.136641280 0.063522237 0.268743983 -0.035028551 -0.307282574 0.696711392 -0.327025863 0.000000000
119 183 1780458781.079792976 0.650664194 -0.136641280 0.063522237 0.268743983 -0.035028551 -0.307282574 0.701652379 -0.332799133 0.000000000
120 184 1780458781.151088715 0.656454788 -0.143077994 0.065223409 0.275178958 -0.040284283 -0.304311945 0.709012415 -0.341543493 0.000000000
121 185 1780458781.224664211 0.665380063 -0.151000171 0.063277463 0.285491891 -0.046596816 -0.304370989 0.713884368 -0.347429224 0.000000000
122 186 1780458781.300250769 0.682801290 -0.161488353 0.067859277 0.303460618 -0.053696061 -0.296546689 0.721139430 -0.356341811 0.000000000
123 187 1780458781.367635727 0.682801290 -0.161488353 0.067859277 0.303460618 -0.053696061 -0.296546689 0.725940445 -0.362339389 0.000000000
124 188 1780458781.448372126 0.700841638 -0.171463936 0.071843742 0.322041640 -0.060206239 -0.289252473 0.733087654 -0.371419300 0.000000000
125 189 1780458781.521396637 0.712593399 -0.177825061 0.071626742 0.334570371 -0.064422007 -0.287284456 0.737815797 -0.377528136 0.000000000
126 190 1780458781.599731684 0.723828328 -0.182867547 0.074670303 0.345857954 -0.067303264 -0.282264259 0.744852233 -0.386774506 0.000000000
127 191 1780458781.682358980 0.737160132 -0.190142656 0.072573884 0.360375397 -0.072215889 -0.281853011 0.751820786 -0.396120349 0.000000000
128 192 1780458781.746342182 0.737160132 -0.190142656 0.072573884 0.360375397 -0.072215889 -0.281853011 0.756428243 -0.402406030 0.000000000
129 193 1780458781.822204351 0.753084967 -0.202249257 0.074840111 0.377525597 -0.081259088 -0.276431099 0.761004730 -0.408735707 0.000000000
130 194 1780458781.895646811 0.763676294 -0.209377902 0.078905169 0.388371292 -0.086265305 -0.270362559 0.767810680 -0.418312533 0.000000000
131 195 1780458781.963900328 0.763676294 -0.209377902 0.078905169 0.388371292 -0.086265305 -0.270362559 0.772308319 -0.424751839 0.000000000
132 196 1780458782.050653219 0.775848565 -0.221282484 0.086183805 0.401038452 -0.095568975 -0.260572432 0.778994459 -0.434492728 0.000000000
133 197 1780458782.121202230 0.775848565 -0.221282484 0.086183805 0.401038452 -0.095568974 -0.260572432 0.783411190 -0.441041161 0.000000000
134 198 1780458782.194532871 0.795048283 -0.235922203 0.091261907 0.421349448 -0.106422992 -0.251718540 0.789974405 -0.450945380 0.000000000
135 199 1780458782.276942968 0.806153415 -0.244173948 0.092182708 0.433382314 -0.112567320 -0.248600767 0.794308133 -0.457602462 0.000000000
136 200 1780458782.358546495 0.814513408 -0.251509321 0.094051380 0.442440503 -0.118252191 -0.245020187 0.800745247 -0.467669307 0.000000000
137 201 1780458782.433982849 0.822395517 -0.261375324 0.094759920 0.451639173 -0.126555609 -0.242489299 0.804993835 -0.474434579 0.000000000
138 202 1780458782.515405416 0.831801317 -0.268723930 0.098952439 0.461347481 -0.131980193 -0.236458465 0.811301612 -0.484663376 0.000000000
139 203 1780458782.586600542 0.831801317 -0.268723930 0.098952439 0.461347481 -0.131980193 -0.236458465 0.815462880 -0.491536400 0.000000000
140 204 1780458782.662673235 0.849054620 -0.283753686 0.103780758 0.479868956 -0.143567457 -0.228117423 0.821638014 -0.501926507 0.000000000
141 205 1780458782.748218775 0.858452812 -0.292376849 0.105326954 0.490202977 -0.150350731 -0.224614439 0.825709734 -0.508906864 0.000000000
142 206 1780458782.829239368 0.867881699 -0.300781505 0.106639943 0.500567635 -0.156922771 -0.221351278 0.831748849 -0.519457669 0.000000000
143 207 1780458782.896081209 0.867881699 -0.300781505 0.106639943 0.500567635 -0.156922771 -0.221351278 0.835728744 -0.526544960 0.000000000
144 208 1780458782.978810072 0.888465177 -0.318662249 0.111559211 0.522789578 -0.170730219 -0.212233197 0.841628381 -0.537255878 0.000000000
145 209 1780458783.043518782 0.899177631 -0.327191462 0.112868528 0.534424636 -0.177200906 -0.208772835 0.845514118 -0.544449726 0.000000000
146 210 1780458783.130027294 0.910247658 -0.335097987 0.116577613 0.545922205 -0.182902806 -0.202932444 0.851270737 -0.555320205 0.000000000
147 211 1780458783.194046974 0.910247658 -0.335097987 0.116577613 0.545922205 -0.182902806 -0.202932444 0.855059925 -0.562620250 0.000000000
148 212 1780458783.278960705 0.924497322 -0.353023167 0.121531228 0.561982355 -0.197858188 -0.194728087 0.860669891 -0.573649768 0.000000000
149 213 1780458783.345995665 0.924497322 -0.353023167 0.121531228 0.561982355 -0.197858188 -0.194728087 0.864360077 -0.581055671 0.000000000
150 214 1780458783.430211544 0.938999886 -0.372782813 0.127932877 0.578363302 -0.214517752 -0.184936634 0.869819660 -0.592243735 0.000000000
151 215 1780458783.499713659 0.938999886 -0.372782813 0.127932877 0.578363302 -0.214517752 -0.184936634 0.873408321 -0.599755179 0.000000000
152 216 1780458783.577662945 0.958369674 -0.390587544 0.130832816 0.599712851 -0.228541130 -0.177997730 0.878713682 -0.611101328 0.000000000
153 217 1780458783.649237394 0.973794344 -0.404424235 0.130304811 0.617108741 -0.239482957 -0.175293529 0.882198223 -0.618718016 0.000000000
154 218 1780458783.726932049 0.984859809 -0.413296696 0.133094718 0.628908806 -0.246171913 -0.170297032 0.887345412 -0.630221820 0.000000000
155 219 1780458783.799032450 0.984859809 -0.413296696 0.133094718 0.628908806 -0.246171912 -0.170297032 0.890723158 -0.637943476 0.000000000
156 220 1780458783.871440172 0.997969307 -0.427163234 0.132966556 0.643993032 -0.257531599 -0.167543873 0.895708102 -0.649604538 0.000000000
157 221 1780458783.948787928 1.022122359 -0.449898423 0.138578543 0.670385882 -0.275465088 -0.156887390 0.898976295 -0.657430908 0.000000000
158 222 1780458784.031095505 1.027477957 -0.458301251 0.138595019 0.676992657 -0.282796954 -0.155514626 0.903794788 -0.669248862 0.000000000
159 223 1780458784.116936445 1.043015621 -0.471666048 0.138554727 0.694342404 -0.293235726 -0.152343392 0.908511334 -0.681160792 0.000000000
160 224 1780458784.182194471 1.043015621 -0.471666048 0.138554727 0.694342404 -0.293235726 -0.152343392 0.911598272 -0.689154232 0.000000000
161 225 1780458784.264935970 1.063077883 -0.494461291 0.145963856 0.716478322 -0.311872149 -0.140524021 0.916141339 -0.701222542 0.000000000
162 226 1780458784.328342915 1.063077883 -0.494461291 0.145963856 0.716478322 -0.311872149 -0.140524021 0.919111107 -0.709320141 0.000000000
163 227 1780458784.412863255 1.083281176 -0.515175587 0.148664201 0.739154696 -0.328620479 -0.133465520 0.922033140 -0.717459355 0.000000000
164 228 1780458784.482719898 1.083281176 -0.515175587 0.148664201 0.739154696 -0.328620479 -0.133465520 0.926325574 -0.729746148 0.000000000
165 229 1780458784.560064077 1.102852686 -0.540407853 0.152793126 0.761740381 -0.349868402 -0.124795345 0.929126034 -0.737989290 0.000000000
166 230 1780458784.633992672 1.113175572 -0.553260942 0.155176096 0.773544656 -0.360619302 -0.120049859 0.933233664 -0.750431870 0.000000000
167 231 1780458784.720571518 1.121582102 -0.565212577 0.159779558 0.782980744 -0.370731055 -0.113460788 0.937228007 -0.762967832 0.000000000
168 232 1780458784.804214716 1.138988243 -0.582600531 0.167609335 0.801565550 -0.384494582 -0.101980785 0.939827051 -0.771376992 0.000000000
169 233 1780458784.868520498 1.138988243 -0.582600531 0.167609335 0.801565550 -0.384494582 -0.101980785 0.942374361 -0.779827615 0.000000000
170 234 1780458784.950071573 1.161719241 -0.608223855 0.174009503 0.826929483 -0.405487062 -0.090570187 0.946097073 -0.792581267 0.000000000
171 235 1780458785.010483980 1.161719241 -0.608223855 0.174009503 0.826929483 -0.405487062 -0.090570187 0.948512530 -0.801135499 0.000000000
172 236 1780458785.095163345 1.168464570 -0.627040537 0.178598317 0.835893161 -0.422643687 -0.083793247 0.952034700 -0.814044522 0.000000000
173 237 1780458785.163141966 1.168464570 -0.627040537 0.178598317 0.835893161 -0.422643687 -0.083793247 0.954314582 -0.822702313 0.000000000
174 238 1780458785.245728016 1.181005260 -0.644834654 0.187954452 0.849567837 -0.437596467 -0.071510966 0.957630504 -0.835766656 0.000000000
175 239 1780458785.318927050 1.186758040 -0.659414838 0.190783196 0.857141061 -0.450826904 -0.066897960 0.959770922 -0.844527990 0.000000000
176 240 1780458785.391679049 1.199716408 -0.673912922 0.194084671 0.871637485 -0.462700377 -0.060742653 0.962874629 -0.857747653 0.000000000
177 241 1780458785.474170446 1.198503959 -0.684802037 0.196276542 0.871919954 -0.473539913 -0.058046019 0.964871513 -0.866612546 0.000000000
178 242 1780458785.550364017 1.208402258 -0.695675609 0.199256933 0.882886725 -0.482393996 -0.052905128 0.967756754 -0.879987581 0.000000000
179 243 1780458785.629897118 1.218249574 -0.706801352 0.203737395 0.893607113 -0.491446493 -0.046275504 0.969606440 -0.888951118 0.000000000
180 244 1780458785.699042082 1.218249574 -0.706801352 0.203737395 0.893607113 -0.491446493 -0.046275503 0.972271352 -0.902379503 0.000000000
181 245 1780458785.767630100 1.231757882 -0.734006224 0.205676211 0.910969044 -0.515779073 -0.040545987 0.973975388 -0.911246891 0.000000000
182 246 1780458785.852412462 1.231211060 -0.745996987 0.208600238 0.911965988 -0.527557711 -0.036954727 0.976425433 -0.924293621 0.000000000
183 247 1780458785.922593117 1.231211060 -0.745996987 0.208600238 0.911965988 -0.527557711 -0.036954727 0.977991004 -0.932747389 0.000000000
184 248 1780458785.994498968 1.246109822 -0.774654014 0.214745052 0.930253245 -0.552912049 -0.026771862 0.980244764 -0.944933940 0.000000000
185 249 1780458786.074545860 1.253408773 -0.785222996 0.215429211 0.939005224 -0.562009851 -0.024306296 0.981689617 -0.952654233 0.000000000
186 250 1780458786.149023056 1.256552197 -0.798434350 0.220337996 0.943480486 -0.574267750 -0.018123003 0.983781864 -0.963501036 0.000000000
187 251 1780458786.227347374 1.261912942 -0.809346212 0.221067080 0.950396190 -0.584039458 -0.015881433 0.985134600 -0.970169339 0.000000000
188 252 1780458786.310815811 1.268239043 -0.820390703 0.224738861 0.957805099 -0.593658221 -0.010583342 0.987109745 -0.979732493 0.000000000
189 253 1780458786.378134966 1.268239043 -0.820390703 0.224738861 0.957805099 -0.593658221 -0.010583342 0.988373212 -0.986122249 0.000000000
190 254 1780458786.461418390 1.285422101 -0.843612839 0.233733600 0.976957811 -0.613155283 0.002396203 0.990180101 -0.995727116 0.000000000
191 255 1780458786.531967163 1.285422101 -0.843612839 0.233733600 0.976957811 -0.613155283 0.002396203 0.991324494 -1.002142600 0.000000000
192 256 1780458786.605129004 1.298230358 -0.865157390 0.236260141 0.992603497 -0.632018059 0.008228076 0.992948203 -1.011781860 0.000000000
193 257 1780458786.692892551 1.315429513 -0.883164807 0.246377957 1.010725802 -0.646337823 0.021974881 0.994459218 -1.021438573 0.000000000
194 258 1780458786.761399746 1.315429513 -0.883164807 0.246377957 1.010725802 -0.646337823 0.021974881 0.995403242 -1.027885054 0.000000000
195 259 1780458786.849436760 1.329172323 -0.908607988 0.250856545 1.027618754 -0.668796991 0.030129141 0.996296094 -1.034337733 0.000000000
196 260 1780458786.926272154 1.329886617 -0.911050199 0.251817934 1.028567082 -0.671037590 0.031345394 0.997538422 -1.044026941 0.000000000
197 261 1780458787.006747007 1.336057688 -0.921940991 0.252199986 1.036323071 -0.680660681 0.033364843 0.998301315 -1.050492220 0.000000000
198 262 1780458787.093526125 1.344102660 -0.926562709 0.256684159 1.044207126 -0.683628491 0.039299777 0.999346434 -1.060197099 0.000000000
199 263 1780458787.179277897 1.350120075 -0.937441113 0.260972022 1.051189974 -0.693113663 0.045148373 1.000318316 -1.069939787 0.000000000
200 264 1780458787.242629051 1.350120075 -0.937441113 0.260972022 1.051189974 -0.693113663 0.045148373 1.000911841 -1.076445774 0.000000000
201 265 1780458787.323982954 1.359937537 -0.959341984 0.257954674 1.064866674 -0.713065581 0.045085894 1.001457351 -1.082956978 0.000000000
202 266 1780458787.387825012 1.359937537 -0.959341984 0.257954674 1.064866674 -0.713065581 0.045085894 1.002185490 -1.092732678 0.000000000
203 267 1780458787.468025923 1.354958772 -0.973845276 0.256664452 1.062639233 -0.728254417 0.044020039 1.002610771 -1.099255150 0.000000000
204 268 1780458787.544763327 1.355992977 -0.982207304 0.254086946 1.065446672 -0.736401748 0.042182675 1.003158381 -1.109045846 0.000000000
205 269 1780458787.615648508 1.355992977 -0.982207304 0.254086946 1.065446672 -0.736401748 0.042182675 1.003463196 -1.115577042 0.000000000
206 270 1780458787.693526983 1.363040515 -1.001373073 0.251163077 1.075958036 -0.754142506 0.041616793 1.003829956 -1.125378912 0.000000000
207 271 1780458787.763855934 1.359805633 -1.017198397 0.248659746 1.075840585 -0.770375042 0.039702905 1.004014115 -1.131916282 0.000000000
208 272 1780458787.849888563 1.359408038 -1.026294549 0.246755076 1.077269708 -0.779468298 0.038362704 1.004199774 -1.141725496 0.000000000
209 273 1780458787.924154043 1.356733325 -1.035984280 0.245744785 1.076439268 -0.789508095 0.037602110 1.004276680 -1.151537273 0.000000000
210 274 1780458788.003048420 1.355799792 -1.049544127 0.243083871 1.078209627 -0.803116147 0.035729102 1.004267507 -1.158079198 0.000000000
211 275 1780458788.084476948 1.355355406 -1.058961885 0.242696044 1.079405326 -0.812474745 0.035899378 1.004163052 -1.167892169 0.000000000
212 276 1780458788.158698797 1.355791343 -1.066647323 0.241927441 1.081230168 -0.819990173 0.035712175 1.004032941 -1.174433606 0.000000000
213 277 1780458788.230331421 1.355791343 -1.066647323 0.241927441 1.081230168 -0.819990173 0.035712175 1.003854446 -1.180974128 0.000000000
214 278 1780458788.307287216 1.355232051 -1.076506002 0.240114454 1.082614178 -0.829858301 0.034488314 1.003495982 -1.190782295 0.000000000
215 279 1780458788.380685329 1.352929089 -1.087124967 0.238488104 1.082398098 -0.840771521 0.033236907 1.003196530 -1.197318727 0.000000000
216 280 1780458788.454947710 1.351167814 -1.095268477 0.236950799 1.082283253 -0.849151176 0.031991785 1.002656651 -1.207118828 0.000000000
217 281 1780458788.546625853 1.347383372 -1.114103327 0.234527918 1.082118765 -0.868437489 0.030272768 1.002007967 -1.216912233 0.000000000
218 282 1780458788.620780945 1.345175134 -1.125492455 0.232246241 1.082227250 -0.880117513 0.028439773 1.001515087 -1.223436762 0.000000000
219 283 1780458788.699717283 1.343701118 -1.131269811 0.231692340 1.081841898 -0.886080622 0.028052214 1.000973890 -1.229957284 0.000000000
220 284 1780458788.782726765 1.338352051 -1.146258652 0.229277745 1.079513787 -0.901855727 0.025853554 1.000071547 -1.239729650 0.000000000
221 285 1780458788.860546350 1.336471821 -1.156730015 0.228768581 1.079506754 -0.912506303 0.025757963 0.999409658 -1.246238346 0.000000000
222 286 1780458788.947221041 1.334504050 -1.162520645 0.229572185 1.078427088 -0.918515636 0.026636337 0.998326408 -1.255991036 0.000000000
223 287 1780458789.021598577 1.334420291 -1.167288123 0.229489945 1.079151629 -0.923224064 0.026856268 0.997544011 -1.262485324 0.000000000
224 288 1780458789.100976229 1.331252878 -1.180447954 0.227716384 1.078540356 -0.936793813 0.025497061 0.996280164 -1.272214465 0.000000000
225 289 1780458789.177262545 1.331252878 -1.180447954 0.227716384 1.078540356 -0.936793813 0.025497061 0.994908139 -1.281927617 0.000000000
226 290 1780458789.251832247 1.325679142 -1.198097150 0.223950012 1.076651214 -0.955278383 0.022106191 0.993933432 -1.288393481 0.000000000
227 291 1780458789.320351362 1.325823863 -1.200687901 0.225535775 1.076970613 -0.957740158 0.023862672 0.992910763 -1.294851207 0.000000000
228 292 1780458789.395728350 1.319971020 -1.220655568 0.223720416 1.074885010 -0.978478327 0.022507079 0.991286948 -1.304521635 0.000000000
229 293 1780458789.475626707 1.320108896 -1.221971236 0.224975398 1.075038304 -0.979699695 0.023852342 0.990144611 -1.310957210 0.000000000
230 294 1780458789.538168192 1.320108896 -1.221971236 0.224975398 1.075038304 -0.979699695 0.023852342 0.988324452 -1.320600947 0.000000000
231 295 1780458789.628386259 1.316734500 -1.238369072 0.224567468 1.074546858 -0.996438023 0.024022259 0.986348451 -1.330246033 0.000000000
232 296 1780458789.699555874 1.316734500 -1.238369072 0.224567468 1.074546858 -0.996438023 0.024022259 0.984945015 -1.336676199 0.000000000
233 297 1780458789.782933712 1.315311471 -1.251999413 0.225747944 1.075241292 -1.010050837 0.025869898 0.982712017 -1.346320361 0.000000000
234 298 1780458789.849282503 1.315311471 -1.251999413 0.225747944 1.075241292 -1.010050837 0.025869898 0.981138861 -1.352748365 0.000000000
235 299 1780458789.935588360 1.309199165 -1.278515826 0.222084465 1.074286534 -1.037349616 0.023083038 0.978653613 -1.362387020 0.000000000
236 300 1780458790.002457619 1.309199165 -1.278515826 0.222084465 1.074286534 -1.037349616 0.023083038 0.976913796 -1.368809870 0.000000000
237 301 1780458790.080164194 1.304771821 -1.297364472 0.221058610 1.073276387 -1.056707156 0.022646591 0.974180736 -1.378438613 0.000000000
238 302 1780458790.153282642 1.304771821 -1.297364472 0.221058610 1.073276387 -1.056707156 0.022646591 0.972277120 -1.384853427 0.000000000
239 303 1780458790.230358124 1.299816688 -1.317060169 0.219835670 1.071924876 -1.076997909 0.021992240 0.970308746 -1.391264245 0.000000000
240 304 1780458790.305020809 1.297387192 -1.325298541 0.219639345 1.070962136 -1.085535159 0.021975932 0.967235677 -1.400872021 0.000000000
241 305 1780458790.379684687 1.294890244 -1.333314509 0.219603362 1.069871248 -1.093859102 0.022093045 0.965107217 -1.407270944 0.000000000
242 306 1780458790.453461409 1.291214982 -1.345284216 0.217641751 1.068597739 -1.106353907 0.020393824 0.961795893 -1.416858880 0.000000000
243 307 1780458790.533262253 1.289969006 -1.351619585 0.218207740 1.068348903 -1.112782487 0.021181950 0.959509811 -1.423243263 0.000000000
244 308 1780458790.614037514 1.285777845 -1.360070682 0.217232816 1.065831091 -1.121866937 0.020147185 0.955963819 -1.432807454 0.000000000
245 309 1780458790.690889597 1.285777845 -1.360070682 0.217232816 1.065831091 -1.121866937 0.020147185 0.953522437 -1.439174735 0.000000000
246 310 1780458790.771155596 1.276448165 -1.380534592 0.213589068 1.060735523 -1.143771635 0.016498783 0.949745159 -1.448711396 0.000000000
247 311 1780458790.861102819 1.272703014 -1.388204603 0.212269924 1.058576604 -1.152023189 0.015139999 0.945830655 -1.458229767 0.000000000
248 312 1780458790.928739786 1.272703014 -1.388204603 0.212269924 1.058576604 -1.152023189 0.015140000 0.943145300 -1.464564544 0.000000000
249 313 1780458791.016025305 1.264840756 -1.408494622 0.209899218 1.054677541 -1.173450942 0.012956214 0.939004540 -1.474049550 0.000000000
250 314 1780458791.083324432 1.264840756 -1.408494622 0.209899218 1.054677541 -1.173450942 0.012956214 0.936169336 -1.480360901 0.000000000
251 315 1780458791.162404537 1.262041563 -1.415532485 0.209833674 1.053134543 -1.180866465 0.012934463 0.933274730 -1.486662229 0.000000000
252 316 1780458791.236670732 1.257164752 -1.425250791 0.208894532 1.050154572 -1.191315970 0.011915462 0.928822092 -1.496094625 0.000000000
253 317 1780458791.316854239 1.248563650 -1.445479612 0.205381389 1.045708130 -1.212857097 0.008489774 0.925780269 -1.502369293 0.000000000
254 318 1780458791.403926611 1.244026195 -1.455301302 0.203874456 1.043165953 -1.223371261 0.006968385 0.921108341 -1.511759392 0.000000000
255 319 1780458791.481602192 1.244026195 -1.455301302 0.203874456 1.043165953 -1.223371261 0.006968386 0.916320571 -1.521079269 0.000000000
256 320 1780458791.548100710 1.239082892 -1.466576669 0.201654656 1.040584056 -1.235414343 0.004778489 0.913084096 -1.527198510 0.000000000
257 321 1780458791.626694918 1.230243820 -1.485419619 0.199539205 1.035453104 -1.255578895 0.002604719 0.908177830 -1.536204531 0.000000000
258 322 1780458791.700051546 1.230243820 -1.485419619 0.199539205 1.035453104 -1.255578895 0.002604719 0.904845029 -1.542180317 0.000000000
259 323 1780458791.776366949 1.225610416 -1.495086879 0.198020253 1.032793782 -1.265958337 0.001046916 0.899746159 -1.551122816 0.000000000
260 324 1780458791.853804111 1.220720819 -1.504724503 0.196759223 1.029839172 -1.276343265 -0.000296850 0.896280788 -1.557069892 0.000000000
261 325 1780458791.930647850 1.209150316 -1.526054210 0.191992299 1.022885701 -1.299534798 -0.005332575 0.892762768 -1.563004923 0.000000000
262 326 1780458792.010222197 1.202078484 -1.538428226 0.190334062 1.018325808 -1.313008409 -0.007215657 0.887387479 -1.571884189 0.000000000
263 327 1780458792.092565775 1.195691285 -1.555012135 0.187859191 1.015262339 -1.330536417 -0.009524641 0.881894897 -1.580734579 0.000000000
264 328 1780458792.163212061 1.195691285 -1.555012135 0.187859191 1.015262339 -1.330536417 -0.009524641 0.878168347 -1.586618276 0.000000000
265 329 1780458792.233256340 1.193402844 -1.560819717 0.188541688 1.013892706 -1.336623132 -0.008812748 0.874390163 -1.592488363 0.000000000
266 330 1780458792.324579000 1.182285485 -1.577627267 0.186807901 1.006145372 -1.355167871 -0.011085818 0.866679654 -1.604186475 0.000000000
267 331 1780458792.388592958 1.182285485 -1.577627267 0.186807901 1.006145372 -1.355167871 -0.011085818 0.862751107 -1.610012503 0.000000000
268 332 1780458792.462139606 1.177207086 -1.587664044 0.186130103 1.002980608 -1.365955691 -0.011856311 0.858796470 -1.615813600 0.000000000
269 333 1780458792.544157028 1.167161983 -1.602768918 0.185760274 0.995776478 -1.382584780 -0.012734954 0.854833946 -1.621582110 0.000000000
270 334 1780458792.610104322 1.167161983 -1.602768918 0.185760274 0.995776478 -1.382584780 -0.012734954 0.848806785 -1.630200618 0.000000000
271 335 1780458792.694905281 1.156235809 -1.623286363 0.183175121 0.988967734 -1.404779468 -0.015575136 0.844726340 -1.635925810 0.000000000
272 336 1780458792.766242981 1.156235809 -1.623286363 0.183175121 0.988967734 -1.404779468 -0.015575136 0.838512581 -1.644482130 0.000000000
273 337 1780458792.843655109 1.147358116 -1.640525844 0.183399005 0.983160227 -1.423281781 -0.015552469 0.834308253 -1.650164925 0.000000000
274 338 1780458792.921577692 1.142515657 -1.647480283 0.183591402 0.979573911 -1.430961800 -0.015631893 0.827909429 -1.658656246 0.000000000
275 339 1780458792.996426105 1.137287922 -1.657250750 0.182488115 0.976287237 -1.441530289 -0.016862052 0.823549103 -1.664373603 0.000000000
276 340 1780458793.087712049 1.133222438 -1.664751266 0.182204346 0.973623633 -1.449630556 -0.017258679 0.816886186 -1.672977367 0.000000000
277 341 1780458793.163850546 1.127961219 -1.671676459 0.182512219 0.969606562 -1.457350383 -0.017288955 0.812409154 -1.678623054 0.000000000
278 342 1780458793.234680176 1.127961219 -1.671676459 0.182512219 0.969606562 -1.457350383 -0.017288955 0.805633558 -1.686981425 0.000000000
279 343 1780458793.313708544 1.116779757 -1.690458913 0.180926539 0.962101758 -1.477843583 -0.019295621 0.798752919 -1.695287699 0.000000000
280 344 1780458793.386682034 1.111196362 -1.697965299 0.180869855 0.957925845 -1.486205705 -0.019695643 0.794105733 -1.700800429 0.000000000
281 345 1780458793.462664127 1.106051494 -1.703758231 0.181572744 0.953770813 -1.492775793 -0.019393267 0.789410636 -1.706292988 0.000000000
282 346 1780458793.537926674 1.106051494 -1.703758231 0.181572744 0.953770813 -1.492775793 -0.019393267 0.782278462 -1.714493364 0.000000000
283 347 1780458793.616097927 1.094012799 -1.720381982 0.179748229 0.945110752 -1.511304059 -0.021906198 0.777464192 -1.719934213 0.000000000
284 348 1780458793.682271481 1.094012799 -1.720381982 0.179748229 0.945110752 -1.511304059 -0.021906198 0.770153891 -1.728055649 0.000000000
285 349 1780458793.762829304 1.082647705 -1.734119600 0.179052916 0.936446462 -1.526831055 -0.023393966 0.762737309 -1.736128404 0.000000000
286 350 1780458793.831563473 1.077238867 -1.741370858 0.178962377 0.932403372 -1.534913016 -0.023817972 0.757734092 -1.741482707 0.000000000
287 351 1780458793.910213232 1.071877009 -1.749436191 0.178855180 0.928544053 -1.543788376 -0.024197806 0.750141337 -1.749472126 0.000000000
288 352 1780458793.983303785 1.066883408 -1.758784045 0.178270356 0.925332429 -1.553879949 -0.024909176 0.745021064 -1.754769955 0.000000000
289 353 1780458794.063905954 1.061141235 -1.766527586 0.177644099 0.921132087 -1.562525362 -0.025879298 0.739854183 -1.760044681 0.000000000
290 354 1780458794.143704891 1.055439899 -1.773956329 0.177378396 0.916861749 -1.570839844 -0.026508321 0.732016738 -1.767912806 0.000000000
291 355 1780458794.228524446 1.049438433 -1.781157386 0.176504804 0.912358206 -1.579006440 -0.027797036 0.724075097 -1.775727292 0.000000000
292 356 1780458794.298353195 1.049438433 -1.781157386 0.176504804 0.912358206 -1.579006440 -0.027797036 0.718722977 -1.780906657 0.000000000
293 357 1780458794.372910023 1.043847390 -1.789333991 0.175926170 0.908369387 -1.588049693 -0.028669009 0.713324837 -1.786061443 0.000000000
294 358 1780458794.444141388 1.037777922 -1.797127365 0.175405118 0.903842086 -1.596797155 -0.029581188 0.705141582 -1.793746886 0.000000000
295 359 1780458794.516652584 1.031824981 -1.803797227 0.175550945 0.899135188 -1.604392837 -0.029891925 0.699628878 -1.798838923 0.000000000
296 360 1780458794.597482443 1.019530577 -1.819253742 0.175246046 0.889790317 -1.621757971 -0.031020942 0.691274291 -1.806428844 0.000000000
297 361 1780458794.675712824 1.012282211 -1.826208279 0.174829320 0.883959654 -1.629881824 -0.032062309 0.685647701 -1.811456264 0.000000000
298 362 1780458794.745409966 1.006310688 -1.832972942 0.174881088 0.879265408 -1.637577695 -0.032462385 0.677122780 -1.818947852 0.000000000
299 363 1780458794.825684786 0.999671921 -1.840423919 0.174662054 0.874079085 -1.646075856 -0.033184590 0.671382958 -1.823908774 0.000000000
300 364 1780458794.899517536 0.999671921 -1.840423919 0.174662054 0.874079085 -1.646075856 -0.033184590 0.662688667 -1.831299193 0.000000000
301 365 1780458794.979130268 0.986783927 -1.854460044 0.174348667 0.863921666 -1.662147447 -0.034504501 0.653893202 -1.838627540 0.000000000
302 366 1780458795.051182270 0.986783927 -1.854460044 0.174348667 0.863921666 -1.662147447 -0.034504501 0.647973514 -1.843478108 0.000000000
303 367 1780458795.139124632 0.972483648 -1.868473012 0.173182959 0.852521670 -1.678476057 -0.036878683 0.639010152 -1.850700694 0.000000000
304 368 1780458795.205368519 0.972483648 -1.868473012 0.173182959 0.852521670 -1.678476057 -0.036878683 0.632978827 -1.855479787 0.000000000
305 369 1780458795.290273428 0.958800490 -1.883097198 0.172253619 0.841786271 -1.695289079 -0.038886869 0.623848445 -1.862593700 0.000000000
306 370 1780458795.360258102 0.958800490 -1.883097198 0.172253619 0.841786271 -1.695289079 -0.038886869 0.617706057 -1.867299365 0.000000000
307 371 1780458795.437629461 0.943501128 -1.897477378 0.170644295 0.829545696 -1.712170694 -0.041824448 0.611519401 -1.871975106 0.000000000
308 372 1780458795.506571054 0.943501128 -1.897477378 0.170644295 0.829545696 -1.712170694 -0.041824448 0.602156603 -1.878931913 0.000000000
309 373 1780458795.586814642 0.929416308 -1.911001097 0.169414645 0.818284173 -1.727982833 -0.044261558 0.595859652 -1.883531447 0.000000000
310 374 1780458795.649764299 0.929416308 -1.911001097 0.169414645 0.818284173 -1.727982833 -0.044261558 0.586331808 -1.890372434 0.000000000
311 375 1780458795.722077608 0.921339346 -1.918737070 0.168157231 0.811910923 -1.737052985 -0.046205192 0.579925087 -1.894893741 0.000000000
312 376 1780458795.798712492 0.906217576 -1.932654466 0.165835310 0.799879596 -1.753476113 -0.049849530 0.570232969 -1.901615855 0.000000000
313 377 1780458795.875825405 0.906217576 -1.932654466 0.165835310 0.799879596 -1.753476113 -0.049849530 0.563716981 -1.906056884 0.000000000
314 378 1780458795.942846298 0.900186456 -1.937797655 0.166461210 0.794766294 -1.759564637 -0.049798848 0.553861328 -1.912657020 0.000000000
315 379 1780458796.019759178 0.884949422 -1.952180076 0.163714719 0.782767708 -1.776481992 -0.053848723 0.547236556 -1.917015682 0.000000000
316 380 1780458796.107358932 0.877595015 -1.958306287 0.163415725 0.776677342 -1.783804787 -0.054844354 0.537218078 -1.923490681 0.000000000
317 381 1780458796.185688496 0.869853844 -1.965702508 0.162545910 0.770512675 -1.792466916 -0.056377586 0.527102234 -1.929889054 0.000000000
318 382 1780458796.251720905 0.869853844 -1.965702508 0.162545910 0.770512675 -1.792466916 -0.056377585 0.520304363 -1.934111489 0.000000000
319 383 1780458796.332028627 0.855482271 -1.978772160 0.161554330 0.758858691 -1.807873065 -0.058652748 0.513463394 -1.938298996 0.000000000
320 384 1780458796.405642748 0.855482271 -1.978772160 0.161554330 0.758858691 -1.807873065 -0.058652748 0.503121277 -1.944513991 0.000000000
321 385 1780458796.484571218 0.847537151 -1.985527326 0.160320787 0.752446809 -1.815954281 -0.060617571 0.496172854 -1.948612623 0.000000000
322 386 1780458796.559149742 0.840295851 -1.991308451 0.159400320 0.746508013 -1.822942086 -0.062232003 0.485669864 -1.954692616 0.000000000
323 387 1780458796.634872198 0.825457891 -2.003330004 0.158597002 0.734195880 -1.837391092 -0.064460389 0.478614391 -1.958700109 0.000000000
324 388 1780458796.704659939 0.825457891 -2.003330004 0.158597002 0.734195880 -1.837391092 -0.064460389 0.467951118 -1.964641666 0.000000000
325 389 1780458796.781233549 0.807795720 -2.016775767 0.155962474 0.719663675 -1.853805825 -0.068825379 0.460788981 -1.968555704 0.000000000
326 390 1780458796.862674713 0.799977134 -2.022054029 0.156111135 0.712909321 -1.860357883 -0.069504849 0.449965987 -1.974355309 0.000000000
327 391 1780458796.930654287 0.799977134 -2.022054029 0.156111135 0.712909321 -1.860357883 -0.069504849 0.442697548 -1.978173518 0.000000000
328 392 1780458797.011461020 0.782883681 -2.032729973 0.156140568 0.698045934 -1.873844147 -0.071338748 0.431715364 -1.983827565 0.000000000
329 393 1780458797.080378532 0.782883681 -2.032729973 0.156140568 0.698045934 -1.873844147 -0.071338748 0.424340969 -1.987547510 0.000000000
330 394 1780458797.163752317 0.766906777 -2.043356458 0.155955781 0.684294975 -1.887095225 -0.073219663 0.413200096 -1.993052298 0.000000000
331 395 1780458797.228241444 0.766906777 -2.043356458 0.155955781 0.684294975 -1.887095225 -0.073219663 0.405720068 -1.996671477 0.000000000
332 396 1780458797.315221548 0.751121795 -2.053630123 0.154828588 0.670822070 -1.900002481 -0.076024655 0.394420976 -2.002023199 0.000000000
333 397 1780458797.380562544 0.743191729 -2.059957720 0.154523505 0.664205970 -1.907624133 -0.077099434 0.386835618 -2.005539040 0.000000000
334 398 1780458797.458691835 0.733689332 -2.064284872 0.154250596 0.655721914 -1.913550791 -0.078510039 0.375378748 -2.010733781 0.000000000
335 399 1780458797.530075073 0.733689332 -2.064284872 0.154250596 0.655721914 -1.913550790 -0.078510039 0.367688342 -2.014143633 0.000000000
336 400 1780458797.607268095 0.716600718 -2.075263897 0.153074091 0.641105554 -1.927381505 -0.081512913 0.356074099 -2.019177356 0.000000000
337 401 1780458797.704700947 0.708878443 -2.080846306 0.153771150 0.634408244 -1.934194574 -0.081616934 0.344365614 -2.024112477 0.000000000
338 402 1780458797.752407551 0.708878443 -2.080846306 0.153771150 0.634408244 -1.934194574 -0.081616934 0.336507665 -2.027347025 0.000000000
339 403 1780458797.835782051 0.689699621 -2.093194522 0.151755337 0.618119105 -1.949770023 -0.085671382 0.328607923 -2.030536612 0.000000000
340 404 1780458797.908848286 0.680647290 -2.098061972 0.151146209 0.610216401 -1.956162839 -0.087310575 0.316680025 -2.035235664 0.000000000
341 405 1780458797.987155914 0.672387235 -2.103210489 0.151572804 0.602966624 -1.962653446 -0.087790655 0.304658282 -2.039830897 0.000000000
342 406 1780458798.058446646 0.672387235 -2.103210489 0.151572804 0.602966624 -1.962653446 -0.087790655 0.296591701 -2.042835901 0.000000000
343 407 1780458798.130268335 0.664144260 -2.108649381 0.151523358 0.595857521 -1.969445358 -0.088718676 0.288483486 -2.045793541 0.000000000
344 408 1780458798.220098972 0.645461526 -2.118699205 0.150778437 0.579466619 -1.982623250 -0.091596160 0.276243155 -2.050140099 0.000000000
345 409 1780458798.300391674 0.645461526 -2.118699205 0.150778437 0.579466619 -1.982623250 -0.091596160 0.268030966 -2.052977123 0.000000000
346 410 1780458798.362107038 0.637539731 -2.122642063 0.151478427 0.572301977 -1.987857920 -0.091835092 0.255634787 -2.057140338 0.000000000
347 411 1780458798.449943781 0.619485468 -2.130652724 0.151030632 0.556136217 -1.998908231 -0.094459297 0.247318766 -2.059853493 0.000000000
348 412 1780458798.514176607 0.619485468 -2.130652724 0.151030632 0.556136217 -1.998908231 -0.094459297 0.234766931 -2.063828390 0.000000000
349 413 1780458798.597642899 0.600241906 -2.140988133 0.149855530 0.539315506 -2.012481795 -0.097826525 0.226347195 -2.066414293 0.000000000
350 414 1780458798.678700209 0.600241906 -2.140988133 0.149855530 0.539315506 -2.012481795 -0.097826524 0.213639856 -2.070195696 0.000000000
351 415 1780458798.753649473 0.590911396 -2.146162920 0.149068317 0.531221550 -2.019232503 -0.099662925 0.205116491 -2.072650824 0.000000000
352 416 1780458798.831059933 0.571404153 -2.155492829 0.147817733 0.513989008 -2.031865757 -0.103210333 0.192253758 -2.076233336 0.000000000
353 417 1780458798.910974979 0.561810269 -2.160617675 0.147475211 0.505559679 -2.038595932 -0.104650863 0.179297822 -2.079693828 0.000000000
354 418 1780458798.980648756 0.561810269 -2.160617675 0.147475211 0.505559679 -2.038595932 -0.104650863 0.170608759 -2.081932007 0.000000000
355 419 1780458799.058077812 0.541850994 -2.169864360 0.146645919 0.487806360 -2.051209750 -0.107855986 0.161878279 -2.084114400 0.000000000
356 420 1780458799.144530773 0.530168560 -2.174840230 0.145310243 0.477477835 -2.058196695 -0.110599480 0.148704900 -2.087281983 0.000000000
357 421 1780458799.203990698 0.530168560 -2.174840230 0.145310243 0.477477835 -2.058196695 -0.110599480 0.139870870 -2.089322075 0.000000000
358 422 1780458799.294059992 0.511378756 -2.183628620 0.144908366 0.460718337 -2.070138786 -0.113237609 0.126542141 -2.092273085 0.000000000
359 423 1780458799.356675148 0.511378756 -2.183628620 0.144908366 0.460718337 -2.070138786 -0.113237609 0.117604532 -2.094166679 0.000000000
360 424 1780458799.448873043 0.490627522 -2.193006707 0.142994342 0.442388802 -2.083062490 -0.117623010 0.104154248 -2.096896908 0.000000000
361 425 1780458799.510486364 0.490627522 -2.193006707 0.142994342 0.442388802 -2.083062490 -0.117623010 0.095225189 -2.098644051 0.000000000
362 426 1780458799.590130091 0.470375975 -2.202315791 0.142638740 0.424286057 -2.095770214 -0.120400602 0.082014873 -2.101156895 0.000000000
363 427 1780458799.664783478 0.470375975 -2.202315791 0.142638740 0.424286057 -2.095770214 -0.120400602 0.073404459 -2.102762359 0.000000000
364 428 1780458799.749269962 0.459722476 -2.207347473 0.141043019 0.415009502 -2.102642629 -0.123242540 0.060911388 -2.105071712 0.000000000
365 429 1780458799.816077232 0.449063288 -2.212513722 0.140087878 0.405647852 -2.109623414 -0.125444558 0.052939083 -2.106550035 0.000000000
366 430 1780458799.891792774 0.439800376 -2.216446857 0.139023978 0.397457189 -2.115151502 -0.127625442 0.041643109 -2.108685806 0.000000000
367 431 1780458799.965967655 0.431425896 -2.219110695 0.139001757 0.389754212 -2.119235001 -0.128728900 0.034628316 -2.110062364 0.000000000
368 432 1780458800.036648989 0.422669738 -2.223479861 0.138151021 0.382095296 -2.125095309 -0.130594768 0.024895950 -2.112070630 0.000000000
369 433 1780458800.118632555 0.414429221 -2.226902057 0.137309685 0.374779170 -2.129933546 -0.132436276 0.018514561 -2.113369074 0.000000000
370 434 1780458800.199012756 0.406808790 -2.231885643 0.135933589 0.368411279 -2.136220645 -0.134609542 0.008921655 -2.115228619 0.000000000
371 435 1780458800.266679525 0.398840676 -2.235408339 0.135033854 0.361386250 -2.141112496 -0.136461168 0.002513099 -2.116409406 0.000000000
372 436 1780458800.352540493 0.383702450 -2.242637789 0.133128246 0.348160268 -2.150942141 -0.140137258 -0.007118673 -2.118092016 0.000000000
373 437 1780458800.429686785 0.383702450 -2.242637789 0.133128246 0.348160268 -2.150942141 -0.140137258 -0.013551900 -2.119154593 0.000000000
374 438 1780458800.501797676 0.376703966 -2.244592646 0.132215877 0.341820065 -2.154122683 -0.141958973 -0.023218812 -2.120659523 0.000000000
375 439 1780458800.585223675 0.358675598 -2.252104456 0.128596944 0.326101170 -2.164801523 -0.147740386 -0.029674219 -2.121603415 0.000000000
376 440 1780458800.648816586 0.358675598 -2.252104456 0.128596944 0.326101170 -2.164801523 -0.147740386 -0.041027701 -2.123179058 0.000000000
377 441 1780458800.727751732 0.349086429 -2.256360040 0.126469465 0.317815896 -2.170745348 -0.150998224 -0.049125144 -2.124186459 0.000000000
378 442 1780458800.801491499 0.339634482 -2.259623769 0.125300848 0.309346598 -2.175651909 -0.153354816 -0.061291451 -2.125557522 0.000000000
379 443 1780458800.877497911 0.328661237 -2.265321900 0.123651290 0.299878299 -2.183237939 -0.156254007 -0.069414602 -2.126378045 0.000000000
380 444 1780458800.952654600 0.309245152 -2.271790747 0.122172862 0.282294851 -2.193049256 -0.160200715 -0.081615775 -2.127468298 0.000000000
381 445 1780458801.022195101 0.309245152 -2.271790747 0.122172862 0.282294851 -2.193049256 -0.160200715 -0.089759699 -2.128101311 0.000000000
382 446 1780458801.106870890 0.287298393 -2.281220377 0.119312232 0.262961107 -2.206269321 -0.165695952 -0.101988317 -2.128909889 0.000000000
383 447 1780458801.184327841 0.287298393 -2.281220377 0.119312232 0.262961107 -2.206269321 -0.165695952 -0.110148059 -2.129354872 0.000000000
384 448 1780458801.259795666 0.276857086 -2.284569759 0.117835426 0.253592308 -2.211444882 -0.168499409 -0.122396675 -2.129881076 0.000000000
385 449 1780458801.330806971 0.266896450 -2.286765331 0.116749564 0.244437148 -2.215386071 -0.170920974 -0.130567257 -2.130137616 0.000000000
386 450 1780458801.408136129 0.243853825 -2.294873669 0.112928455 0.223970047 -2.227534946 -0.177615089 -0.142828393 -2.130380914 0.000000000
387 451 1780458801.490646362 0.234146526 -2.298694542 0.112449253 0.215235212 -2.233007312 -0.179293254 -0.151004824 -2.130448714 0.000000000
388 452 1780458801.557567120 0.234146526 -2.298694542 0.112449253 0.215235212 -2.233007312 -0.179293254 -0.163270979 -2.130408741 0.000000000
389 453 1780458801.630595684 0.223535458 -2.303947799 0.110910679 0.206027708 -2.240088090 -0.182057874 -0.171448251 -2.130287614 0.000000000
390 454 1780458801.696920156 0.211238713 -2.307787805 0.108482234 0.195086342 -2.246107396 -0.186046281 -0.183711904 -2.129964177 0.000000000
391 455 1780458801.781568766 0.198554847 -2.311613652 0.106175682 0.183746498 -2.252175582 -0.189973471 -0.195970439 -2.129470640 0.000000000
392 456 1780458801.850065470 0.188288883 -2.315095323 0.104432286 0.174612761 -2.257461105 -0.193004898 -0.204138610 -2.129047127 0.000000000
393 457 1780458801.919652462 0.175981730 -2.318090925 0.102957557 0.163369049 -2.262614193 -0.196109592 -0.212302494 -2.128548044 0.000000000
394 458 1780458801.999184847 0.154821583 -2.322533772 0.100691751 0.143876695 -2.270767358 -0.201228053 -0.224538517 -2.127657782 0.000000000
395 459 1780458802.065286875 0.154821583 -2.322533772 0.100691751 0.143876695 -2.270767358 -0.201228053 -0.232688155 -2.126969899 0.000000000
396 460 1780458802.158863544 0.135184118 -2.326732392 0.100879420 0.125435077 -2.278318626 -0.203713753 -0.244899030 -2.125796622 0.000000000
397 461 1780458802.234294176 0.135184118 -2.326732392 0.100879420 0.125435077 -2.278318626 -0.203713753 -0.253029381 -2.124920212 0.000000000
398 462 1780458802.308124065 0.123073535 -2.330583366 0.099235372 0.114551873 -2.284285593 -0.206899706 -0.265207542 -2.123464415 0.000000000
399 463 1780458802.378195524 0.111064287 -2.334239169 0.097128574 0.103808460 -2.290060921 -0.210539787 -0.273313563 -2.122399868 0.000000000
400 464 1780458802.450263739 0.099192252 -2.336978993 0.095484144 0.092972643 -2.294893033 -0.213763415 -0.285451446 -2.120662225 0.000000000
401 465 1780458802.531498194 0.076839792 -2.340773917 0.092580695 0.072313701 -2.302641745 -0.219732458 -0.293528095 -2.119410047 0.000000000
402 466 1780458802.623446226 0.065615522 -2.342646722 0.091193438 0.061923119 -2.306497709 -0.222662215 -0.305618141 -2.117391406 0.000000000
403 467 1780458802.669544697 0.065615522 -2.342646722 0.091193438 0.061923119 -2.306497709 -0.222662215 -0.313660392 -2.115952194 0.000000000
404 468 1780458802.747870207 0.041345986 -2.348935537 0.088068598 0.039848617 -2.317043364 -0.228973294 -0.325715501 -2.113612358 0.000000000
405 469 1780458802.826475382 0.041345986 -2.348935537 0.088068598 0.039848617 -2.317043364 -0.228973294 -0.333753259 -2.111917028 0.000000000
406 470 1780458802.895146608 0.029486273 -2.352278096 0.086561456 0.029103196 -2.322460978 -0.232019990 -0.345808959 -2.109173482 0.000000000
407 471 1780458802.978537321 0.003886217 -2.357521612 0.082400333 0.005724952 -2.332250905 -0.239621786 -0.353844064 -2.107212207 0.000000000
408 472 1780458803.054323912 -0.008382965 -2.360667691 0.079806860 -0.005278749 -2.337589109 -0.243814505 -0.365891340 -2.104074322 0.000000000
409 473 1780458803.134938955 -0.021022557 -2.363905072 0.077474745 -0.016669317 -2.343071590 -0.247798980 -0.373917936 -2.101853089 0.000000000
410 474 1780458803.209223032 -0.021022557 -2.363905072 0.077474745 -0.016669317 -2.343071590 -0.247798980 -0.385948216 -2.098329479 0.000000000
411 475 1780458803.297051907 -0.045105296 -2.365371677 0.073887750 -0.039290560 -2.348858244 -0.254855166 -0.393960723 -2.095853800 0.000000000
412 476 1780458803.363868713 -0.045105296 -2.365371677 0.073887750 -0.039290560 -2.348858244 -0.254855166 -0.405965830 -2.091952409 0.000000000
413 477 1780458803.449375629 -0.068868882 -2.368925072 0.069925161 -0.061194360 -2.356657000 -0.262096693 -0.417952055 -2.087827914 0.000000000
414 478 1780458803.513633728 -0.068868882 -2.368925072 0.069925161 -0.061194360 -2.356657000 -0.262096693 -0.425931021 -2.084955557 0.000000000
415 479 1780458803.593396187 -0.092605339 -2.369146110 0.065200272 -0.083504714 -2.361202175 -0.270305366 -0.433899572 -2.081985891 0.000000000
416 480 1780458803.662310600 -0.092605339 -2.369146110 0.065200272 -0.083504714 -2.361202175 -0.270305366 -0.445831155 -2.077350468 0.000000000
417 481 1780458803.735346556 -0.106373143 -2.371311512 0.061565766 -0.095964240 -2.365877758 -0.275814463 -0.453770255 -2.074140556 0.000000000
418 482 1780458803.816813231 -0.128922654 -2.368570792 0.058320320 -0.117847577 -2.367243974 -0.282580402 -0.465654073 -2.069147877 0.000000000
419 483 1780458803.880764484 -0.128922654 -2.368570792 0.058320320 -0.117847577 -2.367243974 -0.282580402 -0.473558975 -2.065701805 0.000000000
420 484 1780458803.969335556 -0.158606203 -2.373079427 0.052272186 -0.145021594 -2.377097341 -0.292704867 -0.485388028 -2.060357794 0.000000000
421 485 1780458804.040839672 -0.158606203 -2.373079427 0.052272186 -0.145021594 -2.377097341 -0.292704867 -0.493254142 -2.056679378 0.000000000
422 486 1780458804.128933191 -0.180611989 -2.369453644 0.048069550 -0.166370696 -2.377535245 -0.300391685 -0.505021646 -2.050989569 0.000000000
423 487 1780458804.200805664 -0.180611989 -2.369453644 0.048069550 -0.166370696 -2.377535245 -0.300391685 -0.512844514 -2.047082379 0.000000000
424 488 1780458804.272366047 -0.194209758 -2.370237915 0.042848549 -0.178642007 -2.380884256 -0.307531174 -0.524539135 -2.041053541 0.000000000
425 489 1780458804.368244171 -0.216208329 -2.367329497 0.040284823 -0.200125578 -2.381962687 -0.313552958 -0.532271145 -2.036935822 0.000000000
426 490 1780458804.428138018 -0.216208329 -2.367329497 0.040284823 -0.200125578 -2.381962687 -0.313552957 -0.543662641 -2.030653548 0.000000000
427 491 1780458804.513095140 -0.228120629 -2.350478470 0.039478111 -0.214392389 -2.367494185 -0.317245024 -0.554834859 -2.024243562 0.000000000
428 492 1780458804.581192017 -0.245932165 -2.355093158 0.034089757 -0.230100570 -2.375353885 -0.324929989 -0.562258613 -2.019867572 0.000000000
429 493 1780458804.664416790 -0.258969394 -2.353448259 0.029755977 -0.242371620 -2.376180405 -0.331269932 -0.569663151 -2.015409578 0.000000000
430 494 1780458804.740859509 -0.275563268 -2.356968587 0.023750258 -0.256978617 -2.382774965 -0.339453174 -0.580732581 -2.008569716 0.000000000
431 495 1780458804.816574097 -0.288449039 -2.355795817 0.021176244 -0.269303789 -2.383970832 -0.344003346 -0.588086394 -2.003908465 0.000000000
432 496 1780458804.900542974 -0.303048873 -2.357561242 0.016124272 -0.282413960 -2.388453481 -0.351061928 -0.599076896 -1.996765530 0.000000000
433 497 1780458804.964087963 -0.303048873 -2.357561242 0.016124272 -0.282413960 -2.388453481 -0.351061928 -0.606376212 -1.991903407 0.000000000
434 498 1780458805.037153482 -0.322076269 -2.351702304 0.012532000 -0.301333223 -2.386150531 -0.357846566 -0.617280689 -1.984464552 0.000000000
435 499 1780458805.126041889 -0.338259136 -2.351870706 0.008393632 -0.316394929 -2.389302544 -0.364346522 -0.628100452 -1.976925245 0.000000000
436 500 1780458805.193120480 -0.338259136 -2.351870706 0.008393632 -0.316394929 -2.389302544 -0.364346522 -0.635264175 -1.971846504 0.000000000
437 501 1780458805.277431726 -0.353451876 -2.340293159 0.003075392 -0.332259017 -2.380771285 -0.372634524 -0.645960750 -1.964082848 0.000000000
438 502 1780458805.348567724 -0.353451876 -2.340293159 0.003075392 -0.332259017 -2.380771285 -0.372634524 -0.653058273 -1.958810514 0.000000000
439 503 1780458805.427258730 -0.374885196 -2.349779207 0.004966296 -0.351839861 -2.393771654 -0.373361684 -0.660128293 -1.953461294 0.000000000
440 504 1780458805.510716677 -0.374885196 -2.349779207 0.004966296 -0.351839861 -2.393771654 -0.373361684 -0.670680487 -1.945293975 0.000000000
441 505 1780458805.579932690 -0.384765446 -2.347182680 0.002970493 -0.361569049 -2.393019532 -0.376984078 -0.677679214 -1.939753872 0.000000000
442 506 1780458805.655927658 -0.393435316 -2.341097980 0.001833741 -0.370837246 -2.388590666 -0.379806857 -0.688121760 -1.931301617 0.000000000
443 507 1780458805.732785940 -0.396741930 -2.332984971 0.003061263 -0.375599821 -2.381137710 -0.379625875 -0.695045589 -1.925572463 0.000000000
444 508 1780458805.814399481 -0.406935201 -2.328655732 0.000879703 -0.385892261 -2.378742710 -0.383592478 -0.705373092 -1.916837958 0.000000000
445 509 1780458805.892792225 -0.414167029 -2.322638463 -0.001303119 -0.393583353 -2.374170037 -0.387226942 -0.712218433 -1.910921505 0.000000000
446 510 1780458805.974318981 -0.437693568 -2.317487060 -0.008872457 -0.416130361 -2.373503865 -0.398563543 -0.722425519 -1.901907322 0.000000000
447 511 1780458806.044421911 -0.437693568 -2.317487060 -0.008872457 -0.416130362 -2.373503864 -0.398563543 -0.732557778 -1.892726517 0.000000000
448 512 1780458806.116970539 -0.453889789 -2.314408737 -0.013667932 -0.431640515 -2.373489506 -0.405927316 -0.739270094 -1.886513841 0.000000000
449 513 1780458806.190531731 -0.477398505 -2.308579912 -0.017678848 -0.454849122 -2.372014742 -0.413795480 -0.745947722 -1.880227744 0.000000000
450 514 1780458806.272040606 -0.482522091 -2.301300050 -0.018483536 -0.460917902 -2.365778020 -0.415837109 -0.755897873 -1.870661472 0.000000000
451 515 1780458806.343300819 -0.482522091 -2.301300050 -0.018483536 -0.460917902 -2.365778020 -0.415837109 -0.762486276 -1.864192888 0.000000000
452 516 1780458806.429105043 -0.492482672 -2.294621179 -0.022771943 -0.471039438 -2.361112952 -0.422001733 -0.772299897 -1.854353999 0.000000000
453 517 1780458806.500812054 -0.496777711 -2.288570149 -0.022537159 -0.476262950 -2.355900025 -0.422812758 -0.778795482 -1.847704398 0.000000000
454 518 1780458806.578912973 -0.509145053 -2.284394357 -0.025527129 -0.488516907 -2.354067052 -0.427893018 -0.788467170 -1.837595046 0.000000000
455 519 1780458806.645898104 -0.517277040 -2.280295074 -0.027999333 -0.496718920 -2.351549859 -0.431821866 -0.798051092 -1.827324413 0.000000000
456 520 1780458806.722594500 -0.520069012 -2.271842824 -0.028292132 -0.500795162 -2.343732682 -0.433085740 -0.804390644 -1.820388081 0.000000000
457 521 1780458806.786109209 -0.530323904 -2.267793303 -0.031109595 -0.510999849 -2.341648483 -0.437670497 -0.810689731 -1.813380599 0.000000000
458 522 1780458806.862504721 -0.555245058 -2.259598454 -0.032029482 -0.536468390 -2.337971661 -0.442857029 -0.820061203 -1.802736420 0.000000000
459 523 1780458806.941917658 -0.565362469 -2.252601812 -0.034818369 -0.547034023 -2.332962753 -0.447586841 -0.829338314 -1.791933296 0.000000000
460 524 1780458807.014378548 -0.565362469 -2.252601812 -0.034818369 -0.547034023 -2.332962753 -0.447586841 -0.835469642 -1.784643237 0.000000000
461 525 1780458807.089999914 -0.572852395 -2.246993184 -0.035809331 -0.555097980 -2.328790630 -0.450057406 -0.841557543 -1.777283022 0.000000000
462 526 1780458807.161999226 -0.578759164 -2.242569237 -0.039120839 -0.561054971 -2.325598381 -0.454501628 -0.850606651 -1.766111567 0.000000000
463 527 1780458807.248909473 -0.593268326 -2.230331193 -0.041304001 -0.576862598 -2.316175511 -0.459637791 -0.859554651 -1.754783303 0.000000000
464 528 1780458807.323669910 -0.593268326 -2.230331193 -0.041304001 -0.576862598 -2.316175511 -0.459637791 -0.865462794 -1.747144309 0.000000000
465 529 1780458807.399135590 -0.621694858 -2.220197793 -0.048167874 -0.605118917 -2.311435415 -0.471341558 -0.871324468 -1.739436065 0.000000000
466 530 1780458807.479130745 -0.626397927 -2.208675367 -0.050854539 -0.611184641 -2.301024651 -0.475455717 -0.880028490 -1.727744230 0.000000000
467 531 1780458807.546762705 -0.626397927 -2.208675367 -0.050854539 -0.611184641 -2.301024651 -0.475455717 -0.885771266 -1.719863604 0.000000000
468 532 1780458807.624241114 -0.649861748 -2.193471390 -0.058948570 -0.635259139 -2.290477561 -0.487961818 -0.894293993 -1.707913969 0.000000000
469 533 1780458807.695713043 -0.649861748 -2.193471390 -0.058948570 -0.635259140 -2.290477561 -0.487961818 -0.899913922 -1.699861981 0.000000000
470 534 1780458807.765977859 -0.659288150 -2.183972763 -0.062360938 -0.645469253 -2.282910753 -0.493367578 -0.908249371 -1.687656041 0.000000000
471 535 1780458807.842545509 -0.680016457 -2.167085752 -0.067104414 -0.667694825 -2.270099427 -0.502268604 -0.913742424 -1.679433662 0.000000000
472 536 1780458807.912960052 -0.680016457 -2.167085752 -0.067104414 -0.667694825 -2.270099427 -0.502268604 -0.921884485 -1.666972835 0.000000000
473 537 1780458807.984282017 -0.684098282 -2.159482930 -0.065828759 -0.673134594 -2.263281863 -0.502122914 -0.927246540 -1.658580987 0.000000000
474 538 1780458808.062013626 -0.697050925 -2.150375051 -0.070205831 -0.686557741 -2.256752680 -0.508983824 -0.935188959 -1.645866620 0.000000000
475 539 1780458808.138793468 -0.703915145 -2.141306982 -0.071835015 -0.694486633 -2.249092617 -0.512217664 -0.940415797 -1.637306176 0.000000000
476 540 1780458808.212578297 -0.711443542 -2.131611936 -0.075262939 -0.702879907 -2.241001871 -0.517366851 -0.948152163 -1.624339541 0.000000000
477 541 1780458808.284698248 -0.721081708 -2.125104877 -0.078499822 -0.712826442 -2.236408497 -0.522434476 -0.953239454 -1.615611326 0.000000000
478 542 1780458808.359868050 -0.739847592 -2.104694156 -0.088671677 -0.732864538 -2.219999767 -0.536627815 -0.960763180 -1.602393626 0.000000000
479 543 1780458808.438959122 -0.747368915 -2.095844211 -0.091892330 -0.741143349 -2.212731164 -0.541515877 -0.968156083 -1.589025834 0.000000000
480 544 1780458808.507389069 -0.747368915 -2.095844211 -0.091892330 -0.741143349 -2.212731164 -0.541515877 -0.973010781 -1.580030781 0.000000000
481 545 1780458808.578113317 -0.764725303 -2.075989599 -0.098074256 -0.760352241 -2.196467713 -0.551525103 -0.977805484 -1.570969306 0.000000000
482 546 1780458808.647767067 -0.770868085 -2.067405254 -0.101284530 -0.767247006 -2.189219399 -0.556178573 -0.984883390 -1.557252789 0.000000000
483 547 1780458808.729303598 -0.779668961 -2.057319534 -0.105220230 -0.776862761 -2.180986222 -0.562045339 -0.991822004 -1.543387419 0.000000000
484 548 1780458808.794459343 -0.779668961 -2.057319534 -0.105220230 -0.776862761 -2.180986222 -0.562045339 -0.996369054 -1.534061311 0.000000000
485 549 1780458808.882519960 -0.793878821 -2.033942238 -0.113777382 -0.793217565 -2.160800444 -0.574157222 -1.000852219 -1.524669293 0.000000000
486 550 1780458808.965413332 -0.798657798 -2.021893394 -0.118578196 -0.799108281 -2.149967574 -0.580402978 -1.007455403 -1.510457885 0.000000000
487 551 1780458809.033190250 -0.798657798 -2.021893394 -0.118578196 -0.799108281 -2.149967574 -0.580402978 -1.011775279 -1.500901490 0.000000000
488 552 1780458809.112579584 -0.804345234 -2.011174900 -0.122909236 -0.805736543 -2.140583822 -0.586234126 -1.018129614 -1.486443921 0.000000000
489 553 1780458809.189705133 -0.812889456 -2.000846217 -0.126318035 -0.815226797 -2.132046221 -0.591558579 -1.022280933 -1.476723675 0.000000000
490 554 1780458809.268433809 -0.819652789 -1.990668925 -0.130518842 -0.822832771 -2.123377653 -0.597387113 -1.028378362 -1.462020695 0.000000000
491 555 1780458809.348736763 -0.833443293 -1.971803012 -0.138605371 -0.838104004 -2.107538927 -0.608675018 -1.032355645 -1.452137073 0.000000000
492 556 1780458809.430239916 -0.840419352 -1.962033012 -0.141751193 -0.846017132 -2.099267009 -0.613467957 -1.038187777 -1.437189352 0.000000000
493 557 1780458809.503581047 -0.840419352 -1.962033012 -0.141751193 -0.846017132 -2.099267009 -0.613467957 -1.043856553 -1.422095073 0.000000000
494 558 1780458809.585297585 -0.849704629 -1.952782343 -0.146461575 -0.855842109 -2.091970224 -0.620116696 -1.047543388 -1.411950894 0.000000000
495 559 1780458809.649757385 -0.854603476 -1.944053412 -0.149522861 -0.861574102 -2.084356710 -0.624446022 -1.051155202 -1.401741715 0.000000000
496 560 1780458809.729006052 -0.864128087 -1.934542977 -0.153985025 -0.871714692 -2.076836430 -0.630902902 -1.056430065 -1.386306175 0.000000000
497 561 1780458809.800945282 -0.868545613 -1.922969382 -0.158522191 -0.877216573 -2.066397756 -0.636803066 -1.059849909 -1.375934697 0.000000000
498 562 1780458809.875855923 -0.875603132 -1.910546146 -0.162766380 -0.885475491 -2.055572507 -0.642866295 -1.064831954 -1.360255897 0.000000000
499 563 1780458809.951217890 -0.883126338 -1.896126417 -0.166368332 -0.894621865 -2.042839162 -0.648497195 -1.068053269 -1.349722355 0.000000000
500 564 1780458810.027661562 -0.888831465 -1.885345413 -0.169717503 -0.901433990 -2.033358646 -0.653366512 -1.072732407 -1.333800596 0.000000000
501 565 1780458810.101011276 -0.898092791 -1.875367685 -0.176339918 -0.911052317 -2.025417026 -0.661945675 -1.075748292 -1.323105157 0.000000000
502 566 1780458810.178735018 -0.903207863 -1.863231099 -0.180036599 -0.917460403 -2.014513369 -0.667158432 -1.080113897 -1.306940636 0.000000000
503 567 1780458810.246951818 -0.907861782 -1.851669217 -0.184275085 -0.923237910 -2.004115816 -0.672798657 -1.082917076 -1.296083394 0.000000000
504 568 1780458810.329692125 -0.919274807 -1.829412094 -0.191671188 -0.936869435 -1.984498616 -0.683271766 -1.086957933 -1.279676193 0.000000000
505 569 1780458810.409742117 -0.924339729 -1.817384292 -0.197193152 -0.942920158 -1.973764527 -0.690270452 -1.089540716 -1.268657164 0.000000000
506 570 1780458810.483786583 -0.930265236 -1.805235256 -0.199736402 -0.950302536 -1.962945030 -0.694467811 -1.093244953 -1.252007247 0.000000000
507 571 1780458810.563604593 -0.937634807 -1.795524134 -0.203779739 -0.958445989 -1.954834782 -0.700201316 -1.096742130 -1.235229961 0.000000000
508 572 1780458810.634848833 -0.937634807 -1.795524134 -0.203779739 -0.958445989 -1.954834782 -0.700201316 -1.098959193 -1.224045938 0.000000000
509 573 1780458810.700149536 -0.942952702 -1.785179020 -0.207032966 -0.964824049 -1.945711789 -0.704889198 -1.101085197 -1.212936268 0.000000000
510 574 1780458810.782715321 -0.959887821 -1.763691758 -0.217017047 -0.983289485 -1.927916988 -0.718693374 -1.104106542 -1.196550783 0.000000000
511 575 1780458810.845174551 -0.959887821 -1.763691758 -0.217017047 -0.983289485 -1.927916988 -0.718693374 -1.106012784 -1.185906751 0.000000000
512 576 1780458810.921078444 -0.963620961 -1.752467701 -0.220449272 -0.988243056 -1.917659601 -0.723377827 -1.108720098 -1.170521233 0.000000000
513 577 1780458810.997379780 -0.970177703 -1.743167361 -0.222952905 -0.995772205 -1.909751495 -0.727443433 -1.111261510 -1.156025669 0.000000000
514 578 1780458811.083759069 -0.975873076 -1.736113052 -0.226014934 -1.002000679 -1.903924659 -0.731782864 -1.112877047 -1.146960967 0.000000000
515 579 1780458811.139498949 -0.981821488 -1.725893965 -0.230824653 -1.008723670 -1.895096510 -0.738092532 -1.114453862 -1.138433144 0.000000000
516 580 1780458811.225900412 -0.989489367 -1.710320305 -0.234877942 -1.018130939 -1.881270723 -0.744266292 -1.116725375 -1.126383238 0.000000000
517 581 1780458811.296874523 -0.989489367 -1.710320305 -0.234877942 -1.018130939 -1.881270723 -0.744266292 -1.118149163 -1.118361293 0.000000000
518 582 1780458811.383054733 -0.999126955 -1.692146853 -0.244525189 -1.028997243 -1.865449363 -0.756425028 -1.120146208 -1.106300009 0.000000000
519 583 1780458811.445514679 -0.999126955 -1.692146853 -0.244525189 -1.028997243 -1.865449363 -0.756425028 -1.121384930 -1.098241377 0.000000000
520 584 1780458811.531661510 -1.007041144 -1.676156241 -0.248035157 -1.038800019 -1.851235120 -0.762127204 -1.123103702 -1.086128716 0.000000000
521 585 1780458811.599272013 -1.007041144 -1.676156241 -0.248035157 -1.038800019 -1.851235120 -0.762127204 -1.124156484 -1.078038274 0.000000000
522 586 1780458811.677187681 -1.012136984 -1.668307229 -0.251096912 -1.044577285 -1.844521738 -0.766428670 -1.125595750 -1.065881572 0.000000000
523 587 1780458811.749095678 -1.017279235 -1.658617349 -0.255305931 -1.050523334 -1.836050086 -0.771989962 -1.126461824 -1.057764226 0.000000000
524 588 1780458811.830581427 -1.021705661 -1.650963099 -0.258527785 -1.055591293 -1.829417734 -0.776336091 -1.127620516 -1.045570858 0.000000000
525 589 1780458811.909705877 -1.024863055 -1.641014317 -0.259972155 -1.060088803 -1.820236920 -0.778889260 -1.128299224 -1.037431535 0.000000000
526 590 1780458811.978201151 -1.030935440 -1.631566310 -0.263705674 -1.066975446 -1.812147021 -0.784105154 -1.129176437 -1.025208912 0.000000000
527 591 1780458812.052396297 -1.034747148 -1.626573310 -0.264070475 -1.071457212 -1.807914115 -0.785365523 -1.129667231 -1.017052563 0.000000000
528 592 1780458812.143549919 -1.043332576 -1.610820764 -0.269129602 -1.081627078 -1.794111769 -0.792680992 -1.130262224 -1.004808128 0.000000000
529 593 1780458812.220471621 -1.043332576 -1.610820764 -0.269129602 -1.081627078 -1.794111769 -0.792680992 -1.130564666 -0.996639725 0.000000000
530 594 1780458812.298026085 -1.046776165 -1.603704583 -0.271096857 -1.085848749 -1.787788254 -0.795606585 -1.130876867 -0.984380947 0.000000000
531 595 1780458812.370480061 -1.051358773 -1.594389746 -0.274881846 -1.091255282 -1.779571350 -0.800640918 -1.130990630 -0.976205479 0.000000000
532 596 1780458812.447206259 -1.056817647 -1.584989750 -0.278573420 -1.097543579 -1.771419963 -0.805720205 -1.131019634 -0.963939854 0.000000000
533 597 1780458812.536282778 -1.063376673 -1.567911788 -0.283434560 -1.105993422 -1.755952137 -0.812623449 -1.130878595 -0.951673727 0.000000000
534 598 1780458812.599389315 -1.063376673 -1.567911788 -0.283434560 -1.105993422 -1.755952137 -0.812623449 -1.130690077 -0.943497369 0.000000000
535 599 1780458812.681850910 -1.068467108 -1.555199338 -0.284525245 -1.112888020 -1.744375818 -0.815299619 -1.130425956 -0.935322796 0.000000000
536 600 1780458812.763386250 -1.072921627 -1.544362608 -0.289702921 -1.118201412 -1.734693600 -0.821788712 -1.129888030 -0.923066044 0.000000000
537 601 1780458812.833355188 -1.072921627 -1.544362608 -0.289702921 -1.118201412 -1.734693600 -0.821788712 -1.129434932 -0.914899455 0.000000000
538 602 1780458812.910780668 -1.075727996 -1.536149871 -0.291788952 -1.121966461 -1.727184627 -0.824807983 -1.128613615 -0.902658454 0.000000000
539 603 1780458812.987009287 -1.077307399 -1.528403200 -0.294321818 -1.124388867 -1.719937491 -0.828053256 -1.127971668 -0.894504885 0.000000000
540 604 1780458813.065169811 -1.081563498 -1.518767583 -0.297608702 -1.129610280 -1.711328533 -0.832568320 -1.126867241 -0.882287192 0.000000000
541 605 1780458813.145739794 -1.085856898 -1.509446303 -0.300971692 -1.134803599 -1.703038327 -0.837143380 -1.126036690 -0.874151682 0.000000000
542 606 1780458813.214122534 -1.088847738 -1.501366959 -0.301762644 -1.138932070 -1.695642212 -0.838903985 -1.124649608 -0.861964862 0.000000000
543 607 1780458813.286375999 -1.091390328 -1.493454173 -0.302354591 -1.142628294 -1.688323955 -0.840390050 -1.123630813 -0.853852454 0.000000000
544 608 1780458813.369887114 -1.096629874 -1.475102526 -0.305326037 -1.150306659 -1.671298864 -0.845314914 -1.121961704 -0.841704070 0.000000000
545 609 1780458813.439742327 -1.096629874 -1.475102526 -0.305326037 -1.150306659 -1.671298864 -0.845314914 -1.120755146 -0.833619808 0.000000000
546 610 1780458813.503160238 -1.100675937 -1.466357879 -0.308128252 -1.155252611 -1.663510917 -0.849261726 -1.118804816 -0.821517422 0.000000000
547 611 1780458813.585007429 -1.102349472 -1.455060844 -0.311965169 -1.158149625 -1.652838035 -0.854041113 -1.117411088 -0.813466344 0.000000000
548 612 1780458813.663476944 -1.106492470 -1.446535878 -0.313993310 -1.163276553 -1.645252912 -0.857224408 -1.115165330 -0.801409998 0.000000000
549 613 1780458813.733483553 -1.108964223 -1.435944517 -0.315860408 -1.167146443 -1.635336716 -0.860133968 -1.113535700 -0.793372515 0.000000000
550 614 1780458813.807538748 -1.112321692 -1.425127239 -0.320375427 -1.171494462 -1.625456266 -0.865803443 -1.110889529 -0.781316112 0.000000000
551 615 1780458813.890351295 -1.114264496 -1.404211134 -0.326846805 -1.175834197 -1.605469331 -0.873854888 -1.108992418 -0.773279810 0.000000000
552 616 1780458813.959489822 -1.114264496 -1.404211134 -0.326846805 -1.175834197 -1.605469331 -0.873854888 -1.105949701 -0.761229678 0.000000000
553 617 1780458814.038655043 -1.114778130 -1.394723528 -0.328717823 -1.177614344 -1.596297456 -0.876401844 -1.103791220 -0.753200487 0.000000000
554 618 1780458814.115823507 -1.114683215 -1.385477763 -0.330160717 -1.178830190 -1.587240580 -0.878419228 -1.100360745 -0.741165303 0.000000000
555 619 1780458814.190092564 -1.115301430 -1.375119512 -0.332454574 -1.180789634 -1.577246870 -0.881456278 -1.097946518 -0.733148866 0.000000000
556 620 1780458814.254513025 -1.116667709 -1.364459998 -0.336012078 -1.183326071 -1.567136684 -0.885871980 -1.094136385 -0.721136898 0.000000000
557 621 1780458814.332727432 -1.114348170 -1.356456803 -0.337679067 -1.182134699 -1.558922787 -0.887694831 -1.091471601 -0.713138606 0.000000000
558 622 1780458814.409332037 -1.115274070 -1.345927531 -0.342040926 -1.184092919 -1.548895292 -0.892829359 -1.087289302 -0.701157765 0.000000000
559 623 1780458814.489134073 -1.116990952 -1.335780309 -0.346566331 -1.186731308 -1.539388137 -0.898218792 -1.084378767 -0.693182781 0.000000000
560 624 1780458814.550016642 -1.116781507 -1.326337860 -0.348825587 -1.187738502 -1.530149642 -0.901037255 -1.079831248 -0.681240658 0.000000000
561 625 1780458814.636770964 -1.117416079 -1.313190258 -0.354329529 -1.189666973 -1.517539797 -0.907426957 -1.075067727 -0.669325289 0.000000000
562 626 1780458814.705796242 -1.116199081 -1.302854112 -0.356909611 -1.189791264 -1.507258681 -0.910469494 -1.071773150 -0.661397848 0.000000000
563 627 1780458814.790649652 -1.118930256 -1.280965460 -0.362615120 -1.195181835 -1.486422577 -0.917947713 -1.068384201 -0.653484193 0.000000000
564 628 1780458814.861989737 -1.118930256 -1.280965460 -0.362615120 -1.195181835 -1.486422577 -0.917947713 -1.063125185 -0.641641177 0.000000000
565 629 1780458814.950704575 -1.119397111 -1.259691957 -0.367095344 -1.198461566 -1.465748613 -0.923836928 -1.059502987 -0.633765207 0.000000000
566 630 1780458815.015370846 -1.119397111 -1.259691957 -0.367095344 -1.198461566 -1.465748613 -0.923836928 -1.053896860 -0.621982106 0.000000000
567 631 1780458815.097653866 -1.120320015 -1.238034509 -0.373115035 -1.202003974 -1.444836626 -0.931338502 -1.050045041 -0.614148308 0.000000000
568 632 1780458815.172008753 -1.120320015 -1.238034509 -0.373115035 -1.202003974 -1.444836626 -0.931338501 -1.044097107 -0.602431876 0.000000000
569 633 1780458815.249222040 -1.118804823 -1.228355224 -0.374977386 -1.201843041 -1.435121696 -0.933585047 -1.040023970 -0.594659132 0.000000000
570 634 1780458815.330013514 -1.116980336 -1.217085413 -0.377837157 -1.201486943 -1.423826861 -0.936873748 -1.033788584 -0.583155910 0.000000000
571 635 1780458815.398554802 -1.120442333 -1.205418705 -0.381420689 -1.206226199 -1.413092543 -0.941695894 -1.029572344 -0.575650831 0.000000000
572 636 1780458815.479061842 -1.117749126 -1.183549440 -0.387396673 -1.206291794 -1.391339261 -0.948625607 -1.023114488 -0.564491244 0.000000000
573 637 1780458815.550275087 -1.117749126 -1.183549440 -0.387396673 -1.206291794 -1.391339261 -0.948625607 -1.018706347 -0.557074939 0.000000000
574 638 1780458815.633441925 -1.113683552 -1.162382847 -0.392303992 -1.205075065 -1.369996035 -0.954248918 -1.011940807 -0.545987157 0.000000000
575 639 1780458815.702501774 -1.113683552 -1.162382847 -0.392303992 -1.205075065 -1.369996035 -0.954248918 -1.007328807 -0.538620647 0.000000000
576 640 1780458815.775246382 -1.112475387 -1.152389955 -0.394604156 -1.205195405 -1.360043247 -0.956994066 -1.000259316 -0.527610413 0.000000000
577 641 1780458815.848420858 -1.110191013 -1.141772119 -0.396755561 -1.204396054 -1.349281933 -0.959472069 -0.995445875 -0.520297488 0.000000000
578 642 1780458815.913880110 -1.108920864 -1.131405363 -0.398748096 -1.204567211 -1.338938476 -0.961929039 -0.988076014 -0.509370457 0.000000000
579 643 1780458815.990384817 -1.107592488 -1.120993786 -0.401265235 -1.204605677 -1.328561247 -0.964897733 -0.983075397 -0.502119680 0.000000000
580 644 1780458816.072394609 -1.102131955 -1.100115705 -0.405518153 -1.202087602 -1.307232834 -0.969647164 -0.975520544 -0.491326628 0.000000000
581 645 1780458816.153101683 -1.102131955 -1.100115705 -0.405518153 -1.202087602 -1.307232834 -0.969647163 -0.970411356 -0.484173029 0.000000000
582 646 1780458816.222484589 -1.099617593 -1.089745893 -0.408582029 -1.200877980 -1.296711038 -0.972974473 -0.962602267 -0.473492070 0.000000000
583 647 1780458816.304018021 -1.097767264 -1.078482815 -0.410144896 -1.200701996 -1.285367662 -0.974979478 -0.957299798 -0.466405245 0.000000000
584 648 1780458816.379849911 -1.095269948 -1.068683434 -0.411850250 -1.199630273 -1.275357014 -0.976931660 -0.949202257 -0.455827181 0.000000000
585 649 1780458816.456742287 -1.092252596 -1.057539140 -0.415536740 -1.197960907 -1.264009747 -0.980848632 -0.943708446 -0.448810767 0.000000000
586 650 1780458816.535977840 -1.089981791 -1.047008291 -0.417114466 -1.197251585 -1.253313979 -0.982757025 -0.935325296 -0.438341033 0.000000000
587 651 1780458816.616462708 -1.089117365 -1.035191055 -0.420188845 -1.197886665 -1.241656505 -0.986437524 -0.929641995 -0.431398642 0.000000000
588 652 1780458816.700111151 -1.082977675 -1.014460662 -0.425314713 -1.194544190 -1.220388948 -0.991936468 -0.920975953 -0.421042640 0.000000000
589 653 1780458816.762923479 -1.082977675 -1.014460662 -0.425314713 -1.194544190 -1.220388948 -0.991936468 -0.915104935 -0.414177865 0.000000000
590 654 1780458816.842370272 -1.080207408 -1.003474303 -0.428134309 -1.193226958 -1.209206339 -0.995024954 -0.906158598 -0.403940973 0.000000000
591 655 1780458816.927589893 -1.077193981 -0.994146340 -0.429914089 -1.191562730 -1.199572327 -0.996942090 -0.897045285 -0.393778125 0.000000000
592 656 1780458816.990645409 -1.075149066 -0.983878189 -0.431423480 -1.191040412 -1.189171780 -0.998799688 -0.890877410 -0.387044981 0.000000000
593 657 1780458817.076229334 -1.067197615 -0.963347695 -0.434855435 -1.186171143 -1.167718498 -1.002342568 -0.881487727 -0.377009829 0.000000000
594 658 1780458817.145966291 -1.067197615 -0.963347695 -0.434855435 -1.186171143 -1.167718498 -1.002342568 -0.875136385 -0.370363606 0.000000000
595 659 1780458817.216703415 -1.062370620 -0.952822286 -0.437603245 -1.182787172 -1.156627604 -1.005021258 -0.868712084 -0.363753154 0.000000000
596 660 1780458817.289955378 -1.057245416 -0.942562781 -0.439983652 -1.179127238 -1.145731925 -1.007275264 -0.858939352 -0.353905803 0.000000000
597 661 1780458817.363891125 -1.053583610 -0.931591897 -0.442927799 -1.176920015 -1.134413790 -1.010351805 -0.852333681 -0.347387293 0.000000000
598 662 1780458817.439269066 -1.048124299 -0.922858615 -0.444503388 -1.172809170 -1.124929967 -1.011661328 -0.842289971 -0.337680558 0.000000000
599 663 1780458817.516021967 -1.041995379 -0.912822336 -0.447022490 -1.168113276 -1.114084134 -1.013886839 -0.835504351 -0.331257597 0.000000000
600 664 1780458817.583915234 -1.036423639 -0.901957170 -0.449501552 -1.164103837 -1.102518471 -1.016210998 -0.825191747 -0.321696903 0.000000000
601 665 1780458817.662253618 -1.032602671 -0.890336688 -0.451892628 -1.161937786 -1.090511830 -1.018760792 -0.818227537 -0.315373122 0.000000000
602 666 1780458817.748882532 -1.027276982 -0.880309489 -0.454475587 -1.158011879 -1.079817627 -1.021169243 -0.807648034 -0.305963937 0.000000000
603 667 1780458817.831727743 -1.022295826 -0.870226793 -0.457099126 -1.154424027 -1.069130544 -1.023673082 -0.800506535 -0.299742996 0.000000000
604 668 1780458817.894407272 -1.016012114 -0.859644829 -0.459899197 -1.149623549 -1.057731781 -1.026188433 -0.789662039 -0.290490841 0.000000000
605 669 1780458817.975739002 -1.010106366 -0.849031076 -0.462457468 -1.145234651 -1.046358270 -1.028524066 -0.782344495 -0.284376441 0.000000000
606 670 1780458818.045650005 -1.005782480 -0.838761974 -0.465263065 -1.142288450 -1.035609623 -1.031318402 -0.771236831 -0.275286898 0.000000000
607 671 1780458818.114629507 -1.000255751 -0.827843225 -0.468131774 -1.138269720 -1.024014317 -1.034037221 -0.763744430 -0.269282786 0.000000000
608 672 1780458818.199497223 -0.993845248 -0.817838276 -0.470477307 -1.133322214 -1.013143379 -1.036047191 -0.752375342 -0.260361512 0.000000000
609 673 1780458818.263530016 -0.987630004 -0.807335437 -0.473648232 -1.128516189 -1.001848900 -1.038933453 -0.744709218 -0.254471486 0.000000000
610 674 1780458818.349672794 -0.980979634 -0.797002403 -0.475661322 -1.123442732 -0.990600315 -1.040601060 -0.733080370 -0.245724227 0.000000000
611 675 1780458818.429020166 -0.974917072 -0.785289468 -0.479427859 -1.118891777 -0.978165167 -1.044177404 -0.725241608 -0.239952148 0.000000000
612 676 1780458818.513488293 -0.962489510 -0.763447229 -0.484483339 -1.109626423 -0.954703408 -1.048736418 -0.713354585 -0.231384745 0.000000000
613 677 1780458818.584743738 -0.962489510 -0.763447229 -0.484483339 -1.109626423 -0.954703408 -1.048736418 -0.705344218 -0.225734545 0.000000000
614 678 1780458818.674273729 -0.950512756 -0.743019398 -0.489250409 -1.100610411 -0.932700670 -1.052985528 -0.689118545 -0.214584400 0.000000000
615 679 1780458818.727738380 -0.950512756 -0.743019398 -0.489250409 -1.100610411 -0.932700670 -1.052985528 -0.685019543 -0.211828640 0.000000000
616 680 1780458818.822533131 -0.936830477 -0.722738534 -0.493416332 -1.090005895 -0.910521353 -1.056375995 -0.672620632 -0.203638936 0.000000000
617 681 1780458818.889594316 -0.936830477 -0.722738534 -0.493416332 -1.090005895 -0.910521353 -1.056375995 -0.664269953 -0.198244609 0.000000000
618 682 1780458818.971086264 -0.931044665 -0.711292321 -0.495992392 -1.085869342 -0.898350436 -1.058801938 -0.651617181 -0.190253011 0.000000000
619 683 1780458819.051408052 -0.924921225 -0.700632597 -0.498679250 -1.081255781 -0.886898720 -1.061234775 -0.643097698 -0.184992864 0.000000000
620 684 1780458819.131966114 -0.917797283 -0.690017340 -0.501078758 -1.075706918 -0.875304894 -1.063231072 -0.630192356 -0.177205743 0.000000000
621 685 1780458819.207257748 -0.909903655 -0.678631666 -0.503614642 -1.069515480 -0.862824055 -1.065297075 -0.621504905 -0.172084079 0.000000000
622 686 1780458819.284317255 -0.902251310 -0.668612276 -0.505593476 -1.063420238 -0.851707826 -1.066759887 -0.608348212 -0.164507977 0.000000000
623 687 1780458819.361240149 -0.894380902 -0.657856478 -0.508152697 -1.057142916 -0.839851669 -1.068810960 -0.599493582 -0.159529217 0.000000000
624 688 1780458819.431510210 -0.886521511 -0.647639306 -0.510782276 -1.050775529 -0.828530124 -1.070897659 -0.586086684 -0.152170863 0.000000000
625 689 1780458819.508549452 -0.878551183 -0.635925584 -0.514617480 -1.044357246 -0.815763886 -1.074255491 -0.572530183 -0.144946472 0.000000000
626 690 1780458819.589586973 -0.870633426 -0.625584936 -0.516638577 -1.038050429 -0.804286903 -1.075741297 -0.563409587 -0.140205890 0.000000000
627 691 1780458819.661609888 -0.863702242 -0.616205366 -0.518175023 -1.032620962 -0.793908775 -1.076833835 -0.554222771 -0.135526743 0.000000000
628 692 1780458819.728232622 -0.856428279 -0.606408566 -0.519499495 -1.026961051 -0.783052033 -1.077693270 -0.540318611 -0.128624915 0.000000000
629 693 1780458819.815054893 -0.847575501 -0.596095469 -0.521930392 -1.019674527 -0.771454956 -1.079441204 -0.530966690 -0.124102778 0.000000000
630 694 1780458819.880155802 -0.840467066 -0.586315888 -0.523864644 -1.014075797 -0.760667864 -1.080925885 -0.516815325 -0.117440204 0.000000000
631 695 1780458819.954845905 -0.832781018 -0.577873060 -0.525126204 -1.007799676 -0.751068875 -1.081572344 -0.507298890 -0.113080104 0.000000000
632 696 1780458820.041334391 -0.825148453 -0.567613031 -0.527711695 -1.001667169 -0.739743034 -1.083652412 -0.492901169 -0.106664466 0.000000000
633 697 1780458820.108422756 -0.816215088 -0.557221561 -0.530580206 -0.994245618 -0.728071872 -1.085825107 -0.483220760 -0.102471622 0.000000000
634 698 1780458820.190478563 -0.808388634 -0.548426013 -0.531905308 -0.987881416 -0.718103825 -1.086536382 -0.468577453 -0.096310898 0.000000000
635 699 1780458820.260834455 -0.799832028 -0.538756396 -0.534427291 -0.980761588 -0.707195104 -1.088376286 -0.458733558 -0.092290736 0.000000000
636 700 1780458820.343186140 -0.790526713 -0.529071774 -0.537184230 -0.972878263 -0.696150111 -1.090336598 -0.443845354 -0.086393234 0.000000000
637 701 1780458820.414574146 -0.782400755 -0.519610538 -0.539271499 -0.966212035 -0.685504602 -1.091798583 -0.433838404 -0.082551408 0.000000000
638 702 1780458820.493528366 -0.773795017 -0.510689555 -0.540410600 -0.959139940 -0.675269854 -1.092217674 -0.418705909 -0.076925794 0.000000000
639 703 1780458820.562704802 -0.764745501 -0.501552544 -0.542659049 -0.951495380 -0.664788431 -1.093678732 -0.408536278 -0.073268209 0.000000000
640 704 1780458820.632287502 -0.755613733 -0.491619641 -0.545390805 -0.943826245 -0.653528469 -1.095656577 -0.398301668 -0.069686035 0.000000000
641 705 1780458820.716041088 -0.735990814 -0.472862583 -0.550487516 -0.927039053 -0.631847810 -1.098973482 -0.382828013 -0.064456377 0.000000000
642 706 1780458820.793044567 -0.735990814 -0.472862583 -0.550487516 -0.927039053 -0.631847810 -1.098973482 -0.369581676 -0.060188015 0.000000000
643 707 1780458820.877653599 -0.727528565 -0.466861482 -0.550690981 -0.919769829 -0.624474360 -1.098299032 -0.356999160 -0.056250864 0.000000000
644 708 1780458820.944302082 -0.718362716 -0.460024435 -0.552708251 -0.911666301 -0.616226476 -1.099363273 -0.348558979 -0.053690470 0.000000000
645 709 1780458821.018950701 -0.709011859 -0.454159524 -0.553511336 -0.903414259 -0.608855334 -1.099138022 -0.340077344 -0.051182237 0.000000000
646 710 1780458821.085648060 -0.700516853 -0.445660929 -0.556494617 -0.896086194 -0.599127520 -1.101365198 -0.327277189 -0.047518954 0.000000000
647 711 1780458821.166465759 -0.691366872 -0.438849062 -0.558051608 -0.888067166 -0.590889202 -1.101976106 -0.318691964 -0.045143670 0.000000000
648 712 1780458821.240979671 -0.681816315 -0.432104363 -0.559803008 -0.879616210 -0.582654641 -1.102714262 -0.305736458 -0.041682611 0.000000000
649 713 1780458821.313592196 -0.672872614 -0.421631423 -0.563228877 -0.872109457 -0.570923290 -1.105440590 -0.297671249 -0.039635313 0.000000000
650 714 1780458821.399483681 -0.664216013 -0.415935332 -0.564731506 -0.864393626 -0.563866749 -1.105998511 -0.287850805 -0.037178311 0.000000000
651 715 1780458821.473442078 -0.656663609 -0.411232895 -0.566276069 -0.857580393 -0.557982212 -1.106698142 -0.277977940 -0.034792755 0.000000000
652 716 1780458821.543627977 -0.649951248 -0.407821203 -0.566599304 -0.851564314 -0.553466532 -1.106234106 -0.271366906 -0.033242537 0.000000000
653 717 1780458821.622604370 -0.642495314 -0.402077588 -0.568831743 -0.844908673 -0.546601312 -1.107695288 -0.261406662 -0.030978142 0.000000000
654 718 1780458821.695792437 -0.630040456 -0.399147179 -0.571522344 -0.832847529 -0.541649273 -1.108673171 -0.254737366 -0.029509585 0.000000000
655 719 1780458821.763710499 -0.622530360 -0.392246349 -0.575314028 -0.826083527 -0.533696947 -1.111740521 -0.248044759 -0.028074200 0.000000000
656 720 1780458821.848808289 -0.615721802 -0.386512236 -0.576798576 -0.820175311 -0.526924865 -1.112560448 -0.237963230 -0.025983485 0.000000000
657 721 1780458821.936220884 -0.606683421 -0.379890845 -0.580997748 -0.811812741 -0.518996627 -1.115782042 -0.227877413 -0.023966830 0.000000000
658 722 1780458822.003762722 -0.599466891 -0.372252959 -0.584586322 -0.805489335 -0.510362440 -1.118741572 -0.221210178 -0.022663195 0.000000000
659 723 1780458822.082541466 -0.591390377 -0.367217230 -0.586470022 -0.798167535 -0.504071749 -1.119719027 -0.211347202 -0.020768062 0.000000000
660 724 1780458822.166208267 -0.583596629 -0.362853735 -0.588512697 -0.790983797 -0.498498017 -1.120851520 -0.204531178 -0.019549753 0.000000000
661 725 1780458822.237254858 -0.576464807 -0.355451676 -0.592288213 -0.784673850 -0.490117940 -1.123992664 -0.199580310 -0.018711178 0.000000000
662 726 1780458822.322389603 -0.569340555 -0.348711775 -0.595280691 -0.778385745 -0.482360081 -1.126318928 -0.192703268 -0.017552347 0.000000000
663 727 1780458822.398402214 -0.565569129 -0.344745058 -0.596241345 -0.775222502 -0.477836557 -1.126961563 -0.188106220 -0.016799152 0.000000000
664 728 1780458822.468229771 -0.559680576 -0.342619257 -0.597290251 -0.769678748 -0.474758168 -1.127252428 -0.181441750 -0.015691703 0.000000000
665 729 1780458822.548898458 -0.562218829 -0.337398956 -0.598906039 -0.772759989 -0.470128208 -1.129570718 -0.177340633 -0.014962072 0.000000000
666 730 1780458822.630959272 -0.556849011 -0.334888879 -0.600237294 -0.767740023 -0.466773312 -1.130243245 -0.171757425 -0.013875880 0.000000000
667 731 1780458822.698468924 -0.552744153 -0.332668507 -0.600633389 -0.764051678 -0.463887720 -1.130164028 -0.168444435 -0.013154309 0.000000000
668 732 1780458822.783484221 -0.550318018 -0.330201296 -0.602157478 -0.761858526 -0.461096346 -1.131465728 -0.163690086 -0.012087191 0.000000000
669 733 1780458822.861269474 -0.545118713 -0.330597127 -0.604651944 -0.756336055 -0.460675691 -1.133120167 -0.160516081 -0.011389349 0.000000000
670 734 1780458822.941876650 -0.539344575 -0.327015046 -0.608482420 -0.750703217 -0.456293118 -1.136267979 -0.155745156 -0.010356241 0.000000000
671 735 1780458823.013281345 -0.535548857 -0.323275179 -0.610243679 -0.747351200 -0.452019815 -1.137681829 -0.152560651 -0.009681812 0.000000000
672 736 1780458823.095469236 -0.534901924 -0.322904588 -0.609968099 -0.746827133 -0.451531516 -1.137337267 -0.147778435 -0.008692153 0.000000000
673 737 1780458823.160215616 -0.532672717 -0.322632884 -0.611527458 -0.744454836 -0.450935994 -1.138558881 -0.144586724 -0.008047054 0.000000000
674 738 1780458823.244732857 -0.529513396 -0.322152920 -0.610841155 -0.741569404 -0.449885511 -1.137439301 -0.139793930 -0.007101442 0.000000000
675 739 1780458823.315794468 -0.522522816 -0.320555395 -0.612868573 -0.734709636 -0.447172740 -1.138495318 -0.136598939 -0.006492418 0.000000000
676 740 1780458823.397243738 -0.520165859 -0.318443946 -0.615406315 -0.732363323 -0.444783055 -1.140783948 -0.131803791 -0.005605420 0.000000000
677 741 1780458823.481188297 -0.513586942 -0.317079010 -0.616620308 -0.725994921 -0.442339207 -1.141084011 -0.127002352 -0.004744331 0.000000000
678 742 1780458823.552142382 -0.511941002 -0.313830929 -0.616795690 -0.724905520 -0.438863060 -1.141223689 -0.123797943 -0.004184616 0.000000000
679 743 1780458823.632243395 -0.510189747 -0.312938828 -0.617097805 -0.723301599 -0.437691467 -1.141317592 -0.120590808 -0.003636341 0.000000000
680 744 1780458823.716913700 -0.503516281 -0.308948543 -0.619461517 -0.717094895 -0.432693008 -1.142910355 -0.115775056 -0.002835320 0.000000000
681 745 1780458823.781444550 -0.501249857 -0.307478643 -0.619682552 -0.715098646 -0.430859845 -1.142884972 -0.112561229 -0.002315525 0.000000000
682 746 1780458823.863382101 -0.494204033 -0.309337329 -0.620355826 -0.707825745 -0.431485017 -1.142369489 -0.107735572 -0.001557094 0.000000000
683 747 1780458823.944128513 -0.485440764 -0.307868944 -0.621139715 -0.699417303 -0.428541314 -1.141924256 -0.102904104 -0.000824096 0.000000000
684 748 1780458824.015678883 -0.481695057 -0.304704192 -0.622189395 -0.696131532 -0.424814789 -1.142605816 -0.099679945 -0.000349517 0.000000000
685 749 1780458824.100597858 -0.478624936 -0.302642644 -0.622253180 -0.693476601 -0.422253092 -1.142343617 -0.094839009 0.000341284 0.000000000
686 750 1780458824.173259735 -0.473901214 -0.297350317 -0.624934201 -0.689333351 -0.416326308 -1.144627659 -0.091608630 0.000787811 0.000000000
687 751 1780458824.260313988 -0.468569737 -0.296004332 -0.626317236 -0.684148837 -0.414125446 -1.145280439 -0.086758505 0.001436647 0.000000000
688 752 1780458824.324968100 -0.465604646 -0.294665426 -0.627528048 -0.681293387 -0.412337871 -1.146117988 -0.083522107 0.001855250 0.000000000
689 753 1780458824.412603617 -0.461843966 -0.289365153 -0.627415211 -0.678533239 -0.406462244 -1.145790982 -0.078663842 0.002461130 0.000000000
690 754 1780458824.479230881 -0.460336609 -0.285626127 -0.629140311 -0.677413743 -0.402587786 -1.147512526 -0.075422777 0.002850124 0.000000000
691 755 1780458824.560663700 -0.457718502 -0.285144969 -0.629721919 -0.674853420 -0.401680118 -1.147725020 -0.072179993 0.003227167 0.000000000
692 756 1780458824.629684448 -0.454338837 -0.283568482 -0.631575273 -0.671531796 -0.399611526 -1.149149839 -0.067312705 0.003770310 0.000000000
693 757 1780458824.705121040 -0.449050269 -0.282179517 -0.633297059 -0.666342280 -0.397389097 -1.150146059 -0.064065845 0.004117447 0.000000000
694 758 1780458824.784192085 -0.445787398 -0.281578032 -0.635418380 -0.662929501 -0.396310637 -1.151788610 -0.059192680 0.004615698 0.000000000
695 759 1780458824.865805864 -0.440809942 -0.277945821 -0.637527290 -0.658354250 -0.391950562 -1.153360984 -0.055942059 0.004932887 0.000000000
696 760 1780458824.940109015 -0.439690370 -0.275951038 -0.637021044 -0.657677093 -0.389772756 -1.152824791 -0.051063490 0.005386185 0.000000000
697 761 1780458825.015775204 -0.437496464 -0.273674721 -0.637463346 -0.655850333 -0.387167480 -1.153081618 -0.047809425 0.005673386 0.000000000
698 762 1780458825.102572203 -0.433659880 -0.275690276 -0.637626720 -0.651755540 -0.388487242 -1.152534424 -0.042925925 0.006081675 0.000000000
699 763 1780458825.166422844 -0.430219046 -0.272522230 -0.640708510 -0.648443623 -0.384890061 -1.155266598 -0.039668732 0.006338851 0.000000000
700 764 1780458825.244543314 -0.424558789 -0.269286172 -0.643831205 -0.642976688 -0.380840164 -1.157710523 -0.034780779 0.006702076 0.000000000
701 765 1780458825.318722486 -0.421105367 -0.269246092 -0.644764775 -0.639474110 -0.380234405 -1.158115848 -0.031520775 0.006929194 0.000000000
702 766 1780458825.399534225 -0.417355754 -0.268190878 -0.645636880 -0.635861923 -0.378575781 -1.158482870 -0.026628843 0.007247309 0.000000000
703 767 1780458825.477866173 -0.412873109 -0.264970173 -0.648143694 -0.631636429 -0.374722485 -1.160494956 -0.023366346 0.007444338 0.000000000
704 768 1780458825.545697212 -0.405969585 -0.263206944 -0.649622127 -0.624976303 -0.371840436 -1.161033372 -0.018470913 0.007717297 0.000000000
705 769 1780458825.626144409 -0.404312540 -0.261168459 -0.648925589 -0.623813658 -0.369518385 -1.160231675 -0.013573608 0.007963144 0.000000000
706 770 1780458825.693399906 -0.401946812 -0.258256461 -0.650107192 -0.621807773 -0.366286563 -1.161233843 -0.010307783 0.008111972 0.000000000
707 771 1780458825.775107145 -0.396969597 -0.257178444 -0.650554023 -0.617072419 -0.364374619 -1.160998610 -0.005407742 0.008312601 0.000000000
708 772 1780458825.842384815 -0.391216237 -0.256044118 -0.650256876 -0.611709522 -0.362242739 -1.159916680 -0.002140252 0.008431274 0.000000000
709 773 1780458825.910631180 -0.380198757 -0.252019644 -0.654374499 -0.601002040 -0.356520907 -1.162589981 0.001127814 0.008537877 0.000000000
710 774 1780458825.998604059 -0.377027632 -0.249295988 -0.655434890 -0.598200350 -0.353329075 -1.163339318 0.006030882 0.008675148 0.000000000
711 775 1780458826.065719843 -0.373483178 -0.246208391 -0.658147065 -0.594833033 -0.349778521 -1.165686029 0.009300167 0.008751567 0.000000000
712 776 1780458826.149182558 -0.366941655 -0.241776652 -0.660433594 -0.588840437 -0.344365744 -1.167251495 0.014204822 0.008843548 0.000000000
713 777 1780458826.214181423 -0.362639612 -0.241662527 -0.660965437 -0.584588273 -0.343523317 -1.167138039 0.017475004 0.008889766 0.000000000
714 778 1780458826.293517828 -0.357788576 -0.238856622 -0.663443945 -0.579939794 -0.340012725 -1.169039628 0.022380767 0.008936434 0.000000000
715 779 1780458826.381842375 -0.353925255 -0.235553563 -0.663750037 -0.576680903 -0.336100552 -1.168979098 0.027286962 0.008955906 0.000000000
716 780 1780458826.445508242 -0.353925255 -0.235553563 -0.663750037 -0.576680903 -0.336100552 -1.168979098 0.030557915 0.008953775 0.000000000
717 781 1780458826.528991461 -0.349802829 -0.233207925 -0.663717983 -0.573064430 -0.333071926 -1.168483123 0.035464448 0.008927907 0.000000000
718 782 1780458826.599227667 -0.343693202 -0.231593066 -0.664864837 -0.567204968 -0.330461477 -1.168803824 0.038735465 0.008895545 0.000000000
719 783 1780458826.670003653 -0.340948007 -0.231076618 -0.663957615 -0.564763766 -0.329438753 -1.167530861 0.041972863 0.008833374 0.000000000
720 784 1780458826.761974812 -0.332434889 -0.226766907 -0.665428475 -0.556962027 -0.323770040 -1.167987772 0.046846927 0.008707706 0.000000000
721 785 1780458826.818554401 -0.332434889 -0.226766907 -0.665428475 -0.556962027 -0.323770040 -1.167987772 0.050095926 0.008608386 0.000000000
722 786 1780458826.902674198 -0.335685883 -0.222146155 -0.664498988 -0.561042188 -0.319754956 -1.167862711 0.054968927 0.008436350 0.000000000
723 787 1780458826.985417366 -0.328414535 -0.222635551 -0.666978294 -0.553490168 -0.319064094 -1.169185083 0.058217404 0.008306540 0.000000000
724 788 1780458827.087596178 -0.323788903 -0.220783279 -0.668187867 -0.549104356 -0.316481539 -1.169805980 0.063090271 0.008089769 0.000000000
725 789 1780458827.173022032 -0.320741245 -0.216758847 -0.668094545 -0.546822768 -0.311986397 -1.169521298 0.067964467 0.007847932 0.000000000
726 790 1780458827.256143570 -0.317277347 -0.214033397 -0.668915414 -0.543774583 -0.308732342 -1.169990531 0.071215828 0.007674089 0.000000000
727 791 1780458827.345192194 -0.311952966 -0.213029372 -0.668998501 -0.538746963 -0.306818392 -1.169339503 0.076098853 0.007397782 0.000000000
728 792 1780458827.436536312 -0.307880710 -0.208807265 -0.668803194 -0.535517401 -0.301945938 -1.168813455 0.079361231 0.007206396 0.000000000
729 793 1780458827.518376350 -0.307394778 -0.205551746 -0.670211277 -0.535361926 -0.298713096 -1.170343746 0.082626801 0.007006879 0.000000000
730 794 1780458827.604609966 -0.300194918 -0.204157046 -0.670772061 -0.528498156 -0.296106067 -1.169908202 0.087523686 0.006684937 0.000000000
731 795 1780458827.690133333 -0.296563536 -0.201597210 -0.672353589 -0.525138389 -0.293015430 -1.171091783 0.092418651 0.006335802 0.000000000
732 796 1780458827.774706364 -0.291449462 -0.199874015 -0.672580021 -0.520412236 -0.290436215 -1.170661035 0.095680809 0.006087941 0.000000000
733 797 1780458827.855161905 -0.291235489 -0.196621575 -0.673402917 -0.520614029 -0.287231016 -1.171654659 0.098941985 0.005828000 0.000000000
734 798 1780458827.946724892 -0.287191842 -0.192282401 -0.672831829 -0.517491579 -0.282233700 -1.170769905 0.103831795 0.005415444 0.000000000
735 799 1780458828.020809650 -0.281838679 -0.189706834 -0.674738767 -0.512407102 -0.278839762 -1.172017140 0.108719104 0.004975722 0.000000000
736 800 1780458828.108294487 -0.276186368 -0.183426160 -0.675158671 -0.507884413 -0.271690171 -1.171996289 0.111975835 0.004667487 0.000000000
737 801 1780458828.164824486 -0.276186368 -0.183426160 -0.675158671 -0.507884413 -0.271690171 -1.171996289 0.115231326 0.004347186 0.000000000
738 802 1780458828.250688076 -0.273401874 -0.180652134 -0.672036612 -0.506132922 -0.268352911 -1.168681043 0.120112123 0.003844119 0.000000000
739 803 1780458828.329635859 -0.267084754 -0.177404477 -0.674510922 -0.500131875 -0.264151625 -1.170387533 0.123364286 0.003493670 0.000000000
740 804 1780458828.404236555 -0.263782867 -0.172957608 -0.675899472 -0.497437331 -0.259254361 -1.171554331 0.128239851 0.002945399 0.000000000
741 805 1780458828.473106146 -0.261902228 -0.170396302 -0.675793707 -0.496050043 -0.256401967 -1.171336260 0.131488365 0.002564826 0.000000000
742 806 1780458828.543188810 -0.259132301 -0.165560879 -0.675483872 -0.494208073 -0.251148934 -1.170933024 0.136358213 0.001971390 0.000000000
743 807 1780458828.620084763 -0.251042839 -0.162959803 -0.676106765 -0.486669360 -0.247202130 -1.170504606 0.139602754 0.001560722 0.000000000
744 808 1780458828.700566530 -0.246705467 -0.159731364 -0.675617488 -0.483063309 -0.243249563 -1.169583405 0.144466402 0.000922165 0.000000000
745 809 1780458828.767718792 -0.239733862 -0.159060081 -0.676011515 -0.476327876 -0.241387612 -1.168970022 0.147706648 0.000481432 0.000000000
746 810 1780458828.844226599 -0.235314701 -0.156613470 -0.676453507 -0.472363994 -0.238226363 -1.168903797 0.152563610 -0.000202197 0.000000000
747 811 1780458828.914888620 -0.230424384 -0.156096607 -0.676191613 -0.467732652 -0.236854009 -1.167945543 0.155799239 -0.000672961 0.000000000
748 812 1780458829.012220621 -0.225092959 -0.149139402 -0.679036537 -0.463248852 -0.229189522 -1.170409597 0.160649032 -0.001401609 0.000000000
749 813 1780458829.061970234 -0.225092959 -0.149139402 -0.679036537 -0.463248852 -0.229189522 -1.170409597 0.163879720 -0.001902367 0.000000000
750 814 1780458829.155698061 -0.219940296 -0.140070735 -0.677970799 -0.459912529 -0.219326086 -1.169181576 0.168721861 -0.002675976 0.000000000
751 815 1780458829.221690178 -0.219940296 -0.140070735 -0.677970799 -0.459912529 -0.219326086 -1.169181576 0.171567728 -0.003154874 0.000000000
752 816 1780458829.301697016 -0.216096534 -0.139429607 -0.677746978 -0.456314247 -0.218015632 -1.168426115 0.173990538 -0.003560728 0.000000000
753 817 1780458829.380803585 -0.214612645 -0.136546626 -0.678459411 -0.455236355 -0.214947959 -1.169095885 0.175601710 -0.003834435 0.000000000
754 818 1780458829.464746237 -0.213892772 -0.136574621 -0.677846957 -0.454628620 -0.214825929 -1.168381835 0.178017409 -0.004250602 0.000000000
755 819 1780458829.552363873 -0.214789305 -0.133069566 -0.676567487 -0.456287673 -0.211483913 -1.167484785 0.180431819 -0.004673495 0.000000000
756 820 1780458829.632466793 -0.212583523 -0.133157597 -0.674435926 -0.454465692 -0.211102256 -1.165045215 0.182040698 -0.004959158 0.000000000
757 821 1780458829.696016312 -0.209008983 -0.131602271 -0.672005266 -0.451632642 -0.208853146 -1.162213286 0.183648987 -0.005247807 0.000000000
758 822 1780458829.779696465 -0.210301355 -0.134122833 -0.669512817 -0.452867705 -0.211461293 -1.159782658 0.186060302 -0.005686380 0.000000000
759 823 1780458829.853595495 -0.207510321 -0.131330684 -0.670084324 -0.450525089 -0.208249323 -1.160111266 0.187667421 -0.005983164 0.000000000
760 824 1780458829.948527813 -0.201424418 -0.132439843 -0.669017652 -0.444587884 -0.208236649 -1.158072719 0.190078247 -0.006436558 0.000000000
761 825 1780458830.020477772 -0.201424418 -0.132439843 -0.669017652 -0.444587884 -0.208236649 -1.158072719 0.191685551 -0.006744287 0.000000000
762 826 1780458830.090532541 -0.202598808 -0.132236883 -0.666477336 -0.446168747 -0.208142732 -1.155756333 0.194096617 -0.007214059 0.000000000
763 827 1780458830.183121443 -0.199633310 -0.131806024 -0.665436889 -0.443520122 -0.207160561 -1.154313255 0.196507790 -0.007693618 0.000000000
764 828 1780458830.243018627 -0.199633310 -0.131806024 -0.665436889 -0.443520122 -0.207160561 -1.154313255 0.198115285 -0.008018746 0.000000000
765 829 1780458830.326264381 -0.199055157 -0.129088572 -0.663138067 -0.443775306 -0.204296229 -1.152137507 0.199722807 -0.008348203 0.000000000
766 830 1780458830.396014690 -0.194740480 -0.130625397 -0.662663831 -0.439396351 -0.205036630 -1.150921067 0.202134125 -0.008850486 0.000000000
767 831 1780458830.463665009 -0.197122708 -0.126463859 -0.662185432 -0.442482913 -0.201339331 -1.151080408 0.203729537 -0.009188642 0.000000000
768 832 1780458830.543187857 -0.195086552 -0.127483819 -0.661933147 -0.440371938 -0.201977581 -1.150458863 0.203832070 -0.009211046 0.000000000
769 833 1780458830.610090971 -0.191953447 -0.123181558 -0.662690041 -0.437918109 -0.197227384 -1.151018361 0.203832070 -0.009211046 0.000000000
770 834 1780458830.689827919 -0.192839047 -0.121778189 -0.661675514 -0.439174793 -0.195961601 -1.150242771 0.203832070 -0.009211046 0.000000000
771 835 1780458830.752315998 -0.193744617 -0.121122032 -0.661326110 -0.440220783 -0.195460444 -1.150077156 0.203832070 -0.009211046 0.000000000
772 836 1780458830.819355011 -0.194673359 -0.119817710 -0.659503908 -0.441631504 -0.194268096 -1.148504767 0.203832070 -0.009211046 0.000000000
773 837 1780458830.905176640 -0.195434579 -0.119512886 -0.658251807 -0.442622235 -0.194052153 -1.147403880 0.203832070 -0.009211046 0.000000000
774 838 1780458831.013990164 -0.196680344 -0.119623550 -0.657708839 -0.443902545 -0.194357272 -1.147047926 0.203832070 -0.009211046 0.000000000
775 839 1780458831.067645550 -0.198304492 -0.118401580 -0.657181990 -0.445770163 -0.193417923 -1.146852326 0.203832070 -0.009211046 0.000000000
776 840 1780458831.130736828 -0.200228047 -0.116728803 -0.655874492 -0.448128359 -0.192056808 -1.145961216 0.203832070 -0.009211046 0.000000000
777 841 1780458831.203561306 -0.202159805 -0.114845883 -0.654047983 -0.450612083 -0.190470099 -1.144573167 0.203832070 -0.009211046 0.000000000
778 842 1780458831.275683641 -0.203645819 -0.113166806 -0.652530888 -0.452578890 -0.189018226 -1.143410044 0.203832070 -0.009211046 0.000000000
779 843 1780458831.346662998 -0.203518101 -0.111046603 -0.650806322 -0.453081688 -0.186842565 -1.141829100 0.203832070 -0.009211046 0.000000000
780 844 1780458831.441493273 -0.204264202 -0.110309574 -0.650246937 -0.454019359 -0.186225803 -1.141437730 0.203832070 -0.009211046 0.000000000
781 845 1780458831.495290041 -0.206055615 -0.108061387 -0.648836124 -0.456361109 -0.184271456 -1.140462725 0.203832070 -0.009211046 0.000000000
782 846 1780458831.569259167 -0.206865016 -0.107467666 -0.648496174 -0.457301624 -0.183815313 -1.140287896 0.203832070 -0.009211046 0.000000000
783 847 1780458831.643283606 -0.208880516 -0.105546788 -0.647051678 -0.459812363 -0.182220794 -1.139291761 0.203832070 -0.009211046 0.000000000
784 848 1780458831.714591503 -0.210214234 -0.104101321 -0.645586144 -0.461583903 -0.180974196 -1.138141280 0.203832070 -0.009211046 0.000000000
785 849 1780458831.784629822 -0.211637174 -0.102380522 -0.645565871 -0.463258073 -0.179528728 -1.138448028 0.203832070 -0.009211046 0.000000000
786 850 1780458831.860803366 -0.211738897 -0.101750271 -0.644859023 -0.463574376 -0.178898788 -1.137807461 0.203832070 -0.009211046 0.000000000
787 851 1780458831.939403534 -0.213709777 -0.100479971 -0.644016169 -0.465837742 -0.177960067 -1.137355341 0.203832070 -0.009211046 0.000000000
788 852 1780458832.005968094 -0.214588285 -0.097852032 -0.643593009 -0.467197095 -0.175511321 -1.137242620 0.203832070 -0.009211046 0.000000000
789 853 1780458832.083268404 -0.215261426 -0.096271257 -0.642079506 -0.468355937 -0.174014421 -1.135954585 0.203832070 -0.009211046 0.000000000
790 854 1780458832.151190042 -0.217068160 -0.094375476 -0.640034970 -0.470754830 -0.172384720 -1.134333538 0.203832070 -0.009211046 0.000000000
791 855 1780458832.231570005 -0.217341587 -0.092884553 -0.638636014 -0.471491519 -0.170910927 -1.133092606 0.203832070 -0.009211046 0.000000000
792 856 1780458832.317868233 -0.218090450 -0.091356669 -0.637097889 -0.472719170 -0.169478320 -1.131788166 0.203832070 -0.009211046 0.000000000
793 857 1780458832.390724421 -0.217819257 -0.090640332 -0.635977988 -0.472752621 -0.168682457 -1.130689827 0.203832070 -0.009211046 0.000000000
794 858 1780458832.453237057 -0.219987757 -0.089154115 -0.634973639 -0.475269913 -0.167559489 -1.130122256 0.203832070 -0.009211046 0.000000000
795 859 1780458832.523476839 -0.220784987 -0.088555325 -0.634285879 -0.476254776 -0.167082647 -1.129602826 0.203832070 -0.009211046 0.000000000
796 860 1780458832.595544100 -0.221812380 -0.087858971 -0.633021978 -0.477571531 -0.166527488 -1.128556001 0.203832070 -0.009211046 0.000000000
797 861 1780458832.695360184 -0.223089922 -0.086376925 -0.631542230 -0.479296750 -0.165234540 -1.127385475 0.203832070 -0.009211046 0.000000000
798 862 1780458832.727969170 -0.223089922 -0.086376925 -0.631542230 -0.479296750 -0.165234540 -1.127385475 0.203832070 -0.009211046 0.000000000
799 863 1780458832.810732365 -0.224333983 -0.085644997 -0.629892349 -0.480891695 -0.164667124 -1.125992743 0.203832070 -0.009211046 0.000000000
800 864 1780458832.898959637 -0.225000376 -0.085077078 -0.629437083 -0.481707101 -0.164206900 -1.125680997 0.203832070 -0.009211046 0.000000000
801 865 1780458832.962952614 -0.226108248 -0.083333029 -0.627690974 -0.483353172 -0.162616155 -1.124239483 0.203832070 -0.009211046 0.000000000
802 866 1780458833.045039415 -0.226407366 -0.082139497 -0.626880445 -0.483971758 -0.161462423 -1.123563315 0.203832070 -0.009211046 0.000000000
803 867 1780458833.120423317 -0.227289447 -0.080416751 -0.625591582 -0.485321795 -0.159871085 -1.122537581 0.203832070 -0.009211046 0.000000000
804 868 1780458833.203677654 -0.229559490 -0.078350105 -0.624264176 -0.488085853 -0.158182153 -1.121704741 0.203832070 -0.009211046 0.000000000
805 869 1780458833.276687622 -0.231586073 -0.076511888 -0.622743614 -0.490605733 -0.156667927 -1.120629793 0.203832070 -0.009211046 0.000000000
806 870 1780458833.344339848 -0.233416999 -0.075953230 -0.621560357 -0.492668707 -0.156391649 -1.119774052 0.203832070 -0.009211046 0.000000000
807 871 1780458833.415744305 -0.234503838 -0.075287784 -0.620003109 -0.494084854 -0.155865817 -1.118444733 0.203832070 -0.009211046 0.000000000
808 872 1780458833.485445261 -0.236311724 -0.074027911 -0.618797589 -0.496245581 -0.154894740 -1.117609701 0.203832070 -0.009211046 0.000000000
809 873 1780458833.557707071 -0.237509651 -0.072799057 -0.617402319 -0.497837766 -0.153840304 -1.116493907 0.203832070 -0.009211046 0.000000000
810 874 1780458833.625643492 -0.238826821 -0.071706990 -0.616593579 -0.499429904 -0.152964170 -1.115965610 0.203832070 -0.009211046 0.000000000
811 875 1780458833.692755222 -0.240222966 -0.070106323 -0.615171155 -0.501281148 -0.151577455 -1.114877235 0.203832070 -0.009211046 0.000000000
812 876 1780458833.758504868 -0.240754641 -0.068492696 -0.614099089 -0.502237539 -0.150040780 -1.114005602 0.203832070 -0.009211046 0.000000000
813 877 1780458833.837038994 -0.242261507 -0.066809528 -0.613079175 -0.504146199 -0.148607942 -1.113336340 0.203832070 -0.009211046 0.000000000
814 878 1780458833.909909725 -0.243630191 -0.063796039 -0.611543374 -0.506223754 -0.145821966 -1.112224942 0.203832070 -0.009211046 0.000000000
815 879 1780458834.002657175 -0.245131031 -0.062314394 -0.610922204 -0.508029577 -0.144601923 -1.111934873 0.203832070 -0.009211046 0.000000000
816 880 1780458834.079183102 -0.246869500 -0.060683242 -0.608728091 -0.510341826 -0.143214826 -1.110138618 0.203832070 -0.009211046 0.000000000
817 881 1780458834.153354645 -0.247388507 -0.060425672 -0.608065908 -0.510995113 -0.143026137 -1.109580218 0.203832070 -0.009211046 0.000000000
818 882 1780458834.235528231 -0.248836153 -0.058740013 -0.607496602 -0.512774849 -0.141598111 -1.109346750 0.203832070 -0.009211046 0.000000000
819 883 1780458834.317512989 -0.250011063 -0.057011568 -0.606156121 -0.514419014 -0.140050262 -1.108314415 0.203832070 -0.009211046 0.000000000
820 884 1780458834.415991545 -0.250841980 -0.056758593 -0.605088899 -0.515439525 -0.139904719 -1.107402956 0.203832070 -0.009211046 0.000000000
821 885 1780458834.499742031 -0.250957052 -0.055795270 -0.603886426 -0.515903090 -0.138930051 -1.106297379 0.203832070 -0.009211046 0.000000000
822 886 1780458834.581522226 -0.252520544 -0.054657498 -0.602725692 -0.517798551 -0.138038197 -1.105461818 0.203832070 -0.009211046 0.000000000
823 887 1780458834.665808916 -0.253901788 -0.052927636 -0.601865800 -0.519567264 -0.136543739 -1.104934635 0.203832070 -0.009211046 0.000000000
824 888 1780458834.747272015 -0.254336964 -0.052045921 -0.601005549 -0.520274303 -0.135718603 -1.104209322 0.203832070 -0.009211046 0.000000000
825 889 1780458834.842961311 -0.254538304 -0.049478616 -0.598981519 -0.521219344 -0.133148790 -1.102411757 0.203832070 -0.009211046 0.000000000
826 890 1780458834.918943405 -0.255306872 -0.048186622 -0.597704096 -0.522385449 -0.131961890 -1.101351934 0.203832070 -0.009211046 0.000000000
827 891 1780458834.993537664 -0.257309574 -0.046096571 -0.595740042 -0.524994552 -0.130178402 -1.099852471 0.203832070 -0.009211046 0.000000000
828 892 1780458835.048439264 -0.258611264 -0.044169928 -0.594819382 -0.526728248 -0.128474077 -1.099266347 0.203832070 -0.009211046 0.000000000
829 893 1780458835.126368523 -0.260285575 -0.043025449 -0.593432308 -0.528768685 -0.127586127 -1.098224579 0.203832070 -0.009211046 0.000000000
830 894 1780458835.202315569 -0.260825854 -0.040917037 -0.592347519 -0.529817771 -0.125563652 -1.097374236 0.203832070 -0.009211046 0.000000000
831 895 1780458835.266870499 -0.261355983 -0.039614459 -0.591924333 -0.530617662 -0.124358085 -1.097122018 0.203832070 -0.009211046 0.000000000
832 896 1780458835.336335897 -0.262947420 -0.038020030 -0.590590902 -0.532643753 -0.123015070 -1.096150330 0.203832070 -0.009211046 0.000000000
833 897 1780458835.406284809 -0.264207778 -0.035458131 -0.588760696 -0.534587629 -0.120642995 -1.094702541 0.203832070 -0.009211046 0.000000000
834 898 1780458835.476627588 -0.265087064 -0.033312736 -0.587768018 -0.535958111 -0.118646904 -1.093996373 0.203832070 -0.009211046 0.000000000
835 899 1780458835.549107075 -0.266520944 -0.032359367 -0.586322732 -0.537742051 -0.117902741 -1.092848525 0.203832070 -0.009211046 0.000000000
836 900 1780458835.614348412 -0.268478392 -0.031733264 -0.584581373 -0.540028181 -0.117560391 -1.091465650 0.203832070 -0.009211046 0.000000000
837 901 1780458835.679826021 -0.270170346 -0.030347935 -0.582777525 -0.542192171 -0.116422277 -1.090031232 0.203832070 -0.009211046 0.000000000
838 902 1780458835.752587080 -0.271443160 -0.027829407 -0.582605307 -0.543877111 -0.114159804 -1.090218038 0.203832070 -0.009211046 0.000000000
839 903 1780458835.821959019 -0.272487404 -0.026327090 -0.581892059 -0.545256691 -0.112836128 -1.089769973 0.203832070 -0.009211046 0.000000000
840 904 1780458835.878529549 -0.273605003 -0.024196474 -0.580149638 -0.546975938 -0.110866891 -1.088358986 0.203832070 -0.009211046 0.000000000
841 905 1780458835.966822624 -0.274528779 -0.023690014 -0.579207104 -0.548109134 -0.110493029 -1.087601143 0.203832070 -0.009211046 0.000000000
842 906 1780458836.061420202 -0.276128922 -0.022340155 -0.578762161 -0.549961630 -0.109426862 -1.087491152 0.203832070 -0.009211046 0.000000000
843 907 1780458836.119403601 -0.277833335 -0.021494528 -0.577004796 -0.552040581 -0.108823736 -1.086068955 0.203832070 -0.009211046 0.000000000
844 908 1780458836.205407143 -0.279571832 -0.020083288 -0.575874731 -0.554146952 -0.107694569 -1.085307903 0.203832070 -0.009211046 0.000000000
845 909 1780458836.285472155 -0.280453687 -0.018792621 -0.574572496 -0.555427029 -0.106527779 -1.084240519 0.203832070 -0.009211046 0.000000000
