# node_id image_frame_id timestamp raw_x raw_y raw_z opt_x opt_y opt_z gt_x gt_y gt_z
0 64 1780458771.986382008 0.000148932 0.001719486 0.001266452 0.000148932 0.001719486 0.001266452 0.000000000 0.000000004 0.000000000
1 65 1780458772.049819946 0.000148932 0.001719486 0.001266452 0.001116857 0.000427759 0.001598454 0.000000000 0.000000004 0.000000000
2 66 1780458772.132023573 -0.001476761 0.003243353 0.000848975 0.000459600 0.000660722 0.001513993 0.000000000 0.000000004 0.000000000
3 67 1780458772.198467016 -0.002569638 0.004912439 0.000787041 0.000336346 0.001039237 0.001785275 0.000000000 0.000000004 0.000000000
4 68 1780458772.282965183 -0.002589737 0.006120573 0.001180367 0.001286974 0.000955810 0.002510228 0.000000000 0.000000004 0.000000000
5 69 1780458772.357574701 -0.002589737 0.006120573 0.001180367 0.002254898 -0.000335916 0.002842231 0.000000000 0.000000004 0.000000000
6 70 1780458772.442164660 -0.003921130 0.006499135 0.002400369 0.001896914 -0.001244824 0.004398871 0.000000000 0.000000004 0.000000000
7 71 1780458772.532462120 -0.004363662 0.008444531 0.003120293 0.002431713 -0.000589253 0.005451373 0.000000000 0.000000004 0.000000000
8 72 1780458772.605186224 -0.004363662 0.008444531 0.003120293 0.003399638 -0.001880979 0.005783375 0.000000000 0.000000004 0.000000000
9 73 1780458772.685024738 -0.004552880 0.010397310 0.002099384 0.004180737 -0.001220062 0.005093769 0.000000000 0.000000004 0.000000000
10 74 1780458772.776543617 -0.005124335 0.012147519 0.002488083 0.004588204 -0.000758451 0.005816375 0.000000000 0.000000004 0.000000000
11 75 1780458772.856475592 -0.007096902 0.014258588 0.002794918 0.003597170 0.000071769 0.006467129 0.000000000 0.000000004 0.000000000
12 76 1780458772.940045118 -0.007028457 0.014510377 0.002538525 0.004632955 -0.000968895 0.006541872 0.000000000 0.000000004 0.000000000
13 77 1780458773.005376101 -0.006970537 0.015065987 0.003159603 0.005667804 -0.001704555 0.007493635 0.000000000 0.000000004 0.000000000
14 78 1780458773.085057020 -0.006840910 0.015753022 0.003552527 0.006773850 -0.002309589 0.008216260 0.000000000 0.000000004 0.000000000
15 79 1780458773.160506487 -0.006840910 0.015753022 0.003552527 0.007741774 -0.003601316 0.008548262 0.000000000 0.000000004 0.000000000
16 80 1780458773.230401993 -0.006769123 0.016842307 0.003081133 0.008785041 -0.003805168 0.008406176 0.000000000 0.000000004 0.000000000
17 81 1780458773.296576023 -0.007193298 0.017066771 0.002485419 0.009323789 -0.004869878 0.008147031 0.000000000 0.000000004 0.000000000
18 82 1780458773.367822409 -0.008488531 0.018229589 0.002585179 0.009008426 -0.004986860 0.008592496 0.000000000 0.000000004 0.000000000
19 83 1780458773.444726467 -0.007999908 0.018146455 0.001083329 0.010444361 -0.006369458 0.007416545 0.000000000 0.000000004 0.000000000
20 84 1780458773.529570818 -0.008162796 0.019041894 0.001111118 0.011258887 -0.006764078 0.007776560 0.000000000 0.000000004 0.000000000
21 85 1780458773.585962296 -0.008162796 0.019041894 0.001111118 0.012226811 -0.008055805 0.008108563 0.001449946 0.000000004 0.000000000
22 86 1780458773.671199083 -0.007251970 0.019883622 0.001037856 0.014113703 -0.008516270 0.008351243 0.004449946 0.000000004 0.000000000
23 87 1780458773.755739212 -0.006251490 0.020648486 0.003248675 0.016126422 -0.009049550 0.010875700 0.007799891 0.000000004 0.000000000
24 88 1780458773.831255198 -0.006456922 0.022302605 0.002726932 0.016900480 -0.008686096 0.010684904 0.013799891 0.000000004 0.000000000
25 89 1780458773.906966686 -0.004827384 0.022237503 0.002487542 0.019492525 -0.010064489 0.010749225 0.019049837 0.000000004 0.000000000
26 90 1780458773.980314493 -0.002349889 0.024931162 0.001299007 0.022951492 -0.008699254 0.009839602 0.028049836 0.000000004 0.000000000
27 91 1780458774.059134483 0.001062497 0.027164207 -0.000647141 0.027324814 -0.007811241 0.008154102 0.034049836 0.000000004 0.000000000
28 92 1780458774.131057024 0.004453541 0.028288705 -0.002725798 0.031657920 -0.008033777 0.006337425 0.043049836 0.000000004 0.000000000
29 93 1780458774.209062576 0.005546013 0.029179100 -0.003009155 0.033725433 -0.008452449 0.006360803 0.049049836 0.000000004 0.000000000
30 94 1780458774.281400919 0.006412392 0.028950165 -0.005587215 0.035501247 -0.009994755 0.004097826 0.058053980 -0.000003124 0.000000000
31 95 1780458774.352804184 0.008831317 0.027811970 -0.006053318 0.038858820 -0.012464839 0.003915077 0.064094605 -0.000034222 0.000000000
32 96 1780458774.426659346 0.015094916 0.027830671 -0.002967569 0.046158136 -0.013831082 0.007190332 0.073231062 -0.000141489 0.000000000
33 97 1780458774.507883787 0.017163127 0.028265890 -0.003780291 0.049181775 -0.014725842 0.006659871 0.079347212 -0.000249436 0.000000000
34 98 1780458774.574434519 0.022803158 0.030137208 -0.006135213 0.055763148 -0.014254376 0.004494349 0.088351345 -0.000505512 0.000000000
35 99 1780458774.661014080 0.033258374 0.023714761 -0.006826265 0.067048319 -0.022159608 0.003902904 0.096967252 -0.000858139 0.000000000
36 100 1780458774.738498926 0.040075114 0.027042022 -0.004950877 0.074939320 -0.020244708 0.005921333 0.102593471 -0.001176570 0.000000000
37 101 1780458774.807844162 0.044115296 0.029860408 -0.004554699 0.080009447 -0.018794515 0.006530801 0.108162396 -0.001550913 0.000000000
38 102 1780458774.882442713 0.050995386 0.028078525 -0.004126137 0.087830330 -0.022001535 0.007113517 0.116386094 -0.002237976 0.000000000
39 103 1780458774.955767393 0.053920400 0.031812910 -0.003248773 0.091820948 -0.019615180 0.008223963 0.121817184 -0.002756498 0.000000000
40 104 1780458775.028476954 0.063460919 0.031094989 -0.003570960 0.102299470 -0.021823720 0.007965735 0.129957458 -0.003572007 0.000000000
41 105 1780458775.097889185 0.068330237 0.034725318 -0.005742857 0.108146458 -0.019598733 0.005966683 0.135323417 -0.004185475 0.000000000
42 106 1780458775.171014309 0.076406621 0.034693494 -0.006235369 0.117169729 -0.021100042 0.005564749 0.143293894 -0.005204278 0.000000000
43 107 1780458775.248409748 0.083547983 0.032256994 -0.004532074 0.125272462 -0.024978839 0.007392799 0.148560823 -0.005946792 0.000000000
44 108 1780458775.339987516 0.094485798 0.030709236 -0.006726505 0.137065792 -0.028076876 0.005196128 0.156403187 -0.007148917 0.000000000
45 109 1780458775.402068138 0.094485798 0.030709236 -0.006726505 0.138033691 -0.029368619 0.005528141 0.161596517 -0.008007612 0.000000000
46 110 1780458775.480931044 0.108541556 0.029487442 -0.008252209 0.152966592 -0.032222996 0.003879826 0.169343468 -0.009376152 0.000000000
47 111 1780458775.558285236 0.113212847 0.028714385 -0.009765198 0.158532078 -0.034408256 0.002547055 0.174481890 -0.010341095 0.000000000
48 112 1780458775.633851051 0.118421754 0.032610116 -0.008710508 0.164836274 -0.031929148 0.003731320 0.182157347 -0.011862964 0.000000000
49 113 1780458775.721578598 0.123276730 0.031077213 -0.008565446 0.170621323 -0.034875091 0.004047007 0.189797900 -0.013472326 0.000000000
50 114 1780458775.796569824 0.129177127 0.032582638 -0.008563681 0.177522360 -0.034813757 0.004160059 0.194875580 -0.014591624 0.000000000
51 115 1780458775.865797758 0.135136050 0.029102287 -0.008202926 0.184365858 -0.039738966 0.004656247 0.202470125 -0.016338986 0.000000000
52 116 1780458775.939013243 0.138772487 0.029212023 -0.006426668 0.189035849 -0.041008611 0.006626788 0.207520663 -0.017547963 0.000000000
53 117 1780458776.016699314 0.144047142 0.033912677 -0.005720581 0.195426398 -0.037741130 0.007432966 0.212574792 -0.018797837 0.000000000
54 118 1780458776.092940569 0.151591912 0.034119588 -0.006453376 0.203907586 -0.039039014 0.006738526 0.222428816 -0.021368495 0.000000000
55 119 1780458776.163348913 0.162109814 0.033419784 -0.007403597 0.215323668 -0.041331937 0.005709758 0.229117480 -0.023168105 0.000000000
56 120 1780458776.244254112 0.171495250 0.031152931 -0.008456732 0.225558509 -0.045164516 0.004626925 0.239132712 -0.025972464 0.000000000
57 121 1780458776.314574718 0.177069173 0.031282083 -0.005327724 0.232225994 -0.046471244 0.007855542 0.245798599 -0.027910850 0.000000000
58 122 1780458776.400138855 0.184525945 0.028786999 -0.004216603 0.240614334 -0.050471090 0.009003956 0.255781341 -0.030920607 0.000000000
59 123 1780458776.492808104 0.193653229 0.029042851 -0.004097138 0.250709830 -0.051780916 0.009065237 0.265745672 -0.034051211 0.000000000
60 124 1780458776.551643610 0.193653229 0.029042851 -0.004097138 0.249716040 -0.054496312 0.008817641 0.272378539 -0.036204637 0.000000000
61 125 1780458776.625902176 0.212225612 0.027828758 -0.004690642 0.267205194 -0.059000303 0.007176958 0.279003481 -0.038410625 0.000000000
62 126 1780458776.704427004 0.221188426 0.026042606 -0.003852486 0.275143329 -0.063773881 0.007386499 0.288926000 -0.041817326 0.000000000
63 127 1780458776.775471687 0.230470924 0.028883119 -0.002294853 0.283575292 -0.063931070 0.008265699 0.295531147 -0.044152960 0.000000000
64 128 1780458776.855610371 0.240499249 0.025880454 -0.002509955 0.292491888 -0.069963643 0.007378444 0.305423876 -0.047752295 0.000000000
65 129 1780458776.935988188 0.247861385 0.025589879 -0.000409609 0.298934268 -0.073191058 0.008902105 0.315298449 -0.051465572 0.000000000
66 130 1780458777.000352621 0.247861385 0.025589879 -0.000409609 0.297940426 -0.075906434 0.008654512 0.321871219 -0.054003850 0.000000000
67 131 1780458777.069314241 0.265786786 0.020567656 0.002355192 0.314810688 -0.084201030 0.010389910 0.328435641 -0.056591949 0.000000000
68 132 1780458777.148575544 0.274779660 0.020097255 0.003495880 0.322832823 -0.087670288 0.010875501 0.338266295 -0.060566858 0.000000000
69 133 1780458777.225729227 0.286856769 0.019051203 0.003358382 0.333857203 -0.091822079 0.009943971 0.344809177 -0.063278173 0.000000000
70 134 1780458777.298872948 0.291711084 0.016247815 0.006152783 0.337748685 -0.097484791 0.012280623 0.354601476 -0.067425898 0.000000000
71 135 1780458777.371915579 0.303833677 0.014486216 0.006418738 0.348813176 -0.102355309 0.011747104 0.361109195 -0.070233505 0.000000000
72 136 1780458777.447432280 0.311960106 0.015355334 0.008411478 0.356053978 -0.104460419 0.013106499 0.370866324 -0.074526142 0.000000000
73 137 1780458777.530256748 0.322854968 0.014245706 0.011275834 0.366035452 -0.108632479 0.015215311 0.377443411 -0.077380497 0.000000000
74 138 1780458777.613943577 0.333888654 0.011613306 0.014079571 0.376103043 -0.114333221 0.017261815 0.387225641 -0.081814362 0.000000000
75 139 1780458777.677584171 0.342582059 0.011610712 0.015423909 0.384227165 -0.117601786 0.018076528 0.393693655 -0.084871699 0.000000000
76 140 1780458777.764911652 0.350867275 0.010209063 0.016835577 0.391900757 -0.122257157 0.018981788 0.403325627 -0.089603280 0.000000000
77 141 1780458777.824879885 0.350867275 0.010209063 0.016835577 0.391282177 -0.125239342 0.018865993 0.409703132 -0.092851681 0.000000000
78 142 1780458777.996729612 0.365261287 0.006326689 0.017076420 0.404912914 -0.132589822 0.018311048 0.425506171 -0.101271753 0.000000000
79 143 1780458778.032529831 0.365261287 0.006326689 0.017076420 0.404294317 -0.135572004 0.018195254 0.425506171 -0.101271753 0.000000000
80 144 1780458778.123182535 0.382851821 0.002869894 0.017559846 0.421139818 -0.142613674 0.017711858 0.434877192 -0.106513171 0.000000000
81 145 1780458778.182348251 0.382851821 0.002869894 0.017559846 0.420521201 -0.145595852 0.017596066 0.441006323 -0.110056698 0.000000000
82 146 1780458778.275707245 0.398986723 0.000304336 0.018024620 0.435941583 -0.151704283 0.017149256 0.452993875 -0.117250028 0.000000000
83 147 1780458778.333076239 0.398986723 0.000304336 0.018024620 0.435322947 -0.154686457 0.017033465 0.455974489 -0.119083383 0.000000000
84 148 1780458778.414452791 0.416972502 -0.003700361 0.020540549 0.452642703 -0.162300280 0.018535356 0.464882927 -0.124668013 0.000000000
85 149 1780458778.506973505 0.425921985 -0.008884966 0.022091893 0.460852106 -0.170778165 0.019534138 0.473743279 -0.130377527 0.000000000
86 150 1780458778.562101603 0.425921985 -0.008884966 0.022091893 0.460233439 -0.173760333 0.019418345 0.479624699 -0.134251979 0.000000000
87 151 1780458778.648058414 0.436892986 -0.011890624 0.025307739 0.470623425 -0.180133202 0.021957899 0.488409216 -0.140164792 0.000000000
88 152 1780458778.718506575 0.445957529 -0.014429789 0.023420387 0.478860767 -0.185985071 0.019494582 0.494241130 -0.144173053 0.000000000
89 153 1780458778.794262886 0.452662708 -0.016947921 0.024549139 0.484901908 -0.191724934 0.020163708 0.500048673 -0.148221454 0.000000000
90 154 1780458778.860530853 0.452662708 -0.016947921 0.024549139 0.484090699 -0.194264132 0.019727996 0.508692046 -0.154313048 0.000000000
91 155 1780458778.941008806 0.469476001 -0.023911460 0.026101429 0.499885196 -0.204377806 0.019973898 0.514424284 -0.158423858 0.000000000
92 156 1780458779.014957666 0.476399665 -0.027352243 0.027237768 0.505916971 -0.210609870 0.020314928 0.522985945 -0.164685426 0.000000000
93 157 1780458779.084621191 0.483208292 -0.030845474 0.028370296 0.511831084 -0.216891925 0.020655942 0.528669379 -0.168922828 0.000000000
94 158 1780458779.172230482 0.488029675 -0.032996798 0.027547401 0.515705380 -0.221763531 0.019144750 0.539977380 -0.177547777 0.000000000
95 159 1780458779.235257626 0.488029675 -0.032996798 0.027547401 0.514894138 -0.224302719 0.018709038 0.542792078 -0.179735085 0.000000000
96 160 1780458779.317421675 0.504743793 -0.043237563 0.026401568 0.530307904 -0.237713465 0.016247090 0.551206350 -0.186371133 0.000000000
97 161 1780458779.396055460 0.511848151 -0.047657287 0.028435421 0.536528891 -0.244938417 0.017464679 0.559575578 -0.193117720 0.000000000
98 162 1780458779.458059549 0.511848151 -0.047657287 0.028435421 0.535717626 -0.247477598 0.017028967 0.565129751 -0.197676506 0.000000000
99 163 1780458779.538577080 0.530310769 -0.053491398 0.031295226 0.553261017 -0.256558935 0.018434379 0.573422590 -0.204605765 0.000000000
100 164 1780458779.615774632 0.530310769 -0.053491398 0.031295226 0.552449735 -0.259098110 0.017998667 0.578925233 -0.209285719 0.000000000
101 165 1780458779.691077471 0.545515665 -0.060370437 0.037425436 0.566886212 -0.269100862 0.022844036 0.584406904 -0.214013810 0.000000000
102 166 1780458779.765470266 0.549079676 -0.062721029 0.040575379 0.569717804 -0.274126260 0.025357486 0.592589587 -0.221195833 0.000000000
103 167 1780458779.849534750 0.554557690 -0.065664454 0.043596183 0.574428349 -0.279820980 0.027632724 0.598017822 -0.226043526 0.000000000
104 168 1780458779.914683342 0.554557690 -0.065664454 0.043596183 0.573619178 -0.282315854 0.027194189 0.606119239 -0.233404180 0.000000000
105 169 1780458780.005732298 0.568639794 -0.071955744 0.046586603 0.586778821 -0.291660428 0.028942433 0.614170784 -0.240871307 0.000000000
106 170 1780458780.072388887 0.568639794 -0.071955744 0.046586603 0.585969637 -0.294155298 0.028503896 0.619510340 -0.245908304 0.000000000
107 171 1780458780.150377512 0.579142016 -0.080193466 0.051682073 0.595600306 -0.305307731 0.032557164 0.624827084 -0.250992256 0.000000000
108 172 1780458780.230056047 0.586353444 -0.083488084 0.054967095 0.602043056 -0.311390174 0.034980271 0.632758842 -0.258705926 0.000000000
109 173 1780458780.299948931 0.586353444 -0.083488084 0.054967095 0.601233856 -0.313885038 0.034541728 0.638017376 -0.263906673 0.000000000
110 174 1780458780.381835938 0.600338741 -0.093159856 0.057296316 0.614110167 -0.326625899 0.035614076 0.645860540 -0.271794914 0.000000000
111 175 1780458780.461467505 0.603553262 -0.095062610 0.060190064 0.616601146 -0.331157866 0.037874842 0.651059148 -0.277111639 0.000000000
112 176 1780458780.528468847 0.603553262 -0.095062610 0.060190064 0.615791928 -0.333652724 0.037436296 0.658811109 -0.285173259 0.000000000
113 177 1780458780.622518778 0.616137236 -0.104577643 0.061945394 0.627235277 -0.346189444 0.038002085 0.666507071 -0.293338361 0.000000000
114 178 1780458780.698823452 0.622833539 -0.108878908 0.062898208 0.632978374 -0.353268487 0.038112461 0.671606124 -0.298839057 0.000000000
115 179 1780458780.769212008 0.622833539 -0.108878908 0.062898208 0.632169139 -0.355763339 0.037673914 0.676679567 -0.304385456 0.000000000
116 180 1780458780.846187115 0.632744646 -0.121274865 0.064627354 0.640813928 -0.371073162 0.038365557 0.684241079 -0.312790500 0.000000000
117 181 1780458780.926564932 0.643514152 -0.131367299 0.061727594 0.650124412 -0.384114568 0.034376100 0.689249220 -0.318450670 0.000000000
118 182 1780458781.007825851 0.650664194 -0.136641280 0.063522237 0.656325810 -0.392193859 0.035287841 0.696711392 -0.327025863 0.000000000
119 183 1780458781.079792976 0.650664194 -0.136641280 0.063522237 0.653398112 -0.394197596 0.035163553 0.701652379 -0.332799133 0.000000000
120 184 1780458781.151088715 0.656454788 -0.143077994 0.065223409 0.656067137 -0.402890602 0.036375819 0.709012415 -0.341543493 0.000000000
121 185 1780458781.224664211 0.665380063 -0.151000171 0.063277463 0.661563053 -0.413199312 0.033746031 0.713884368 -0.347429224 0.000000000
122 186 1780458781.300250769 0.682801290 -0.161488353 0.067859277 0.675830747 -0.426465275 0.037081871 0.721139430 -0.356341811 0.000000000
123 187 1780458781.367635727 0.682801290 -0.161488353 0.067859277 0.672903015 -0.428468961 0.036957581 0.725940445 -0.362339389 0.000000000
124 188 1780458781.448372126 0.700841638 -0.171463936 0.071843742 0.687772000 -0.441254685 0.039637875 0.733087654 -0.371419300 0.000000000
125 189 1780458781.521396637 0.712593399 -0.177825061 0.071626742 0.696259556 -0.450138260 0.038527666 0.737815797 -0.377528136 0.000000000
126 190 1780458781.599731684 0.723828328 -0.182867547 0.074670303 0.704504603 -0.457692727 0.040699008 0.744852233 -0.386774506 0.000000000
127 191 1780458781.682358980 0.737160132 -0.190142656 0.072573884 0.714399101 -0.467556035 0.037595873 0.751820786 -0.396120349 0.000000000
128 192 1780458781.746342182 0.737160132 -0.190142656 0.072573884 0.711471319 -0.469559650 0.037471584 0.756428243 -0.402406030 0.000000000
129 193 1780458781.822204351 0.753084967 -0.202249257 0.074840111 0.724020699 -0.484383733 0.038529581 0.761004730 -0.408735707 0.000000000
130 194 1780458781.895646811 0.763676294 -0.209377902 0.078905169 0.731600892 -0.494002511 0.041738308 0.767810680 -0.418312533 0.000000000
131 195 1780458781.963900328 0.763676294 -0.209377902 0.078905169 0.728673083 -0.496006085 0.041614013 0.772308319 -0.424751839 0.000000000
132 196 1780458782.050653219 0.775848565 -0.221282484 0.086183805 0.737833988 -0.510483397 0.047902951 0.778994459 -0.434492728 0.000000000
133 197 1780458782.121202230 0.775848565 -0.221282484 0.086183805 0.734579097 -0.511720804 0.047490156 0.783411190 -0.441041161 0.000000000
134 198 1780458782.194532871 0.795048283 -0.235922203 0.091261907 0.750140275 -0.528479512 0.050789648 0.789974405 -0.450945380 0.000000000
135 199 1780458782.276942968 0.806153415 -0.244173948 0.092182708 0.757636953 -0.538471839 0.050507424 0.794308133 -0.457602462 0.000000000
136 200 1780458782.358546495 0.814513408 -0.251509321 0.094051380 0.762504855 -0.547429896 0.051359381 0.800745247 -0.467669307 0.000000000
137 201 1780458782.433982849 0.822395517 -0.261375324 0.094759920 0.766696636 -0.558889599 0.051078313 0.804993835 -0.474434579 0.000000000
138 202 1780458782.515405416 0.831801317 -0.268723930 0.098952439 0.772767780 -0.567925732 0.054165673 0.811301612 -0.484663376 0.000000000
139 203 1780458782.586600542 0.831801317 -0.268723930 0.098952439 0.769512855 -0.569163045 0.053752871 0.815462880 -0.491536400 0.000000000
140 204 1780458782.662673235 0.849054620 -0.283753686 0.103780758 0.783087384 -0.586246120 0.056884454 0.821638014 -0.501926507 0.000000000
141 205 1780458782.748218775 0.858452812 -0.292376849 0.105326954 0.788900839 -0.596545845 0.057315268 0.825709734 -0.508906864 0.000000000
142 206 1780458782.829239368 0.867881699 -0.300781505 0.106639943 0.794737280 -0.606628837 0.057507069 0.831748849 -0.519457669 0.000000000
143 207 1780458782.896081209 0.867881699 -0.300781505 0.106639943 0.791482331 -0.607866088 0.057094264 0.835728744 -0.526544960 0.000000000
144 208 1780458782.978810072 0.888465177 -0.318662249 0.111559211 0.808240607 -0.627967583 0.060029450 0.841628381 -0.537255878 0.000000000
145 209 1780458783.043518782 0.899177631 -0.327191462 0.112868528 0.815346425 -0.638239729 0.060108836 0.845514118 -0.544449726 0.000000000
146 210 1780458783.130027294 0.910247658 -0.335097987 0.116577613 0.822179266 -0.647477327 0.062572507 0.851270737 -0.555320205 0.000000000
147 211 1780458783.194046974 0.910247658 -0.335097987 0.116577613 0.818090324 -0.648266674 0.062180013 0.855059925 -0.562620250 0.000000000
148 212 1780458783.278960705 0.924497322 -0.353023167 0.121531228 0.827695768 -0.667680186 0.065596148 0.860669891 -0.573649768 0.000000000
149 213 1780458783.345995665 0.924497322 -0.353023167 0.121531228 0.823606818 -0.668469488 0.065203649 0.864360077 -0.581055671 0.000000000
150 214 1780458783.430211544 0.938999886 -0.372782813 0.127932877 0.833475480 -0.689748508 0.070017234 0.869819660 -0.592243735 0.000000000
151 215 1780458783.499713659 0.938999886 -0.372782813 0.127932877 0.829386521 -0.690537762 0.069624725 0.873408321 -0.599755179 0.000000000
152 216 1780458783.577662945 0.958369674 -0.390587544 0.130832816 0.843932045 -0.710077036 0.070572932 0.878713682 -0.611101328 0.000000000
153 217 1780458783.649237394 0.973794344 -0.404424235 0.130304811 0.854484582 -0.725431725 0.068412647 0.882198223 -0.618718016 0.000000000
154 218 1780458783.726932049 0.984859809 -0.413296696 0.133094718 0.861186920 -0.735650360 0.069912463 0.887345412 -0.630221820 0.000000000
155 219 1780458783.799032450 0.984859809 -0.413296696 0.133094718 0.857097940 -0.736439508 0.069519959 0.890723158 -0.637943476 0.000000000
156 220 1780458783.871440172 0.997969307 -0.427163234 0.132966556 0.865365775 -0.751719379 0.067909638 0.895708102 -0.649604538 0.000000000
157 221 1780458783.948787928 1.022122359 -0.449898423 0.138578543 0.884621349 -0.776463951 0.071111187 0.898976295 -0.657430908 0.000000000
158 222 1780458784.031095505 1.027477957 -0.458301251 0.138595019 0.885447359 -0.785908915 0.070262917 0.903794788 -0.669248862 0.000000000
159 223 1780458784.116936445 1.043015621 -0.471666048 0.138554727 0.896249446 -0.800033090 0.068136597 0.908511334 -0.681160792 0.000000000
160 224 1780458784.182194471 1.043015621 -0.471666048 0.138554727 0.892250164 -0.800044226 0.067344451 0.911598272 -0.689154232 0.000000000
161 225 1780458784.264935970 1.063077883 -0.494461291 0.145963856 0.907638180 -0.823914677 0.072198196 0.916141339 -0.701222542 0.000000000
162 226 1780458784.328342915 1.063077883 -0.494461291 0.145963856 0.903638898 -0.823925765 0.071406047 0.919111107 -0.709320141 0.000000000
163 227 1780458784.412863255 1.083281176 -0.515175587 0.148664201 0.918897738 -0.845680804 0.071546802 0.922033140 -0.717459355 0.000000000
164 228 1780458784.482719898 1.083281176 -0.515175587 0.148664201 0.914898455 -0.845691847 0.070754658 0.926325574 -0.729746148 0.000000000
165 229 1780458784.560064077 1.102852686 -0.540407853 0.152793126 0.929390475 -0.871958528 0.072301246 0.929126034 -0.737989290 0.000000000
166 230 1780458784.633992672 1.113175572 -0.553260942 0.155176096 0.935180534 -0.885369131 0.072944650 0.933233664 -0.750431870 0.000000000
167 231 1780458784.720571518 1.121582102 -0.565212577 0.159779558 0.939281499 -0.897814969 0.075955446 0.937228007 -0.762967832 0.000000000
168 232 1780458784.804214716 1.138988243 -0.582600531 0.167609335 0.952305549 -0.916207290 0.081404256 0.939827051 -0.771376992 0.000000000
169 233 1780458784.868520498 1.138988243 -0.582600531 0.167609335 0.948306267 -0.916218188 0.080612106 0.942374361 -0.779827615 0.000000000
170 234 1780458784.950071573 1.161719241 -0.608223855 0.174009503 0.966070834 -0.943103578 0.084098824 0.946097073 -0.792581267 0.000000000
171 235 1780458785.010483980 1.161719241 -0.608223855 0.174009503 0.962885373 -0.943360184 0.082813478 0.948512530 -0.801135499 0.000000000
172 236 1780458785.095163345 1.168464570 -0.627040537 0.178598317 0.965761756 -0.962834621 0.085342853 0.952034700 -0.814044522 0.000000000
173 237 1780458785.163141966 1.168464570 -0.627040537 0.178598317 0.962576294 -0.963091198 0.084057505 0.954314582 -0.822702313 0.000000000
174 238 1780458785.245728016 1.181005260 -0.644834654 0.187954452 0.971645450 -0.981942249 0.090865704 0.957630504 -0.835766656 0.000000000
175 239 1780458785.318927050 1.186758040 -0.659414838 0.190783196 0.973606629 -0.997114471 0.091751100 0.959770922 -0.844527990 0.000000000
176 240 1780458785.391679049 1.199716408 -0.673912922 0.194084671 0.982776474 -1.012607475 0.092517277 0.962874629 -0.857747653 0.000000000
177 241 1780458785.474170446 1.198503959 -0.684802037 0.196276542 0.977951518 -1.023707425 0.093371679 0.964871513 -0.866612546 0.000000000
178 242 1780458785.550364017 1.208402258 -0.695675609 0.199256933 0.984244591 -1.035417488 0.094102780 0.967756754 -0.879987581 0.000000000
179 243 1780458785.629897118 1.218249574 -0.706801352 0.203737395 0.990590358 -1.047407765 0.096324446 0.969606440 -0.888951118 0.000000000
180 244 1780458785.699042082 1.218249574 -0.706801352 0.203737395 0.987404888 -1.047664218 0.095039093 0.972271352 -0.902379503 0.000000000
181 245 1780458785.767630100 1.231757882 -0.734006224 0.205676211 0.996261101 -1.075869699 0.094184604 0.973975388 -0.911246891 0.000000000
182 246 1780458785.852412462 1.231211060 -0.745996987 0.208600238 0.992078841 -1.088121950 0.095680111 0.976425433 -0.924293621 0.000000000
183 247 1780458785.922593117 1.231211060 -0.745996987 0.208600238 0.987370050 -1.086455815 0.094400206 0.977991004 -0.932747389 0.000000000
184 248 1780458785.994498968 1.246109822 -0.774654014 0.214745052 0.996320580 -1.114362959 0.097569745 0.980244764 -0.944933940 0.000000000
185 249 1780458786.074545860 1.253408773 -0.785222996 0.215429211 0.998313780 -1.123674972 0.096200486 0.981689617 -0.952654233 0.000000000
186 250 1780458786.149023056 1.256552197 -0.798434350 0.220337996 0.996357690 -1.135479940 0.099332591 0.983781864 -0.963501036 0.000000000
187 251 1780458786.227347374 1.261912942 -0.809346212 0.221067080 0.996401312 -1.145027181 0.098150376 0.985134600 -0.970169339 0.000000000
188 252 1780458786.310815811 1.268239043 -0.820390703 0.224738861 0.997633730 -1.154829329 0.099813139 0.987109745 -0.979732493 0.000000000
189 253 1780458786.378134966 1.268239043 -0.820390703 0.224738861 0.992925004 -1.153163005 0.098533241 0.988373212 -0.986122249 0.000000000
190 254 1780458786.461418390 1.285422101 -0.843612839 0.233733600 1.004664278 -1.175874512 0.104367628 0.990180101 -0.995727116 0.000000000
191 255 1780458786.531967163 1.285422101 -0.843612839 0.233733600 0.999955572 -1.174208135 0.103087726 0.991324494 -1.002142600 0.000000000
192 256 1780458786.605129004 1.298230358 -0.865157390 0.236260141 1.006911137 -1.194845750 0.102845705 0.992948203 -1.011781860 0.000000000
193 257 1780458786.692892551 1.315429513 -0.883164807 0.246377957 1.019056689 -1.212400409 0.109868308 0.994459218 -1.021438573 0.000000000
194 258 1780458786.761399746 1.315429513 -0.883164807 0.246377957 1.018249814 -1.214574976 0.109362473 0.995403242 -1.027885054 0.000000000
195 259 1780458786.849436760 1.329172323 -0.908607988 0.250856545 1.029941962 -1.243060850 0.111643557 0.996296094 -1.034337733 0.000000000
196 260 1780458786.926272154 1.329886617 -0.911050199 0.251817934 1.029774876 -1.247740368 0.111983128 0.997538422 -1.044026941 0.000000000
197 261 1780458787.006747007 1.336057688 -0.921940991 0.252199986 1.034469360 -1.261159144 0.111103333 0.998301315 -1.050492220 0.000000000
198 262 1780458787.093526125 1.344102660 -0.926562709 0.256684159 1.041743530 -1.268552089 0.114292671 0.999346434 -1.060197099 0.000000000
199 263 1780458787.179277897 1.350120075 -0.937441113 0.260972022 1.046592211 -1.282066035 0.117303532 1.000318316 -1.069939787 0.000000000
200 264 1780458787.242629051 1.350120075 -0.937441113 0.260972022 1.045785305 -1.284240588 0.116797685 1.000911841 -1.076445774 0.000000000
201 265 1780458787.323982954 1.359937537 -0.959341984 0.257954674 1.053108097 -1.308776167 0.111929812 1.001457351 -1.082956978 0.000000000
202 266 1780458787.387825012 1.359937537 -0.959341984 0.257954674 1.052301181 -1.310950716 0.111423966 1.002185490 -1.092732678 0.000000000
203 267 1780458787.468025923 1.354958772 -0.973845276 0.256664452 1.045502903 -1.327244866 0.109677665 1.002610771 -1.099255150 0.000000000
204 268 1780458787.544763327 1.355992977 -0.982207304 0.254086946 1.044970568 -1.337744551 0.106298958 1.003158381 -1.109045846 0.000000000
205 269 1780458787.615648508 1.355992977 -0.982207304 0.254086946 1.049042955 -1.339705374 0.107617502 1.003463196 -1.115577042 0.000000000
206 270 1780458787.693526983 1.363040515 -1.001373073 0.251163077 1.058613037 -1.361135962 0.104905482 1.003829956 -1.125378912 0.000000000
207 271 1780458787.763855934 1.359805633 -1.017198397 0.248659746 1.058199925 -1.378587110 0.103559604 1.004014115 -1.131916282 0.000000000
208 272 1780458787.849888563 1.359408038 -1.026294549 0.246755076 1.061100661 -1.389527595 0.102752926 1.004199774 -1.141725496 0.000000000
209 273 1780458787.924154043 1.356733325 -1.035984280 0.245744785 1.061762054 -1.400937978 0.103006713 1.004276680 -1.151537273 0.000000000
210 274 1780458788.003048420 1.355799792 -1.049544127 0.243083871 1.063737931 -1.416260631 0.101344897 1.004267507 -1.158079198 0.000000000
211 275 1780458788.084476948 1.355355406 -1.058961885 0.242696044 1.066669343 -1.427566353 0.102023664 1.004163052 -1.167892169 0.000000000
212 276 1780458788.158698797 1.355791343 -1.066647323 0.241927441 1.070559357 -1.437189769 0.102295874 1.004032941 -1.174433606 0.000000000
213 277 1780458788.230331421 1.355791343 -1.066647323 0.241927441 1.074631824 -1.439150384 0.103614480 1.003854446 -1.180974128 0.000000000
214 278 1780458788.307287216 1.355232051 -1.076506002 0.240114454 1.077270127 -1.450826626 0.102849217 1.003495982 -1.190782295 0.000000000
215 279 1780458788.380685329 1.352929089 -1.087124967 0.238488104 1.078124860 -1.463140422 0.102388038 1.003196530 -1.197318727 0.000000000
216 280 1780458788.454947710 1.351167814 -1.095268477 0.236950799 1.079702055 -1.473025688 0.102047044 1.002656651 -1.207118828 0.000000000
217 281 1780458788.546625853 1.347383372 -1.114103327 0.234527918 1.078367063 -1.493374962 0.100616956 1.002007967 -1.216912233 0.000000000
218 282 1780458788.620780945 1.345175134 -1.125492455 0.232246241 1.074670020 -1.504307843 0.099093724 1.001515087 -1.223436762 0.000000000
219 283 1780458788.699717283 1.343701118 -1.131269811 0.231692340 1.072280003 -1.509776091 0.099425980 1.000973890 -1.229957284 0.000000000
220 284 1780458788.782726765 1.338352051 -1.146258652 0.229277745 1.065150796 -1.524044111 0.097900151 1.000071547 -1.239729650 0.000000000
221 285 1780458788.860546350 1.336471821 -1.156730015 0.228768581 1.061978911 -1.534155571 0.098127896 0.999409658 -1.246238346 0.000000000
222 286 1780458788.947221041 1.334504050 -1.162520645 0.229572185 1.059201787 -1.539655803 0.099845262 0.998326408 -1.255991036 0.000000000
223 287 1780458789.021598577 1.334420291 -1.167288123 0.229489945 1.058298659 -1.544240551 0.100549755 0.997544011 -1.262485324 0.000000000
224 288 1780458789.100976229 1.331252878 -1.180447954 0.227716384 1.053498148 -1.556862321 0.099508957 0.996280164 -1.272214465 0.000000000
225 289 1780458789.177262545 1.331252878 -1.180447954 0.227716384 1.053071864 -1.556709294 0.100475620 0.994908139 -1.281927617 0.000000000
226 290 1780458789.251832247 1.325679142 -1.198097150 0.223950012 1.045317371 -1.573505073 0.097469705 0.993933432 -1.288393481 0.000000000
227 291 1780458789.320351362 1.325823863 -1.200687901 0.225535775 1.044955973 -1.576021177 0.099892078 0.992910763 -1.294851207 0.000000000
228 292 1780458789.395728350 1.319971020 -1.220655568 0.223720416 1.036873949 -1.595184962 0.098735261 0.991286948 -1.304521635 0.000000000
229 293 1780458789.475626707 1.320108896 -1.221971236 0.224975398 1.036582727 -1.596416554 0.100880714 0.990144611 -1.310957210 0.000000000
230 294 1780458789.538168192 1.320108896 -1.221971236 0.224975398 1.035375631 -1.595777749 0.101644355 0.988324452 -1.320600947 0.000000000
231 295 1780458789.628386259 1.316734500 -1.238369072 0.224567468 1.029367842 -1.611161246 0.101582765 0.986348451 -1.330246033 0.000000000
232 296 1780458789.699555874 1.316734500 -1.238369072 0.224567468 1.028160748 -1.610522437 0.102346406 0.984945015 -1.336676199 0.000000000
233 297 1780458789.782933712 1.315311471 -1.251999413 0.225747944 1.024455998 -1.623392901 0.103792580 0.982712017 -1.346320361 0.000000000
234 298 1780458789.849282503 1.315311471 -1.251999413 0.225747944 1.023248906 -1.622754089 0.104556220 0.981138861 -1.352748365 0.000000000
235 299 1780458789.935588360 1.309199165 -1.278515826 0.222084465 1.013310203 -1.647786732 0.101002874 0.978653613 -1.362387020 0.000000000
236 300 1780458790.002457619 1.309199165 -1.278515826 0.222084465 1.012103114 -1.647147912 0.101766514 0.976913796 -1.368809870 0.000000000
237 301 1780458790.080164194 1.304771821 -1.297364472 0.221058610 1.004730261 -1.664829147 0.101018879 0.974180736 -1.378438613 0.000000000
238 302 1780458790.153282642 1.304771821 -1.297364472 0.221058610 1.003523175 -1.664190322 0.101782519 0.972277120 -1.384853427 0.000000000
239 303 1780458790.230358124 1.299816688 -1.317060169 0.219835670 0.995515305 -1.682650257 0.100826901 0.970308746 -1.391264245 0.000000000
240 304 1780458790.305020809 1.297387192 -1.325298541 0.219639345 0.991134195 -1.689986114 0.101214188 0.967235677 -1.400872021 0.000000000
241 305 1780458790.379684687 1.294890244 -1.333314509 0.219603362 0.986717213 -1.697102719 0.101774191 0.965107217 -1.407270944 0.000000000
242 306 1780458790.453461409 1.291214982 -1.345284216 0.217641751 0.980816656 -1.708411687 0.100696247 0.961795893 -1.416858880 0.000000000
243 307 1780458790.533262253 1.289969006 -1.351619585 0.218207740 0.978063358 -1.714476016 0.102183511 0.959509811 -1.423243263 0.000000000
244 308 1780458790.614037514 1.285777845 -1.360070682 0.217232816 0.972047057 -1.722288924 0.102305456 0.955963819 -1.432807454 0.000000000
245 309 1780458790.690889597 1.285777845 -1.360070682 0.217232816 0.971064048 -1.722128211 0.103439653 0.953522437 -1.439174735 0.000000000
246 310 1780458790.771155596 1.276448165 -1.380534592 0.213589068 0.958551481 -1.741241769 0.100744639 0.949745159 -1.448711396 0.000000000
247 311 1780458790.861102819 1.272703014 -1.388204603 0.212269924 0.952998263 -1.748280562 0.100509343 0.945830655 -1.458229767 0.000000000
248 312 1780458790.928739786 1.272703014 -1.388204603 0.212269924 0.952015259 -1.748119841 0.101643542 0.943145300 -1.464564544 0.000000000
249 313 1780458791.016025305 1.264840756 -1.408494622 0.209899218 0.941034951 -1.767238543 0.100043199 0.939004540 -1.474049550 0.000000000
250 314 1780458791.083324432 1.264840756 -1.408494622 0.209899218 0.940051948 -1.767077816 0.101177398 0.936169336 -1.480360901 0.000000000
251 315 1780458791.162404537 1.262041563 -1.415532485 0.209833674 0.935587014 -1.773640777 0.102113038 0.933274730 -1.486662229 0.000000000
252 316 1780458791.236670732 1.257164752 -1.425250791 0.208894532 0.928707091 -1.782606332 0.102223557 0.928822092 -1.496094625 0.000000000
253 317 1780458791.316854239 1.248563650 -1.445479612 0.205381389 0.916822949 -1.801469606 0.099513493 0.925780269 -1.502369293 0.000000000
254 318 1780458791.403926611 1.244026195 -1.455301302 0.203874456 0.910198930 -1.810518448 0.099008367 0.921108341 -1.511759392 0.000000000
255 319 1780458791.481602192 1.244026195 -1.455301302 0.203874456 0.909215934 -1.810357708 0.100142570 0.916320571 -1.521079269 0.000000000
256 320 1780458791.548100710 1.239082892 -1.466576669 0.201654656 0.901954626 -1.820745779 0.098867835 0.913084096 -1.527198510 0.000000000
257 321 1780458791.626694918 1.230243820 -1.485419619 0.199539205 0.890969078 -1.836862881 0.097513130 0.908177830 -1.536204531 0.000000000
258 322 1780458791.700051546 1.230243820 -1.485419619 0.199539205 0.890915660 -1.835304967 0.098554969 0.904845029 -1.542180317 0.000000000
259 323 1780458791.776366949 1.225610416 -1.495086879 0.198020253 0.885106821 -1.842765924 0.097933502 0.899746159 -1.551122816 0.000000000
260 324 1780458791.853804111 1.220720819 -1.504724503 0.196759223 0.879067384 -1.850187350 0.097589310 0.896280788 -1.557069892 0.000000000
261 325 1780458791.930647850 1.209150316 -1.526054210 0.191992299 0.864830022 -1.868268478 0.093663272 0.892762768 -1.563004923 0.000000000
262 326 1780458792.010222197 1.202078484 -1.538428226 0.190334062 0.856290703 -1.878146750 0.092950229 0.887387479 -1.571884189 0.000000000
263 327 1780458792.092565775 1.195691285 -1.555012135 0.187859191 0.847892378 -1.892201041 0.091064883 0.881894897 -1.580734579 0.000000000
264 328 1780458792.163212061 1.195691285 -1.555012135 0.187859191 0.847838980 -1.890643119 0.092106711 0.878168347 -1.586618276 0.000000000
265 329 1780458792.233256340 1.193402844 -1.560819717 0.188541688 0.844952544 -1.894665987 0.093657907 0.874390163 -1.592488363 0.000000000
266 330 1780458792.324579000 1.182285485 -1.577627267 0.186807901 0.831897114 -1.908501023 0.092939275 0.866679654 -1.604186475 0.000000000
267 331 1780458792.388592958 1.182285485 -1.577627267 0.186807901 0.831843722 -1.906943099 0.093981100 0.862751107 -1.610012503 0.000000000
268 332 1780458792.462139606 1.177207086 -1.587664044 0.186130103 0.825595424 -1.914758184 0.094153318 0.858796470 -1.615813600 0.000000000
269 333 1780458792.544157028 1.167161983 -1.602768918 0.185760274 0.813897086 -1.927107445 0.094767036 0.854833946 -1.621582110 0.000000000
270 334 1780458792.610104322 1.167161983 -1.602768918 0.185760274 0.813843702 -1.925549517 0.095808856 0.848806785 -1.630200618 0.000000000
271 335 1780458792.694905281 1.156235809 -1.623286363 0.183175121 0.800449330 -1.942973561 0.093895607 0.844726340 -1.635925810 0.000000000
272 336 1780458792.766242981 1.156235809 -1.623286363 0.183175121 0.799353809 -1.942517897 0.094356125 0.838512581 -1.644482130 0.000000000
273 337 1780458792.843655109 1.147358116 -1.640525844 0.183399005 0.787556683 -1.958233589 0.094655315 0.834308253 -1.650164925 0.000000000
274 338 1780458792.921577692 1.142515657 -1.647480283 0.183591402 0.780902157 -1.964174945 0.095277663 0.827909429 -1.658656246 0.000000000
275 339 1780458792.996426105 1.137287922 -1.657250750 0.182488115 0.773419351 -1.972747565 0.094433952 0.823549103 -1.664373603 0.000000000
276 340 1780458793.087712049 1.133222438 -1.664751266 0.182204346 0.767417485 -1.979263156 0.094452133 0.816886186 -1.672977367 0.000000000
277 341 1780458793.163850546 1.127961219 -1.671676459 0.182512219 0.760351021 -1.985130927 0.095221461 0.812409154 -1.678623054 0.000000000
278 342 1780458793.234680176 1.127961219 -1.671676459 0.182512219 0.759255505 -1.984675254 0.095681980 0.805633558 -1.686981425 0.000000000
279 343 1780458793.313708544 1.116779757 -1.690458913 0.180926539 0.744767713 -2.001462697 0.094234152 0.798752919 -1.695287699 0.000000000
280 344 1780458793.386682034 1.111196362 -1.697965299 0.180869855 0.737268305 -2.007826642 0.094615728 0.794105733 -1.700800429 0.000000000
281 345 1780458793.462664127 1.106051494 -1.703758231 0.181572744 0.730471916 -2.012609233 0.095839362 0.789410636 -1.706292988 0.000000000
282 346 1780458793.537926674 1.106051494 -1.703758231 0.181572744 0.729376403 -2.012153553 0.096299881 0.782278462 -1.714493364 0.000000000
283 347 1780458793.616097927 1.094012799 -1.720381982 0.179748229 0.714231575 -2.026648513 0.094836049 0.777464192 -1.719934213 0.000000000
284 348 1780458793.682271481 1.094012799 -1.720381982 0.179748229 0.713136063 -2.026192831 0.095296569 0.770153891 -1.728055649 0.000000000
285 349 1780458793.762829304 1.082647705 -1.734119600 0.179052916 0.699092400 -2.037996435 0.095104278 0.762737309 -1.736128404 0.000000000
286 350 1780458793.831563473 1.077238867 -1.741370858 0.178962377 0.691767770 -2.044099983 0.095427116 0.757734092 -1.741482707 0.000000000
287 351 1780458793.910213232 1.071877009 -1.749436191 0.178855180 0.684385114 -2.051008232 0.095653454 0.750141337 -1.749472126 0.000000000
288 352 1780458793.983303785 1.066883408 -1.758784045 0.178270356 0.677014415 -2.059084725 0.095145450 0.745021064 -1.754769955 0.000000000
289 353 1780458794.063905954 1.061141235 -1.766527586 0.177644099 0.669092184 -2.065482463 0.094810430 0.739854183 -1.760044681 0.000000000
290 354 1780458794.143704891 1.055439899 -1.773956329 0.177378396 0.661279596 -2.071605841 0.094850456 0.732016738 -1.767912806 0.000000000
291 355 1780458794.228524446 1.049438433 -1.781157386 0.176504804 0.653137213 -2.077404321 0.094335520 0.724075097 -1.775727292 0.000000000
292 356 1780458794.298353195 1.049438433 -1.781157386 0.176504804 0.651896405 -2.076858801 0.094691170 0.718722977 -1.780906657 0.000000000
293 357 1780458794.372910023 1.043847390 -1.789333991 0.175926170 0.644058867 -2.083689841 0.094325059 0.713324837 -1.786061443 0.000000000
294 358 1780458794.444141388 1.037777922 -1.797127365 0.175405118 0.635798358 -2.090089023 0.094096358 0.705141582 -1.793746886 0.000000000
295 359 1780458794.516652584 1.031824981 -1.803797227 0.175550945 0.627853834 -2.095457866 0.094613973 0.699628878 -1.798838923 0.000000000
296 360 1780458794.597482443 1.019530577 -1.819253742 0.175246046 0.612491669 -2.108716285 0.094536736 0.691274291 -1.806428844 0.000000000
297 361 1780458794.675712824 1.012282211 -1.826208279 0.174829320 0.603172362 -2.114148230 0.094599754 0.685647701 -1.811456264 0.000000000
298 362 1780458794.745409966 1.006310688 -1.832972942 0.174881088 0.595179141 -2.119588099 0.095002653 0.677122780 -1.818947852 0.000000000
299 363 1780458794.825684786 0.999671921 -1.840423919 0.174662054 0.586410668 -2.125594208 0.095138310 0.671382958 -1.823908774 0.000000000
300 364 1780458794.899517536 0.999671921 -1.840423919 0.174662054 0.585169867 -2.125048674 0.095493962 0.662688667 -1.831299193 0.000000000
301 365 1780458794.979130268 0.986783927 -1.854460044 0.174348667 0.569368069 -2.136795464 0.095553983 0.653893202 -1.838627540 0.000000000
302 366 1780458795.051182270 0.986783927 -1.854460044 0.174348667 0.568127269 -2.136249926 0.095909635 0.647973514 -1.843478108 0.000000000
303 367 1780458795.139124632 0.972483648 -1.868473012 0.173182959 0.550841514 -2.147694783 0.095260382 0.639010152 -1.850700694 0.000000000
304 368 1780458795.205368519 0.972483648 -1.868473012 0.173182959 0.550002237 -2.146758817 0.096085115 0.632978827 -1.855479787 0.000000000
305 369 1780458795.290273428 0.958800490 -1.883097198 0.172253619 0.533656354 -2.158497762 0.095987457 0.623848445 -1.862593700 0.000000000
306 370 1780458795.360258102 0.958800490 -1.883097198 0.172253619 0.532817081 -2.157561792 0.096812190 0.617706057 -1.867299365 0.000000000
307 371 1780458795.437629461 0.943501128 -1.897477378 0.170644295 0.514830649 -2.168766555 0.096213112 0.611519401 -1.871975106 0.000000000
308 372 1780458795.506571054 0.943501128 -1.897477378 0.170644295 0.513991381 -2.167830581 0.097037845 0.602156603 -1.878931913 0.000000000
309 373 1780458795.586814642 0.929416308 -1.911001097 0.169414645 0.497339341 -2.178361698 0.096745880 0.595859652 -1.883531447 0.000000000
310 374 1780458795.649764299 0.929416308 -1.911001097 0.169414645 0.496500077 -2.177425721 0.097570613 0.586331808 -1.890372434 0.000000000
311 375 1780458795.722077608 0.921339346 -1.918737070 0.168157231 0.486537421 -2.182969653 0.097196135 0.579925087 -1.894893741 0.000000000
312 376 1780458795.798712492 0.906217576 -1.932654466 0.165835310 0.468690140 -2.193600223 0.095854040 0.570232969 -1.901615855 0.000000000
313 377 1780458795.875825405 0.906217576 -1.932654466 0.165835310 0.467850883 -2.192664240 0.096678775 0.563716981 -1.906056884 0.000000000
314 378 1780458795.942846298 0.900186456 -1.937797655 0.166461210 0.460420486 -2.196119267 0.098206675 0.553861328 -1.912657020 0.000000000
315 379 1780458796.019759178 0.884949422 -1.952180076 0.163714719 0.442339676 -2.207107572 0.096366018 0.547236556 -1.917015682 0.000000000
316 380 1780458796.107358932 0.877595015 -1.958306287 0.163415725 0.433380359 -2.211244646 0.097001820 0.537218078 -1.923490681 0.000000000
317 381 1780458796.185688496 0.869853844 -1.965702508 0.162545910 0.423810791 -2.216507862 0.096967649 0.527102234 -1.929889054 0.000000000
318 382 1780458796.251720905 0.869853844 -1.965702508 0.162545910 0.422971544 -2.215571871 0.097792385 0.520304363 -1.934111489 0.000000000
319 383 1780458796.332028627 0.855482271 -1.978772160 0.161554330 0.406060083 -2.225551815 0.097685862 0.513463394 -1.938298996 0.000000000
320 384 1780458796.405642748 0.855482271 -1.978772160 0.161554330 0.405147832 -2.224982316 0.098151079 0.503121277 -1.944513991 0.000000000
321 385 1780458796.484571218 0.847537151 -1.985527326 0.160320787 0.395347755 -2.229886246 0.097464384 0.496172854 -1.948612623 0.000000000
322 386 1780458796.559149742 0.840295851 -1.991308451 0.159400320 0.386402645 -2.233955777 0.097118657 0.485669864 -1.954692616 0.000000000
323 387 1780458796.634872198 0.825457891 -2.003330004 0.158597002 0.369095663 -2.243191996 0.096960523 0.478614391 -1.958700109 0.000000000
324 388 1780458796.704659939 0.825457891 -2.003330004 0.158597002 0.368183416 -2.242622492 0.097425741 0.467951118 -1.964641666 0.000000000
325 389 1780458796.781233549 0.807795720 -2.016775767 0.155962474 0.347715909 -2.252629870 0.095566560 0.460788981 -1.968555704 0.000000000
326 390 1780458796.862674713 0.799977134 -2.022054029 0.156111135 0.338355593 -2.256246594 0.096375307 0.449965987 -1.974355309 0.000000000
327 391 1780458796.930654287 0.799977134 -2.022054029 0.156111135 0.337443349 -2.255677087 0.096840526 0.442697548 -1.978173518 0.000000000
328 392 1780458797.011461020 0.782883681 -2.032729973 0.156140568 0.318147714 -2.263349034 0.097846192 0.431715364 -1.983827565 0.000000000
329 393 1780458797.080378532 0.782883681 -2.032729973 0.156140568 0.317235471 -2.262779525 0.098311412 0.424340969 -1.987547510 0.000000000
330 394 1780458797.163752317 0.766906777 -2.043356458 0.155955781 0.299018099 -2.270499237 0.098974200 0.413200096 -1.993052298 0.000000000
331 395 1780458797.228241444 0.766906777 -2.043356458 0.155955781 0.298105857 -2.269929725 0.099439420 0.405720068 -1.996671477 0.000000000
332 396 1780458797.315221548 0.751121795 -2.053630123 0.154828588 0.280037581 -2.277178296 0.099174989 0.394420976 -2.002023199 0.000000000
333 397 1780458797.380562544 0.743191729 -2.059957720 0.154523505 0.270355073 -2.281711065 0.099382171 0.386835618 -2.005539040 0.000000000
334 398 1780458797.458691835 0.733689332 -2.064284872 0.154250596 0.259417837 -2.284067498 0.100027769 0.375378748 -2.010733781 0.000000000
335 399 1780458797.530075073 0.733689332 -2.064284872 0.154250596 0.258011116 -2.283326323 0.100157569 0.367688342 -2.014143633 0.000000000
336 400 1780458797.607268095 0.716600718 -2.075263897 0.153074091 0.238036129 -2.290865783 0.099516444 0.356074099 -2.019177356 0.000000000
337 401 1780458797.704700947 0.708878443 -2.080846306 0.153771150 0.228247570 -2.294643297 0.100426527 0.344365614 -2.024112477 0.000000000
338 402 1780458797.752407551 0.708878443 -2.080846306 0.153771150 0.226840852 -2.293902117 0.100556328 0.336507665 -2.027347025 0.000000000
339 403 1780458797.835782051 0.689699621 -2.093194522 0.151755337 0.204516865 -2.302343257 0.099098089 0.328607923 -2.030536612 0.000000000
340 404 1780458797.908848286 0.680647290 -2.098061972 0.151146209 0.193408536 -2.305037298 0.098935213 0.316680025 -2.035235664 0.000000000
341 405 1780458797.987155914 0.672387235 -2.103210489 0.151572804 0.183122697 -2.308260011 0.099670269 0.304658282 -2.039830897 0.000000000
342 406 1780458798.058446646 0.672387235 -2.103210489 0.151572804 0.181715984 -2.307518822 0.099800070 0.296591701 -2.042835901 0.000000000
343 407 1780458798.130268335 0.664144260 -2.108649381 0.151523358 0.171358590 -2.310949981 0.100016091 0.288483486 -2.045793541 0.000000000
344 408 1780458798.220098972 0.645461526 -2.118699205 0.150778437 0.149955627 -2.317331258 0.100009335 0.276243155 -2.050140099 0.000000000
345 409 1780458798.300391674 0.645461526 -2.118699205 0.150778437 0.148548917 -2.316590063 0.100139136 0.268030966 -2.052977123 0.000000000
346 410 1780458798.362107038 0.637539731 -2.122642063 0.151478427 0.138792877 -2.318698901 0.101247171 0.255634787 -2.057140338 0.000000000
347 411 1780458798.449943781 0.619485468 -2.130652724 0.151030632 0.118336442 -2.323184539 0.101717053 0.247318766 -2.059853493 0.000000000
348 412 1780458798.514176607 0.619485468 -2.130652724 0.151030632 0.116929735 -2.322443339 0.101846854 0.234766931 -2.063828390 0.000000000
349 413 1780458798.597642899 0.600241906 -2.140988133 0.149855530 0.094876038 -2.328904378 0.101388767 0.226347195 -2.066414293 0.000000000
350 414 1780458798.678700209 0.600241906 -2.140988133 0.149855530 0.093970273 -2.327543417 0.101737100 0.213639856 -2.070195696 0.000000000
351 415 1780458798.753649473 0.590911396 -2.146162920 0.149068317 0.083006795 -2.329790264 0.101553845 0.205116491 -2.072650824 0.000000000
352 416 1780458798.831059933 0.571404153 -2.155492829 0.147817733 0.061335357 -2.334565648 0.101377450 0.192253758 -2.076233336 0.000000000
353 417 1780458798.910974979 0.561810269 -2.160617675 0.147475211 0.050152929 -2.336783654 0.101655897 0.179297822 -2.079693828 0.000000000
354 418 1780458798.980648756 0.561810269 -2.160617675 0.147475211 0.049247177 -2.335422685 0.102004230 0.170608759 -2.081932007 0.000000000
355 419 1780458799.058077812 0.541850994 -2.169864360 0.146645919 0.027168941 -2.340085061 0.102271712 0.161878279 -2.084114400 0.000000000
356 420 1780458799.144530773 0.530168560 -2.174840230 0.145310243 0.013870571 -2.341683864 0.101792329 0.148704900 -2.087281983 0.000000000
357 421 1780458799.203990698 0.530168560 -2.174840230 0.145310243 0.012964827 -2.340322890 0.102140662 0.139870870 -2.089322075 0.000000000
358 422 1780458799.294059992 0.511378756 -2.183628620 0.144908366 -0.007864431 -2.344744762 0.102745993 0.126542141 -2.092273085 0.000000000
359 423 1780458799.356675148 0.511378756 -2.183628620 0.144908366 -0.008770169 -2.343383784 0.103094327 0.117604532 -2.094166679 0.000000000
360 424 1780458799.448873043 0.490627522 -2.193006707 0.142994342 -0.031747813 -2.347833709 0.102306972 0.104154248 -2.096896908 0.000000000
361 425 1780458799.510486364 0.490627522 -2.193006707 0.142994342 -0.032653546 -2.346472728 0.102655306 0.095225189 -2.098644051 0.000000000
362 426 1780458799.590130091 0.470375975 -2.202315791 0.142638740 -0.055012377 -2.351158347 0.103340564 0.082014873 -2.101156895 0.000000000
363 427 1780458799.664783478 0.470375975 -2.202315791 0.142638740 -0.055627234 -2.349383718 0.103890712 0.073404459 -2.102762359 0.000000000
364 428 1780458799.749269962 0.459722476 -2.207347473 0.141043019 -0.067660586 -2.350681530 0.103200252 0.060911388 -2.105071712 0.000000000
365 429 1780458799.816077232 0.449063288 -2.212513722 0.140087878 -0.079673414 -2.352208553 0.103113371 0.052939083 -2.106550035 0.000000000
366 430 1780458799.891792774 0.439800376 -2.216446857 0.139023978 -0.090121385 -2.352717317 0.102957381 0.041643109 -2.108685806 0.000000000
367 431 1780458799.965967655 0.431425896 -2.219110695 0.139001757 -0.099410708 -2.352287842 0.103922633 0.034628316 -2.110062364 0.000000000
368 432 1780458800.036648989 0.422669738 -2.223479861 0.138151021 -0.109416927 -2.353323047 0.103848006 0.024895950 -2.112070630 0.000000000
369 433 1780458800.118632555 0.414429221 -2.226902057 0.137309685 -0.118761007 -2.353509589 0.103869592 0.018514561 -2.113369074 0.000000000
370 434 1780458800.199012756 0.406808790 -2.231885643 0.135933589 -0.127791485 -2.355217572 0.103059999 0.008921655 -2.115228619 0.000000000
371 435 1780458800.266679525 0.398840676 -2.235408339 0.135033854 -0.136889622 -2.355525081 0.102971570 0.002513099 -2.116409406 0.000000000
372 436 1780458800.352540493 0.383702450 -2.242637789 0.133128246 -0.153725368 -2.358188636 0.102023069 -0.007118673 -2.118092016 0.000000000
373 437 1780458800.429686785 0.383702450 -2.242637789 0.133128246 -0.154340184 -2.356413994 0.102573219 -0.013551900 -2.119154593 0.000000000
374 438 1780458800.501797676 0.376703966 -2.244592646 0.132215877 -0.162227648 -2.355327653 0.102606200 -0.023218812 -2.120659523 0.000000000
375 439 1780458800.585223675 0.358675598 -2.252104456 0.128596944 -0.182078099 -2.357512941 0.100180649 -0.029674219 -2.121603415 0.000000000
376 440 1780458800.648816586 0.358675598 -2.252104456 0.128596944 -0.182209768 -2.355242463 0.100844829 -0.041027701 -2.123179058 0.000000000
377 441 1780458800.727751732 0.349086429 -2.256360040 0.126469465 -0.192630638 -2.355286219 0.099674658 -0.049125144 -2.124186459 0.000000000
378 442 1780458800.801491499 0.339634482 -2.259623769 0.125300848 -0.202684512 -2.354544717 0.099584708 -0.061291451 -2.125557522 0.000000000
379 443 1780458800.877497911 0.328661237 -2.265321900 0.123651290 -0.214675363 -2.355851024 0.098776568 -0.069414602 -2.126378045 0.000000000
380 444 1780458800.952654600 0.309245152 -2.271790747 0.122172862 -0.235087776 -2.356632343 0.098814155 -0.081615775 -2.127468298 0.000000000
381 445 1780458801.022195101 0.309245152 -2.271790747 0.122172862 -0.235219410 -2.354361863 0.099478335 -0.089759699 -2.128101311 0.000000000
382 446 1780458801.106870890 0.287298393 -2.281220377 0.119312232 -0.258714174 -2.357373754 0.097901685 -0.101988317 -2.128909889 0.000000000
383 447 1780458801.184327841 0.287298393 -2.281220377 0.119312232 -0.258845793 -2.355103272 0.098565866 -0.110148059 -2.129354872 0.000000000
384 448 1780458801.259795666 0.276857086 -2.284569759 0.117835426 -0.269909279 -2.354210240 0.098221618 -0.122396675 -2.129881076 0.000000000
385 449 1780458801.330806971 0.266896450 -2.286765331 0.116749564 -0.280279073 -2.352334167 0.098398121 -0.130567257 -2.130137616 0.000000000
386 450 1780458801.408136129 0.243853825 -2.294873669 0.112928455 -0.304694665 -2.353679619 0.096143275 -0.142828393 -2.130380914 0.000000000
387 451 1780458801.490646362 0.234146526 -2.298694542 0.112449253 -0.314830958 -2.353234418 0.096407473 -0.151004824 -2.130448714 0.000000000
388 452 1780458801.557567120 0.234146526 -2.298694542 0.112449253 -0.314741695 -2.350676910 0.096862837 -0.163270979 -2.130408741 0.000000000
389 453 1780458801.630595684 0.223535458 -2.303947799 0.110910679 -0.326079458 -2.351287311 0.095923237 -0.171448251 -2.130287614 0.000000000
390 454 1780458801.696920156 0.211238713 -2.307787805 0.108482234 -0.338890521 -2.350098081 0.094491318 -0.183711904 -2.129964177 0.000000000
391 455 1780458801.781568766 0.198554847 -2.311613652 0.106175682 -0.352071623 -2.348851618 0.093210148 -0.195970439 -2.129470640 0.000000000
392 456 1780458801.850065470 0.188288883 -2.315095323 0.104432286 -0.362780728 -2.347747876 0.092311831 -0.204138610 -2.129047127 0.000000000
393 457 1780458801.919652462 0.175981730 -2.318090925 0.102957557 -0.375396913 -2.345894842 0.091937401 -0.212302494 -2.128548044 0.000000000
394 458 1780458801.999184847 0.154821583 -2.322533772 0.100691751 -0.397014513 -2.343903519 0.091337654 -0.224538517 -2.127657782 0.000000000
395 459 1780458802.065286875 0.154821583 -2.322533772 0.100691751 -0.396925184 -2.341346014 0.091793021 -0.232688155 -2.126969899 0.000000000
396 460 1780458802.158863544 0.135184118 -2.326732392 0.100879420 -0.416854933 -2.339788409 0.093485201 -0.244899030 -2.125796622 0.000000000
397 461 1780458802.234294176 0.135184118 -2.326732392 0.100879420 -0.416759386 -2.336832717 0.094050765 -0.253029381 -2.124920212 0.000000000
398 462 1780458802.308124065 0.123073535 -2.330583366 0.099235372 -0.429332622 -2.335389040 0.093426994 -0.265207542 -2.123464415 0.000000000
399 463 1780458802.378195524 0.111064287 -2.334239169 0.097128574 -0.441800066 -2.333679051 0.092366419 -0.273313563 -2.122399868 0.000000000
400 464 1780458802.450263739 0.099192252 -2.336978993 0.095484144 -0.453946908 -2.331176658 0.091895914 -0.285451446 -2.120662225 0.000000000
401 465 1780458802.531498194 0.076839792 -2.340773917 0.092580695 -0.476652195 -2.327769762 0.090919005 -0.293528095 -2.119410047 0.000000000
402 466 1780458802.623446226 0.065615522 -2.342646722 0.091193438 -0.487995742 -2.324560412 0.090779494 -0.305618141 -2.117391406 0.000000000
403 467 1780458802.669544697 0.065615522 -2.342646722 0.091193438 -0.487900117 -2.321604724 0.091345063 -0.313660392 -2.115952194 0.000000000
404 468 1780458802.747870207 0.041345986 -2.348935537 0.088068598 -0.512937381 -2.320214607 0.089858894 -0.325715501 -2.113612358 0.000000000
405 469 1780458802.826475382 0.041345986 -2.348935537 0.088068598 -0.512841729 -2.317258920 0.090424464 -0.333753259 -2.111917028 0.000000000
406 470 1780458802.895146608 0.029486273 -2.352278096 0.086561456 -0.525074329 -2.315316271 0.089948600 -0.345808959 -2.109173482 0.000000000
407 471 1780458802.978537321 0.003886217 -2.357521612 0.082400333 -0.549321926 -2.312725239 0.088125144 -0.353844064 -2.107212207 0.000000000
408 472 1780458803.054323912 -0.008382965 -2.360667691 0.079806860 -0.560012164 -2.310591818 0.087064428 -0.365891340 -2.104074322 0.000000000
409 473 1780458803.134938955 -0.021022557 -2.363905072 0.077474745 -0.571067573 -2.308535352 0.086268203 -0.373917936 -2.101853089 0.000000000
410 474 1780458803.209223032 -0.021022557 -2.363905072 0.077474745 -0.569004810 -2.305852427 0.087260772 -0.385948216 -2.098329479 0.000000000
411 475 1780458803.297051907 -0.045105296 -2.365371677 0.073887750 -0.591057807 -2.299971028 0.086466091 -0.393960723 -2.095853800 0.000000000
412 476 1780458803.363868713 -0.045105296 -2.365371677 0.073887750 -0.588995018 -2.297288121 0.087458657 -0.405965830 -2.091952409 0.000000000
413 477 1780458803.449375629 -0.068868882 -2.368925072 0.069925161 -0.611119712 -2.293420592 0.085882592 -0.417952055 -2.087827914 0.000000000
414 478 1780458803.513633728 -0.068868882 -2.368925072 0.069925161 -0.609056899 -2.290737704 0.086875157 -0.425931021 -2.084955557 0.000000000
415 479 1780458803.593396187 -0.092605339 -2.369146110 0.065200272 -0.630605557 -2.283513363 0.085099125 -0.433899572 -2.081985891 0.000000000
416 480 1780458803.662310600 -0.092605339 -2.369146110 0.065200272 -0.630354962 -2.281481865 0.085491758 -0.445831155 -2.077350468 0.000000000
417 481 1780458803.735346556 -0.106373143 -2.371311512 0.061565766 -0.644197889 -2.278621917 0.083031827 -0.453770255 -2.074140556 0.000000000
418 482 1780458803.816813231 -0.128922654 -2.368570792 0.058320320 -0.665793358 -2.269633129 0.082491903 -0.465654073 -2.069147877 0.000000000
419 483 1780458803.880764484 -0.128922654 -2.368570792 0.058320320 -0.665542745 -2.267601634 0.082884539 -0.473558975 -2.065701805 0.000000000
420 484 1780458803.969335556 -0.158606203 -2.373079427 0.052272186 -0.695553997 -2.263922916 0.078858352 -0.485388028 -2.060357794 0.000000000
421 485 1780458804.040839672 -0.158606203 -2.373079427 0.052272186 -0.695303368 -2.261891423 0.079250990 -0.493254142 -2.056679378 0.000000000
422 486 1780458804.128933191 -0.180611989 -2.369453644 0.048069550 -0.716238370 -2.251924482 0.077838007 -0.505021646 -2.050989569 0.000000000
423 487 1780458804.200805664 -0.180611989 -2.369453644 0.048069550 -0.715987730 -2.249892991 0.078230645 -0.512844514 -2.047082379 0.000000000
424 488 1780458804.272366047 -0.194209758 -2.370237915 0.042848549 -0.729474518 -2.245389698 0.074386978 -0.524539135 -2.041053541 0.000000000
425 489 1780458804.368244171 -0.216208329 -2.367329497 0.040284823 -0.750447193 -2.236400400 0.074422199 -0.532271145 -2.036935822 0.000000000
426 490 1780458804.428138018 -0.216208329 -2.367329497 0.040284823 -0.750196535 -2.234368912 0.074814840 -0.543662641 -2.030653548 0.000000000
427 491 1780458804.513095140 -0.228120629 -2.350478470 0.039478111 -0.758693519 -2.213880648 0.078263106 -0.554834859 -2.024243562 0.000000000
428 492 1780458804.581192017 -0.245932165 -2.355093158 0.034089757 -0.775999789 -2.211096998 0.074404652 -0.562258613 -2.019867572 0.000000000
429 493 1780458804.664416790 -0.258969394 -2.353448259 0.029755977 -0.787450043 -2.203244811 0.072328487 -0.569663151 -2.015409578 0.000000000
430 494 1780458804.740859509 -0.275563268 -2.356968587 0.023750258 -0.803382584 -2.199475922 0.067946032 -0.580732581 -2.008569716 0.000000000
431 495 1780458804.816574097 -0.288449039 -2.355795817 0.021176244 -0.814692123 -2.192425398 0.067488340 -0.588086394 -2.003908465 0.000000000
432 496 1780458804.900542974 -0.303048873 -2.357561242 0.016124272 -0.828306137 -2.187459951 0.064190567 -0.599076896 -1.996765530 0.000000000
433 497 1780458804.964087963 -0.303048873 -2.357561242 0.016124272 -0.827056221 -2.184197811 0.065130317 -0.606376212 -1.991903407 0.000000000
434 498 1780458805.037153482 -0.322076269 -2.351702304 0.012532000 -0.843594313 -2.171368820 0.064914993 -0.617280689 -1.984464552 0.000000000
435 499 1780458805.126041889 -0.338259136 -2.351870706 0.008393632 -0.858434542 -2.164745116 0.062880720 -0.628100452 -1.976925245 0.000000000
436 500 1780458805.193120480 -0.338259136 -2.351870706 0.008393632 -0.857184573 -2.161482998 0.063820476 -0.635264175 -1.971846504 0.000000000
437 501 1780458805.277431726 -0.353451876 -2.340293159 0.003075392 -0.868974394 -2.143434320 0.062647632 -0.645960750 -1.964082848 0.000000000
438 502 1780458805.348567724 -0.353451876 -2.340293159 0.003075392 -0.867724399 -2.140172213 0.063587395 -0.653058273 -1.958810514 0.000000000
439 503 1780458805.427258730 -0.374885196 -2.349779207 0.004966296 -0.889189755 -2.142781488 0.066103979 -0.660128293 -1.953461294 0.000000000
440 504 1780458805.510716677 -0.374885196 -2.349779207 0.004966296 -0.889163191 -2.140603958 0.066622699 -0.670680487 -1.945293975 0.000000000
441 505 1780458805.579932690 -0.384765446 -2.347182680 0.002970493 -0.898443379 -2.133841936 0.066298090 -0.677679214 -1.939753872 0.000000000
442 506 1780458805.655927658 -0.393435316 -2.341097980 0.001833741 -0.905869590 -2.124072313 0.067363184 -0.688121760 -1.931301617 0.000000000
443 507 1780458805.732785940 -0.396741930 -2.332984971 0.003061263 -0.907576991 -2.113713519 0.070766635 -0.695045589 -1.925572463 0.000000000
444 508 1780458805.814399481 -0.406935201 -2.328655732 0.000879703 -0.916841747 -2.105166094 0.070578414 -0.705373092 -1.916837958 0.000000000
445 509 1780458805.892792225 -0.414167029 -2.322638463 -0.001303119 -0.922881855 -2.095497667 0.070502774 -0.712218433 -1.910921505 0.000000000
446 510 1780458805.974318981 -0.437693568 -2.317487060 -0.008872457 -0.945239701 -2.082781054 0.066002113 -0.722425519 -1.901907322 0.000000000
447 511 1780458806.044421911 -0.437693568 -2.317487060 -0.008872457 -0.945213104 -2.080603527 0.066520840 -0.732557778 -1.892726517 0.000000000
448 512 1780458806.116970539 -0.453889789 -2.314408737 -0.013667932 -0.960657080 -2.071678360 0.063889866 -0.739270094 -1.886513841 0.000000000
449 513 1780458806.190531731 -0.477398505 -2.308579912 -0.017678848 -0.982744865 -2.058936890 0.062966875 -0.745947722 -1.880227744 0.000000000
450 514 1780458806.272040606 -0.482522091 -2.301300050 -0.018483536 -0.986414177 -2.048664970 0.064331716 -0.755897873 -1.870661472 0.000000000
451 515 1780458806.343300819 -0.482522091 -2.301300050 -0.018483536 -0.986387555 -2.046487444 0.064850448 -0.762486276 -1.864192888 0.000000000
452 516 1780458806.429105043 -0.492482672 -2.294621179 -0.022771943 -0.994993864 -2.035258469 0.062970306 -0.772299897 -1.854353999 0.000000000
453 517 1780458806.500812054 -0.496777711 -2.288570149 -0.022537159 -0.998183655 -2.026851802 0.064506713 -0.778795482 -1.847704398 0.000000000
454 518 1780458806.578912973 -0.509145053 -2.284394357 -0.025527129 -1.009727769 -2.018184737 0.063005148 -0.788467170 -1.837595046 0.000000000
455 519 1780458806.645898104 -0.517277040 -2.280295074 -0.027999333 -1.017114969 -2.010453625 0.061748069 -0.798051092 -1.827324413 0.000000000
456 520 1780458806.722594500 -0.520069012 -2.271842824 -0.028292132 -1.018391152 -1.999900590 0.063117854 -0.804390644 -1.820388081 0.000000000
457 521 1780458806.786109209 -0.530323904 -2.267793303 -0.031109595 -1.027878624 -1.991768363 0.061628420 -0.810689731 -1.813380599 0.000000000
458 522 1780458806.862504721 -0.555245058 -2.259598454 -0.032029482 -1.050947925 -1.977353245 0.063588808 -0.820061203 -1.802736420 0.000000000
459 523 1780458806.941917658 -0.565362469 -2.252601812 -0.034818369 -1.059745220 -1.966407293 0.062653860 -0.829338314 -1.791933296 0.000000000
460 524 1780458807.014378548 -0.565362469 -2.252601812 -0.034818369 -1.059861803 -1.964569495 0.062601895 -0.835469642 -1.784643237 0.000000000
461 525 1780458807.089999914 -0.572852395 -2.246993184 -0.035809331 -1.066302024 -1.955780132 0.063024277 -0.841557543 -1.777283022 0.000000000
462 526 1780458807.161999226 -0.578759164 -2.242569237 -0.039120839 -1.071455718 -1.947975657 0.060861972 -0.850606651 -1.766111567 0.000000000
463 527 1780458807.248909473 -0.593268326 -2.230331193 -0.041304001 -1.083570999 -1.931296564 0.061714860 -0.859554651 -1.754783303 0.000000000
464 528 1780458807.323669910 -0.593268326 -2.230331193 -0.041304001 -1.082555370 -1.930444191 0.062598961 -0.865462794 -1.747144309 0.000000000
465 529 1780458807.399135590 -0.621694858 -2.220197793 -0.048167874 -1.107676039 -1.913356433 0.060140617 -0.871324468 -1.739436065 0.000000000
466 530 1780458807.479130745 -0.626397927 -2.208675367 -0.050854539 -1.109152959 -1.900021150 0.060765441 -0.880028490 -1.727744230 0.000000000
467 531 1780458807.546762705 -0.626397927 -2.208675367 -0.050854539 -1.108137322 -1.899168786 0.061649543 -0.885771266 -1.719863604 0.000000000
468 532 1780458807.624241114 -0.649861748 -2.193471390 -0.058948570 -1.127401030 -1.877806627 0.058619422 -0.894293993 -1.707913969 0.000000000
469 533 1780458807.695713043 -0.649861748 -2.193471390 -0.058948570 -1.126385388 -1.876954270 0.059503524 -0.899913922 -1.699861981 0.000000000
470 534 1780458807.765977859 -0.659288150 -2.183972763 -0.062360938 -1.132857258 -1.864550966 0.059275011 -0.908249371 -1.687656041 0.000000000
471 535 1780458807.842545509 -0.680016457 -2.167085752 -0.067104414 -1.149013634 -1.842669633 0.059671490 -0.913742424 -1.679433662 0.000000000
472 536 1780458807.912960052 -0.680016457 -2.167085752 -0.067104414 -1.147997984 -1.841817286 0.060555593 -0.921884485 -1.666972835 0.000000000
473 537 1780458807.984282017 -0.684098282 -2.159482930 -0.065828759 -1.149504005 -1.833119549 0.064300204 -0.927246540 -1.658580987 0.000000000
474 538 1780458808.062013626 -0.697050925 -2.150375051 -0.070205831 -1.159485930 -1.820224693 0.063205850 -0.935188959 -1.645866620 0.000000000
475 539 1780458808.138793468 -0.703915145 -2.141306982 -0.071835015 -1.163461866 -1.809032310 0.064501212 -0.940415797 -1.637306176 0.000000000
476 540 1780458808.212578297 -0.711443542 -2.131611936 -0.075262939 -1.167979352 -1.796763226 0.064175547 -0.948152163 -1.624339541 0.000000000
477 541 1780458808.284698248 -0.721081708 -2.125104877 -0.078499822 -1.176551126 -1.787597548 0.063763019 -0.953239454 -1.615611326 0.000000000
478 542 1780458808.359868050 -0.739847592 -2.104694156 -0.088671677 -1.191410213 -1.761976040 0.059539459 -0.960763180 -1.602393626 0.000000000
479 543 1780458808.438959122 -0.747368915 -2.095844211 -0.091892330 -1.197433768 -1.750952091 0.059469062 -0.968156083 -1.589025834 0.000000000
480 544 1780458808.507389069 -0.747368915 -2.095844211 -0.091892330 -1.197791555 -1.750500851 0.060573978 -0.973010781 -1.580030781 0.000000000
481 545 1780458808.578113317 -0.764725303 -2.075989599 -0.098074256 -1.211293494 -1.726421144 0.060068738 -0.977805484 -1.570969306 0.000000000
482 546 1780458808.647767067 -0.770868085 -2.067405254 -0.101284530 -1.215996326 -1.715910409 0.059886153 -0.984883390 -1.557252789 0.000000000
483 547 1780458808.729303598 -0.779668961 -2.057319534 -0.105220230 -1.223004041 -1.703299639 0.059381426 -0.991822004 -1.543387419 0.000000000
484 548 1780458808.794459343 -0.779668961 -2.057319534 -0.105220230 -1.223361825 -1.702848406 0.060486346 -0.996369054 -1.534061311 0.000000000
485 549 1780458808.882519960 -0.793878821 -2.033942238 -0.113777382 -1.233025873 -1.675506968 0.058133940 -1.000852219 -1.524669293 0.000000000
486 550 1780458808.965413332 -0.798657798 -2.021893394 -0.118578196 -1.235677821 -1.661615862 0.056965648 -1.007455403 -1.510457885 0.000000000
487 551 1780458809.033190250 -0.798657798 -2.021893394 -0.118578196 -1.236035604 -1.661164636 0.058070571 -1.011775279 -1.500901490 0.000000000
488 552 1780458809.112579584 -0.804345234 -2.011174900 -0.122909236 -1.239823812 -1.648461614 0.057146553 -1.018129614 -1.486443921 0.000000000
489 553 1780458809.189705133 -0.812889456 -2.000846217 -0.126318035 -1.246062092 -1.635132593 0.056999792 -1.022280933 -1.476723675 0.000000000
490 554 1780458809.268433809 -0.819652789 -1.990668925 -0.130518842 -1.250578579 -1.622146834 0.055973904 -1.028378362 -1.462020695 0.000000000
491 555 1780458809.348736763 -0.833443293 -1.971803012 -0.138605371 -1.260214097 -1.598672703 0.053012609 -1.032355645 -1.452137073 0.000000000
492 556 1780458809.430239916 -0.840419352 -1.962033012 -0.141751193 -1.265007292 -1.586232330 0.052945259 -1.038187777 -1.437189352 0.000000000
493 557 1780458809.503581047 -0.840419352 -1.962033012 -0.141751193 -1.264947690 -1.585169392 0.053887267 -1.043856553 -1.422095073 0.000000000
494 558 1780458809.585297585 -0.849704629 -1.952782343 -0.146461575 -1.272088040 -1.572464653 0.052258658 -1.047543388 -1.411950894 0.000000000
495 559 1780458809.649757385 -0.854603476 -1.944053412 -0.149522861 -1.275038427 -1.561449390 0.051994222 -1.051155202 -1.401741715 0.000000000
496 560 1780458809.729006052 -0.864128087 -1.934542977 -0.153985025 -1.282345133 -1.548486807 0.050652978 -1.056430065 -1.386306175 0.000000000
497 561 1780458809.800945282 -0.868545613 -1.922969382 -0.158522191 -1.284222893 -1.534551895 0.049448540 -1.059849909 -1.375934697 0.000000000
498 562 1780458809.875855923 -0.875603132 -1.910546146 -0.162766380 -1.288504762 -1.519322360 0.048772723 -1.064831954 -1.360255897 0.000000000
499 563 1780458809.951217890 -0.883126338 -1.896126417 -0.166368332 -1.292829798 -1.502199824 0.049110461 -1.068053269 -1.349722355 0.000000000
500 564 1780458810.027661562 -0.888831465 -1.885345413 -0.169717503 -1.296054898 -1.488246118 0.048778967 -1.072732407 -1.333800596 0.000000000
501 565 1780458810.101011276 -0.898092791 -1.875367685 -0.176339918 -1.302889119 -1.473719820 0.045187930 -1.075748292 -1.323105157 0.000000000
502 566 1780458810.178735018 -0.903207863 -1.863231099 -0.180036599 -1.305240954 -1.458515482 0.044745100 -1.080113897 -1.306940636 0.000000000
503 567 1780458810.246951818 -0.907861782 -1.851669217 -0.184275085 -1.307247222 -1.443853929 0.043646587 -1.082917076 -1.296083394 0.000000000
504 568 1780458810.329692125 -0.919274807 -1.829412094 -0.191671188 -1.313614723 -1.416938536 0.041638169 -1.086957933 -1.279676193 0.000000000
505 569 1780458810.409742117 -0.924339729 -1.817384292 -0.197193152 -1.315897199 -1.401501252 0.039372796 -1.089540716 -1.268657164 0.000000000
506 570 1780458810.483786583 -0.930265236 -1.805235256 -0.199736402 -1.319023605 -1.386331234 0.040075984 -1.093244953 -1.252007247 0.000000000
507 571 1780458810.563604593 -0.937634807 -1.795524134 -0.203779739 -1.324043516 -1.372919641 0.038886186 -1.096742130 -1.235229961 0.000000000
508 572 1780458810.634848833 -0.937634807 -1.795524134 -0.203779739 -1.323924025 -1.371115215 0.039652209 -1.098959193 -1.224045938 0.000000000
509 573 1780458810.700149536 -0.942952702 -1.785179020 -0.207032966 -1.326802734 -1.357664584 0.039295067 -1.101085197 -1.212936268 0.000000000
510 574 1780458810.782715321 -0.959887821 -1.763691758 -0.217017047 -1.337190217 -1.330828571 0.035004308 -1.104106542 -1.196550783 0.000000000
511 575 1780458810.845174551 -0.959887821 -1.763691758 -0.217017047 -1.335650730 -1.330016002 0.036071747 -1.106012784 -1.185906751 0.000000000
512 576 1780458810.921078444 -0.963620961 -1.752467701 -0.220449272 -1.335372530 -1.317009207 0.035953510 -1.108720098 -1.170521233 0.000000000
513 577 1780458810.997379780 -0.970177703 -1.743167361 -0.222952905 -1.338272734 -1.305439164 0.036454394 -1.111261510 -1.156025669 0.000000000
514 578 1780458811.083759069 -0.975873076 -1.736113052 -0.226014934 -1.340791096 -1.296101172 0.035963857 -1.112877047 -1.146960967 0.000000000
515 579 1780458811.139498949 -0.981821488 -1.725893965 -0.230824653 -1.342874905 -1.283346549 0.034347044 -1.114453862 -1.138433144 0.000000000
516 580 1780458811.225900412 -0.989489367 -1.710320305 -0.234877942 -1.345545724 -1.265236418 0.034502910 -1.116725375 -1.126383238 0.000000000
517 581 1780458811.296874523 -0.989489367 -1.710320305 -0.234877942 -1.344006226 -1.264423878 0.035570355 -1.118149163 -1.118361293 0.000000000
518 582 1780458811.383054733 -0.999126955 -1.692146853 -0.244525189 -1.347984731 -1.242373606 0.030744019 -1.120146208 -1.106300009 0.000000000
519 583 1780458811.445514679 -0.999126955 -1.692146853 -0.244525189 -1.346264466 -1.240713841 0.031128982 -1.121384930 -1.098241377 0.000000000
520 584 1780458811.531661510 -1.007041144 -1.676156241 -0.248035157 -1.348928149 -1.221409431 0.031196069 -1.123103702 -1.086128716 0.000000000
521 585 1780458811.599272013 -1.007041144 -1.676156241 -0.248035157 -1.347207876 -1.219749674 0.031581034 -1.124156484 -1.078038274 0.000000000
522 586 1780458811.677187681 -1.012136984 -1.668307229 -0.251096912 -1.348797768 -1.208930659 0.030517001 -1.125595750 -1.065881572 0.000000000
523 587 1780458811.749095678 -1.017279235 -1.658617349 -0.255305931 -1.350030268 -1.196120781 0.028664113 -1.126461824 -1.057764226 0.000000000
524 588 1780458811.830581427 -1.021705661 -1.650963099 -0.258527785 -1.350998800 -1.185596885 0.027388310 -1.127620516 -1.045570858 0.000000000
525 589 1780458811.909705877 -1.024863055 -1.641014317 -0.259972155 -1.350280853 -1.173458669 0.028253304 -1.128299224 -1.037431535 0.000000000
526 590 1780458811.978201151 -1.030935440 -1.631566310 -0.263705674 -1.352474557 -1.160775916 0.026835088 -1.129176437 -1.025208912 0.000000000
527 591 1780458812.052396297 -1.034747148 -1.626573310 -0.264070475 -1.353440573 -1.153462133 0.027858528 -1.129667231 -1.017052563 0.000000000
528 592 1780458812.143549919 -1.043332576 -1.610820764 -0.269129602 -1.356755233 -1.133956328 0.026342605 -1.130262224 -1.004808128 0.000000000
529 593 1780458812.220471621 -1.043332576 -1.610820764 -0.269129602 -1.354742318 -1.132039307 0.026772459 -1.130564666 -0.996639725 0.000000000
530 594 1780458812.298026085 -1.046776165 -1.603704583 -0.271096857 -1.354578269 -1.122207867 0.026643737 -1.130876867 -0.984380947 0.000000000
531 595 1780458812.370480061 -1.051358773 -1.594389746 -0.274881846 -1.355028845 -1.109692192 0.025152123 -1.130990630 -0.976205479 0.000000000
532 596 1780458812.447206259 -1.056817647 -1.584989750 -0.278573420 -1.356313415 -1.096927423 0.023782154 -1.131019634 -0.963939854 0.000000000
533 597 1780458812.536282778 -1.063376673 -1.567911788 -0.283434560 -1.357032869 -1.076341849 0.022686803 -1.130878595 -0.951673727 0.000000000
534 598 1780458812.599389315 -1.063376673 -1.567911788 -0.283434560 -1.355019928 -1.074424859 0.023116666 -1.130690077 -0.943497369 0.000000000
535 599 1780458812.681850910 -1.068467108 -1.555199338 -0.284525245 -1.355279946 -1.059027190 0.024893097 -1.130425956 -0.935322796 0.000000000
536 600 1780458812.763386250 -1.072921627 -1.544362608 -0.289702921 -1.355221554 -1.044818223 0.022294367 -1.129888030 -0.923066044 0.000000000
537 601 1780458812.833355188 -1.072921627 -1.544362608 -0.289702921 -1.353208599 -1.042901248 0.022724234 -1.129434932 -0.914899455 0.000000000
538 602 1780458812.910780668 -1.075727996 -1.536149871 -0.291788952 -1.352148732 -1.032123430 0.022650842 -1.128613615 -0.902658454 0.000000000
539 603 1780458812.987009287 -1.077307399 -1.528403200 -0.294321818 -1.349684106 -1.023268707 0.021994353 -1.127971668 -0.894504885 0.000000000
540 604 1780458813.065169811 -1.081563498 -1.518767583 -0.297608702 -1.349414026 -1.011892960 0.020985737 -1.126867241 -0.882287192 0.000000000
541 605 1780458813.145739794 -1.085856898 -1.509446303 -0.300971692 -1.349244011 -1.000797185 0.019843615 -1.126036690 -0.874151682 0.000000000
542 606 1780458813.214122534 -1.088847738 -1.501366959 -0.301762644 -1.348122573 -0.991637852 0.020980234 -1.124649608 -0.861964862 0.000000000
543 607 1780458813.286375999 -1.091390328 -1.493454173 -0.302354591 -1.346602446 -0.982769969 0.022273072 -1.123630813 -0.853852454 0.000000000
544 608 1780458813.369887114 -1.096629874 -1.475102526 -0.305326037 -1.345435402 -0.962873701 0.023164434 -1.121961704 -0.841704070 0.000000000
545 609 1780458813.439742327 -1.096629874 -1.475102526 -0.305326037 -1.343131912 -0.962252473 0.023559171 -1.120755146 -0.833619808 0.000000000
546 610 1780458813.503160238 -1.100675937 -1.466357879 -0.308128252 -1.342849247 -0.951864590 0.022849169 -1.118804816 -0.821517422 0.000000000
547 611 1780458813.585007429 -1.102349472 -1.455060844 -0.311965169 -1.339679277 -0.939347775 0.021544045 -1.117411088 -0.813466344 0.000000000
548 612 1780458813.663476944 -1.106492470 -1.446535878 -0.313993310 -1.339978203 -0.929408535 0.021683821 -1.115165330 -0.801409998 0.000000000
549 613 1780458813.733483553 -1.108964223 -1.435944517 -0.315860408 -1.338204856 -0.917872442 0.022327576 -1.113535700 -0.793372515 0.000000000
550 614 1780458813.807538748 -1.112321692 -1.425127239 -0.320375427 -1.337181109 -0.905453216 0.020419536 -1.110889529 -0.781316112 0.000000000
551 615 1780458813.890351295 -1.114264496 -1.404211134 -0.326846805 -1.332562813 -0.883292294 0.018389002 -1.108992418 -0.773279810 0.000000000
552 616 1780458813.959489822 -1.114264496 -1.404211134 -0.326846805 -1.330683236 -0.882790133 0.018914654 -1.105949701 -0.761229678 0.000000000
553 617 1780458814.038655043 -1.114778130 -1.394723528 -0.328717823 -1.327224232 -0.872734442 0.019319622 -1.103791220 -0.753200487 0.000000000
554 618 1780458814.115823507 -1.114683215 -1.385477763 -0.330160717 -1.323231775 -0.863119123 0.020092416 -1.100360745 -0.741165303 0.000000000
555 619 1780458814.190092564 -1.115301430 -1.375119512 -0.332454574 -1.319672681 -0.852130244 0.020237246 -1.097946518 -0.733148866 0.000000000
556 620 1780458814.254513025 -1.116667709 -1.364459998 -0.336012078 -1.316743441 -0.840465272 0.019201733 -1.094136385 -0.721136898 0.000000000
557 621 1780458814.332727432 -1.114348170 -1.356456803 -0.337679067 -1.310976732 -0.833718711 0.019821283 -1.091471601 -0.713138606 0.000000000
558 622 1780458814.409332037 -1.115274070 -1.345927531 -0.342040926 -1.307764754 -0.823365218 0.018282793 -1.087289302 -0.701157765 0.000000000
559 623 1780458814.489134073 -1.116990952 -1.335780309 -0.346566331 -1.305403951 -0.813179269 0.016520848 -1.084378767 -0.693182781 0.000000000
560 624 1780458814.550016642 -1.116781507 -1.326337860 -0.348825587 -1.301377880 -0.804488206 0.016836871 -1.079831248 -0.681240658 0.000000000
561 625 1780458814.636770964 -1.117416079 -1.313190258 -0.354329529 -1.297294142 -0.791482128 0.014630951 -1.075067727 -0.669325289 0.000000000
562 626 1780458814.705796242 -1.116199081 -1.302854112 -0.356909611 -1.292088342 -0.782091975 0.014776352 -1.071773150 -0.661397848 0.000000000
563 627 1780458814.790649652 -1.118930256 -1.280965460 -0.362615120 -1.288187918 -0.760204426 0.013945488 -1.068384201 -0.653484193 0.000000000
564 628 1780458814.861989737 -1.118930256 -1.280965460 -0.362615120 -1.286450471 -0.760936092 0.014793298 -1.063125185 -0.641641177 0.000000000
565 629 1780458814.950704575 -1.119397111 -1.259691957 -0.367095344 -1.280516134 -0.740340358 0.015024734 -1.059502987 -0.633765207 0.000000000
566 630 1780458815.015370846 -1.119397111 -1.259691957 -0.367095344 -1.278164392 -0.739875186 0.015419584 -1.053896860 -0.621982106 0.000000000
567 631 1780458815.097653866 -1.120320015 -1.238034509 -0.373115035 -1.271926032 -0.717347886 0.013743316 -1.050045041 -0.614148308 0.000000000
568 632 1780458815.172008753 -1.120320015 -1.238034509 -0.373115035 -1.269574287 -0.716882730 0.014138168 -1.044097107 -0.602431876 0.000000000
569 633 1780458815.249222040 -1.118804823 -1.228355224 -0.374977386 -1.263617966 -0.707120118 0.014402760 -1.040023970 -0.594659132 0.000000000
570 634 1780458815.330013514 -1.116980336 -1.217085413 -0.377837157 -1.256982876 -0.695724683 0.013962517 -1.033788584 -0.583155910 0.000000000
571 635 1780458815.398554802 -1.120442333 -1.205418705 -0.381420689 -1.255394429 -0.682678906 0.012913770 -1.029572344 -0.575650831 0.000000000
572 636 1780458815.479061842 -1.117749126 -1.183549440 -0.387396673 -1.245521089 -0.660755093 0.011263944 -1.023114488 -0.564491244 0.000000000
573 637 1780458815.550275087 -1.117749126 -1.183549440 -0.387396673 -1.243169338 -0.660289973 0.011658803 -1.018706347 -0.557074939 0.000000000
574 638 1780458815.633441925 -1.113683552 -1.162382847 -0.392303992 -1.232120366 -0.639534347 0.010918505 -1.011940807 -0.545987157 0.000000000
575 639 1780458815.702501774 -1.113683552 -1.162382847 -0.392303992 -1.229768613 -0.639069240 0.011313366 -1.007328807 -0.538620647 0.000000000
576 640 1780458815.775246382 -1.112475387 -1.152389955 -0.394604156 -1.223995466 -0.628876244 0.011188209 -1.000259316 -0.527610413 0.000000000
577 641 1780458815.848420858 -1.110191013 -1.141772119 -0.396755561 -1.217036653 -0.618347049 0.011310624 -0.995445875 -0.520297488 0.000000000
578 642 1780458815.913880110 -1.108920864 -1.131405363 -0.398748096 -1.211752052 -0.609089696 0.011386483 -0.988076014 -0.509370457 0.000000000
579 643 1780458815.990384817 -1.107592488 -1.120993786 -0.401265235 -1.206384987 -0.599711649 0.010951455 -0.983075397 -0.502119680 0.000000000
580 644 1780458816.072394609 -1.102131955 -1.100115705 -0.405518153 -1.194655498 -0.580892580 0.010610585 -0.975520544 -0.491326628 0.000000000
581 645 1780458816.153101683 -1.102131955 -1.100115705 -0.405518153 -1.192933665 -0.581651987 0.010843426 -0.970411356 -0.484173029 0.000000000
582 646 1780458816.222484589 -1.099617593 -1.089745893 -0.408582029 -1.186405316 -0.572479580 0.009852031 -0.962602267 -0.473492070 0.000000000
583 647 1780458816.304018021 -1.097767264 -1.078482815 -0.410144896 -1.180384512 -0.562558460 0.010494968 -0.957299798 -0.466405245 0.000000000
584 648 1780458816.379849911 -1.095269948 -1.068683434 -0.411850250 -1.174046563 -0.554160153 0.010739277 -0.949202257 -0.455827181 0.000000000
585 649 1780458816.456742287 -1.092252596 -1.057539140 -0.415536740 -1.166843810 -0.544245986 0.009262206 -0.943708446 -0.448810767 0.000000000
586 650 1780458816.535977840 -1.089981791 -1.047008291 -0.417114466 -1.160577233 -0.535114945 0.009756562 -0.935325296 -0.438341033 0.000000000
587 651 1780458816.616462708 -1.089117365 -1.035191055 -0.420188845 -1.155355560 -0.524185857 0.009001696 -0.929641995 -0.431398642 0.000000000
588 652 1780458816.700111151 -1.082977675 -1.014460662 -0.425314713 -1.142995992 -0.505494109 0.007748288 -0.920975953 -0.421042640 0.000000000
589 653 1780458816.762923479 -1.082977675 -1.014460662 -0.425314713 -1.141207498 -0.505338646 0.008065725 -0.915104935 -0.414177865 0.000000000
590 654 1780458816.842370272 -1.080207408 -1.003474303 -0.428134309 -1.134244770 -0.494754572 0.007491054 -0.906158598 -0.403940973 0.000000000
591 655 1780458816.927589893 -1.077193981 -0.994146340 -0.429914089 -1.127433919 -0.485996155 0.007652800 -0.897045285 -0.393778125 0.000000000
592 656 1780458816.990645409 -1.075149066 -0.983878189 -0.431423480 -1.121368048 -0.476169860 0.008241709 -0.890877410 -0.387044981 0.000000000
593 657 1780458817.076229334 -1.067197615 -0.963347695 -0.434855435 -1.107231970 -0.457466466 0.008685009 -0.881487727 -0.377009829 0.000000000
594 658 1780458817.145966291 -1.067197615 -0.963347695 -0.434855435 -1.105443475 -0.457311021 0.009002449 -0.875136385 -0.370363606 0.000000000
595 659 1780458817.216703415 -1.062370620 -0.952822286 -0.437603245 -1.096543620 -0.447656682 0.008406618 -0.868712084 -0.363753154 0.000000000
596 660 1780458817.289955378 -1.057245416 -0.942562781 -0.439983652 -1.087418936 -0.438390041 0.008125915 -0.858939352 -0.353905803 0.000000000
597 661 1780458817.363891125 -1.053583610 -0.931591897 -0.442927799 -1.079536854 -0.428025079 0.007408540 -0.852333681 -0.347387293 0.000000000
598 662 1780458817.439269066 -1.048124299 -0.922858615 -0.444503388 -1.070442119 -0.420441916 0.007659395 -0.842289971 -0.337680558 0.000000000
599 663 1780458817.516021967 -1.041995379 -0.912822336 -0.447022490 -1.060365442 -0.411606595 0.007201009 -0.835504351 -0.331257597 0.000000000
600 664 1780458817.583915234 -1.036423639 -0.901957170 -0.449501552 -1.050644061 -0.401861935 0.006920323 -0.825191747 -0.321696903 0.000000000
601 665 1780458817.662253618 -1.032602671 -0.890336688 -0.451892628 -1.042458062 -0.391016640 0.006848994 -0.818227537 -0.315373122 0.000000000
602 666 1780458817.748882532 -1.027276982 -0.880309489 -0.454475587 -1.034322317 -0.383449848 0.006687483 -0.807648034 -0.305963937 0.000000000
603 667 1780458817.831727743 -1.022295826 -0.870226793 -0.457099126 -1.026506753 -0.375746746 0.006490742 -0.800506535 -0.299742996 0.000000000
604 668 1780458817.894407272 -1.016012114 -0.859644829 -0.459899197 -1.017302693 -0.367831920 0.006203001 -0.789662039 -0.290490841 0.000000000
605 669 1780458817.975739002 -1.010106366 -0.849031076 -0.462457468 -1.008468020 -0.359841895 0.006154074 -0.782344495 -0.284376441 0.000000000
606 670 1780458818.045650005 -1.005782480 -0.838761974 -0.465263065 -1.001239561 -0.351785716 0.005795679 -0.771236831 -0.275286898 0.000000000
607 671 1780458818.114629507 -1.000255751 -0.827843225 -0.468131774 -0.992690683 -0.343369706 0.005482355 -0.763744430 -0.269282786 0.000000000
608 672 1780458818.199497223 -0.993845248 -0.817838276 -0.470477307 -0.983505015 -0.336117814 0.005531516 -0.752375342 -0.260361512 0.000000000
609 673 1780458818.263530016 -0.987630004 -0.807335437 -0.473648232 -0.974363722 -0.328212235 0.004844795 -0.744709218 -0.254471486 0.000000000
610 674 1780458818.349672794 -0.980979634 -0.797002403 -0.475661322 -0.964882206 -0.320755835 0.005269184 -0.733080370 -0.245724227 0.000000000
611 675 1780458818.429020166 -0.974917072 -0.785289468 -0.479427859 -0.955592348 -0.311561392 0.004185723 -0.725241608 -0.239952148 0.000000000
612 676 1780458818.513488293 -0.962489510 -0.763447229 -0.484483339 -0.937782860 -0.293880894 0.003510346 -0.713354585 -0.231384745 0.000000000
613 677 1780458818.584743738 -0.962489510 -0.763447229 -0.484483339 -0.935853523 -0.294475455 0.003981500 -0.705344218 -0.225734545 0.000000000
614 678 1780458818.674273729 -0.950512756 -0.743019398 -0.489250409 -0.917479337 -0.277427105 0.003126737 -0.689118545 -0.214584400 0.000000000
615 679 1780458818.727738380 -0.950512756 -0.743019398 -0.489250409 -0.915550004 -0.278021677 0.003597893 -0.685019543 -0.211828640 0.000000000
616 680 1780458818.822533131 -0.936830477 -0.722738534 -0.493416332 -0.895547301 -0.261627063 0.003298665 -0.672620632 -0.203638936 0.000000000
617 681 1780458818.889594316 -0.936830477 -0.722738534 -0.493416332 -0.893617972 -0.262221646 0.003769823 -0.664269953 -0.198244609 0.000000000
618 682 1780458818.971086264 -0.931044665 -0.711292321 -0.495992392 -0.883348889 -0.252760270 0.003567520 -0.651617181 -0.190253011 0.000000000
619 683 1780458819.051408052 -0.924921225 -0.700632597 -0.498679250 -0.872919308 -0.244121461 0.003124716 -0.643097698 -0.184992864 0.000000000
620 684 1780458819.131966114 -0.917797283 -0.690017340 -0.501078758 -0.861531866 -0.235809495 0.002956374 -0.630192356 -0.177205743 0.000000000
621 685 1780458819.207257748 -0.909903655 -0.678631666 -0.503614642 -0.849207018 -0.226923604 0.002774247 -0.621504905 -0.172084079 0.000000000
622 686 1780458819.284317255 -0.902251310 -0.668612276 -0.505593476 -0.837447585 -0.219386575 0.002917337 -0.608348212 -0.164507977 0.000000000
623 687 1780458819.361240149 -0.894380902 -0.657856478 -0.508152697 -0.825276701 -0.211111590 0.002600740 -0.599493582 -0.159529217 0.000000000
624 688 1780458819.431510210 -0.886521511 -0.647639306 -0.510782276 -0.813232504 -0.203347652 0.002123792 -0.586086684 -0.152170863 0.000000000
625 689 1780458819.508549452 -0.878551183 -0.635925584 -0.514617480 -0.800677966 -0.193996504 0.000689102 -0.572530183 -0.144946472 0.000000000
626 690 1780458819.589586973 -0.870633426 -0.625584936 -0.516638577 -0.788819916 -0.186619244 0.000674418 -0.563409587 -0.140205890 0.000000000
627 691 1780458819.661609888 -0.863702242 -0.616205366 -0.518175023 -0.778161006 -0.180008338 0.000979477 -0.554222771 -0.135526743 0.000000000
628 692 1780458819.728232622 -0.856428279 -0.606408566 -0.519499495 -0.767076786 -0.173114584 0.001556509 -0.540318611 -0.128624915 0.000000000
629 693 1780458819.815054893 -0.847575501 -0.596095469 -0.521930392 -0.754290334 -0.165937278 0.001122275 -0.530966690 -0.124102778 0.000000000
630 694 1780458819.880155802 -0.840467066 -0.586315888 -0.523864644 -0.743340027 -0.158935803 0.001085536 -0.516815325 -0.117440204 0.000000000
631 695 1780458819.954845905 -0.832781018 -0.577873060 -0.525126204 -0.732167367 -0.153459885 0.001502168 -0.507298890 -0.113080104 0.000000000
632 696 1780458820.041334391 -0.825148453 -0.567613031 -0.527711695 -0.720562555 -0.146032597 0.000889985 -0.492901169 -0.106664466 0.000000000
633 697 1780458820.108422756 -0.816215088 -0.557221561 -0.530580206 -0.707649310 -0.138752628 0.000017946 -0.483220760 -0.102471622 0.000000000
634 698 1780458820.190478563 -0.808388634 -0.548426013 -0.531905308 -0.696246867 -0.132973482 0.000415909 -0.468577453 -0.096310898 0.000000000
635 699 1780458820.260834455 -0.799832028 -0.538756396 -0.534427291 -0.683878250 -0.126356535 -0.000235427 -0.458733558 -0.092290736 0.000000000
636 700 1780458820.343186140 -0.790526713 -0.529071774 -0.537184230 -0.670767308 -0.119874791 -0.001118685 -0.443845354 -0.086393234 0.000000000
637 701 1780458820.414574146 -0.782400755 -0.519610538 -0.539271499 -0.659566698 -0.113466415 -0.001306941 -0.433838404 -0.082551408 0.000000000
638 702 1780458820.493528366 -0.773795017 -0.510689555 -0.540410600 -0.648064094 -0.107836216 -0.000644506 -0.418705909 -0.076925794 0.000000000
639 703 1780458820.562704802 -0.764745501 -0.501552544 -0.542659049 -0.636032963 -0.101946381 -0.001048950 -0.408536278 -0.073268209 0.000000000
640 704 1780458820.632287502 -0.755613733 -0.491619641 -0.545390805 -0.623710488 -0.095246520 -0.001814767 -0.398301668 -0.069686035 0.000000000
641 705 1780458820.716041088 -0.735990814 -0.472862583 -0.550487516 -0.599003360 -0.082285200 -0.003557244 -0.382828013 -0.064456377 0.000000000
642 706 1780458820.793044567 -0.735990814 -0.472862583 -0.550487516 -0.598021235 -0.083302582 -0.003158984 -0.369581676 -0.060188015 0.000000000
643 707 1780458820.877653599 -0.727528565 -0.466861482 -0.550690981 -0.587382934 -0.080592128 -0.002035654 -0.356999160 -0.056250864 0.000000000
644 708 1780458820.944302082 -0.718362716 -0.460024435 -0.552708251 -0.575789161 -0.076991204 -0.002581553 -0.348558979 -0.053690470 0.000000000
645 709 1780458821.018950701 -0.709011859 -0.454159524 -0.553511336 -0.564295706 -0.074547244 -0.002075917 -0.340077344 -0.051182237 0.000000000
646 710 1780458821.085648060 -0.700516853 -0.445660929 -0.556494617 -0.552911816 -0.069058051 -0.003338591 -0.327277189 -0.047518954 0.000000000
647 711 1780458821.166465759 -0.691366872 -0.438849062 -0.558051608 -0.541353122 -0.065555567 -0.003444903 -0.318691964 -0.045143670 0.000000000
648 712 1780458821.240979671 -0.681816315 -0.432104363 -0.559803008 -0.532058070 -0.061350184 -0.002182059 -0.305736458 -0.041682611 0.000000000
649 713 1780458821.313592196 -0.672872614 -0.421631423 -0.563228877 -0.522381720 -0.053189144 -0.002033784 -0.297671249 -0.039635313 0.000000000
650 714 1780458821.399483681 -0.664216013 -0.415935332 -0.564731506 -0.514212744 -0.049818821 -0.000695771 -0.287850805 -0.037178311 0.000000000
651 715 1780458821.473442078 -0.656663609 -0.411232895 -0.566276069 -0.507352577 -0.047129421 0.000447138 -0.277977940 -0.034792755 0.000000000
652 716 1780458821.543627977 -0.649951248 -0.407821203 -0.566599304 -0.501665516 -0.045647719 0.002603666 -0.271366906 -0.033242537 0.000000000
653 717 1780458821.622604370 -0.642495314 -0.402077588 -0.568831743 -0.494615983 -0.041851071 0.003205429 -0.261406662 -0.030978142 0.000000000
654 718 1780458821.695792437 -0.630040456 -0.399147179 -0.571522344 -0.483396700 -0.041934029 0.002942322 -0.254737366 -0.029509585 0.000000000
655 719 1780458821.763710499 -0.622530360 -0.392246349 -0.575314028 -0.475950583 -0.036836662 0.002154365 -0.248044759 -0.028074200 0.000000000
656 720 1780458821.848808289 -0.615721802 -0.386512236 -0.576798576 -0.469551520 -0.033009674 0.003475550 -0.237963230 -0.025983485 0.000000000
657 721 1780458821.936220884 -0.606683421 -0.379890845 -0.580997748 -0.460677021 -0.028520138 0.002228136 -0.227877413 -0.023966830 0.000000000
658 722 1780458822.003762722 -0.599466891 -0.372252959 -0.584586322 -0.453333683 -0.022692218 0.001723464 -0.221210178 -0.022663195 0.000000000
659 723 1780458822.082541466 -0.591390377 -0.367217230 -0.586470022 -0.445861257 -0.019814276 0.002529827 -0.211347202 -0.020768062 0.000000000
660 724 1780458822.166208267 -0.583596629 -0.362853735 -0.588512697 -0.438823664 -0.017493797 0.003078365 -0.204531178 -0.019549753 0.000000000
661 725 1780458822.237254858 -0.576464807 -0.355451676 -0.592288213 -0.431607914 -0.011865877 0.002331672 -0.199580310 -0.018711178 0.000000000
662 726 1780458822.322389603 -0.569340555 -0.348711775 -0.595280691 -0.424589083 -0.006983377 0.002260273 -0.192703268 -0.017552347 0.000000000
663 727 1780458822.398402214 -0.565569129 -0.344745058 -0.596241345 -0.419842885 -0.004582917 0.002760008 -0.188106220 -0.016799152 0.000000000
664 728 1780458822.468229771 -0.559680576 -0.342619257 -0.597290251 -0.413509121 -0.004474623 0.002907857 -0.181441750 -0.015691703 0.000000000
665 729 1780458822.548898458 -0.562218829 -0.337398956 -0.598906039 -0.414524343 0.000815395 0.002945318 -0.177340633 -0.014962072 0.000000000
666 730 1780458822.630959272 -0.556849011 -0.334888879 -0.600237294 -0.408585937 0.001454181 0.002861851 -0.171757425 -0.013875880 0.000000000
667 731 1780458822.698468924 -0.552744153 -0.332668507 -0.600633389 -0.403972638 0.002011576 0.003667438 -0.168444435 -0.013154309 0.000000000
668 732 1780458822.783484221 -0.550318018 -0.330201296 -0.602157478 -0.400884273 0.003381462 0.003393274 -0.163690086 -0.012087191 0.000000000
669 733 1780458822.861269474 -0.545118713 -0.330597127 -0.604651944 -0.395815702 0.001422858 0.001757889 -0.160516081 -0.011389349 0.000000000
670 734 1780458822.941876650 -0.539344575 -0.327015046 -0.608482420 -0.389137327 0.003295478 -0.000673658 -0.155745156 -0.010356241 0.000000000
671 735 1780458823.013281345 -0.535548857 -0.323275179 -0.610243679 -0.384391331 0.005554947 -0.001027819 -0.152560651 -0.009681812 0.000000000
672 736 1780458823.095469236 -0.534901924 -0.322904588 -0.609968099 -0.383610202 0.005135204 0.000203964 -0.147778435 -0.008692153 0.000000000
673 737 1780458823.160215616 -0.532672717 -0.322632884 -0.611527458 -0.381273046 0.004447190 -0.000405278 -0.144586724 -0.008047054 0.000000000
674 738 1780458823.244732857 -0.529513396 -0.322152920 -0.610841155 -0.378048483 0.003428198 0.001232841 -0.139793930 -0.007101442 0.000000000
675 739 1780458823.315794468 -0.522522816 -0.320555395 -0.612868573 -0.370759278 0.002828450 0.000301966 -0.136598939 -0.006492418 0.000000000
676 740 1780458823.397243738 -0.520165859 -0.318443946 -0.615406315 -0.367797733 0.003985869 -0.001042597 -0.131803791 -0.005605420 0.000000000
677 741 1780458823.481188297 -0.513586942 -0.317079010 -0.616620308 -0.360990130 0.003158637 -0.001200200 -0.127002352 -0.004744331 0.000000000
678 742 1780458823.552142382 -0.511941002 -0.313830929 -0.616795690 -0.358483592 0.005287664 -0.000056127 -0.123797943 -0.004184616 0.000000000
679 743 1780458823.632243395 -0.510189747 -0.312938828 -0.617097805 -0.356483971 0.005149016 0.000658670 -0.120590808 -0.003636341 0.000000000
680 744 1780458823.716913700 -0.503516281 -0.308948543 -0.619461517 -0.348871688 0.006939957 -0.000315533 -0.115775056 -0.002835320 0.000000000
681 745 1780458823.781444550 -0.501249857 -0.307478643 -0.619682552 -0.346225770 0.007206723 0.000546468 -0.112561229 -0.002315525 0.000000000
682 746 1780458823.863382101 -0.494204033 -0.309337329 -0.620355826 -0.339829068 0.003085050 0.000504269 -0.107735572 -0.001557094 0.000000000
683 747 1780458823.944128513 -0.485440764 -0.307868944 -0.621139715 -0.330901717 0.001703883 0.000752625 -0.102904104 -0.000824096 0.000000000
684 748 1780458824.015678883 -0.481695057 -0.304704192 -0.622189395 -0.326361454 0.003298382 0.000985328 -0.099679945 -0.000349517 0.000000000
685 749 1780458824.100597858 -0.478624936 -0.302642644 -0.622253180 -0.322786815 0.003894171 0.002062944 -0.094839009 0.000341284 0.000000000
686 750 1780458824.173259735 -0.473901214 -0.297350317 -0.624934201 -0.316700684 0.007455878 0.000922150 -0.091608630 0.000787811 0.000000000
687 751 1780458824.260313988 -0.468569737 -0.296004332 -0.626317236 -0.311024938 0.006838566 0.000486726 -0.086758505 0.001436647 0.000000000
688 752 1780458824.324968100 -0.465604646 -0.294665426 -0.627528048 -0.307636580 0.006820007 0.000240915 -0.083522107 0.001855250 0.000000000
689 753 1780458824.412603617 -0.461843966 -0.289365153 -0.627415211 -0.302459495 0.010219349 0.001776561 -0.078663842 0.002461130 0.000000000
690 754 1780458824.479230881 -0.460336609 -0.285626127 -0.629140311 -0.299825421 0.012941676 0.001317913 -0.075422777 0.002850124 0.000000000
691 755 1780458824.560663700 -0.457718502 -0.285144969 -0.629721919 -0.297014636 0.012114967 0.001593077 -0.072179993 0.003227167 0.000000000
692 756 1780458824.629684448 -0.454338837 -0.283568482 -0.631575273 -0.293149738 0.012278226 0.000726254 -0.067312705 0.003770310 0.000000000
693 757 1780458824.705121040 -0.449050269 -0.282179517 -0.633297059 -0.287499490 0.011731475 -0.000053699 -0.064065845 0.004117447 0.000000000
694 758 1780458824.784192085 -0.445787398 -0.281578032 -0.635418380 -0.284003569 0.011018877 -0.001303329 -0.059192680 0.004615698 0.000000000
695 759 1780458824.865805864 -0.440809942 -0.277945821 -0.637527290 -0.278042906 0.012737763 -0.002208796 -0.055942059 0.004932887 0.000000000
696 760 1780458824.940109015 -0.439690370 -0.275951038 -0.637021044 -0.276291191 0.013630412 -0.000666992 -0.051063490 0.005386185 0.000000000
697 761 1780458825.015775204 -0.437496464 -0.273674721 -0.637463346 -0.273408983 0.014608880 -0.000048878 -0.047809425 0.005673386 0.000000000
698 762 1780458825.102572203 -0.433659880 -0.275690276 -0.637626720 -0.270111026 0.011006459 0.000336645 -0.042925925 0.006081675 0.000000000
699 763 1780458825.166422844 -0.430219046 -0.272522230 -0.640708510 -0.265734163 0.012791779 -0.001585609 -0.039668732 0.006338851 0.000000000
700 764 1780458825.244543314 -0.424558789 -0.269286172 -0.643831205 -0.259202327 0.014039467 -0.003570591 -0.034780779 0.006702076 0.000000000
701 765 1780458825.318722486 -0.421105367 -0.269246092 -0.644764775 -0.255704366 0.012586023 -0.003714408 -0.031520775 0.006929194 0.000000000
702 766 1780458825.399534225 -0.417355754 -0.268190878 -0.645636880 -0.251646807 0.012012954 -0.003689035 -0.026628843 0.007247309 0.000000000
703 767 1780458825.477866173 -0.412873109 -0.264970173 -0.648143694 -0.246263734 0.013485625 -0.005060426 -0.023366346 0.007444338 0.000000000
704 768 1780458825.545697212 -0.405969585 -0.263206944 -0.649622127 -0.238969228 0.012786844 -0.005603939 -0.018470913 0.007717297 0.000000000
705 769 1780458825.626144409 -0.404312540 -0.261168459 -0.648925589 -0.236682534 0.013550241 -0.003890142 -0.013573608 0.007963144 0.000000000
706 770 1780458825.693399906 -0.401946812 -0.258256461 -0.650107192 -0.233441688 0.015155122 -0.003960116 -0.010307783 0.008111972 0.000000000
707 771 1780458825.775107145 -0.396969597 -0.257178444 -0.650554023 -0.228206351 0.014208450 -0.003534568 -0.005407742 0.008312601 0.000000000
708 772 1780458825.842384815 -0.391216237 -0.256044118 -0.650256876 -0.222221920 0.013019812 -0.002375983 -0.002140252 0.008431274 0.000000000
709 773 1780458825.910631180 -0.380198757 -0.252019644 -0.654374499 -0.210310718 0.013602179 -0.005376501 0.001127814 0.008537877 0.000000000
710 774 1780458825.998604059 -0.377027632 -0.249295988 -0.655434890 -0.206347111 0.014783349 -0.005368200 0.006030882 0.008675148 0.000000000
711 775 1780458826.065719843 -0.373483178 -0.246208391 -0.658147065 -0.201755939 0.015585049 -0.007064764 0.009300167 0.008751567 0.000000000
712 776 1780458826.149182558 -0.366941655 -0.241776652 -0.660433594 -0.193919288 0.016791710 -0.008245964 0.014204822 0.008843548 0.000000000
713 777 1780458826.214181423 -0.362639612 -0.241662527 -0.660965437 -0.189458523 0.014311879 -0.008098903 0.017475004 0.008889766 0.000000000
714 778 1780458826.293517828 -0.357788576 -0.238856622 -0.663443945 -0.183695045 0.014448075 -0.009621840 0.022380767 0.008936434 0.000000000
715 779 1780458826.381842375 -0.353925255 -0.235553563 -0.663750037 -0.178770979 0.015108713 -0.008921204 0.027286962 0.008955906 0.000000000
716 780 1780458826.445508242 -0.353925255 -0.235553563 -0.663750037 -0.178481625 0.013660379 -0.008192055 0.030557915 0.008953775 0.000000000
717 781 1780458826.528991461 -0.349802829 -0.233207925 -0.663717983 -0.173579131 0.013296552 -0.007262397 0.035464448 0.008927907 0.000000000
718 782 1780458826.599227667 -0.343693202 -0.231593066 -0.664864837 -0.166959042 0.011796045 -0.007614734 0.038735465 0.008895545 0.000000000
719 783 1780458826.670003653 -0.340948007 -0.231076618 -0.663957615 -0.163900538 0.009980675 -0.005978431 0.041972863 0.008833374 0.000000000
720 784 1780458826.761974812 -0.332434889 -0.226766907 -0.665428475 -0.154214440 0.010404732 -0.006434779 0.046846927 0.008707706 0.000000000
721 785 1780458826.818554401 -0.332434889 -0.226766907 -0.665428475 -0.153925094 0.008956397 -0.005705629 0.050095926 0.008608386 0.000000000
722 786 1780458826.902674198 -0.335685883 -0.222146155 -0.664498988 -0.155462688 0.012741550 -0.003542205 0.054968927 0.008436350 0.000000000
723 787 1780458826.985417366 -0.328414535 -0.222635551 -0.666978294 -0.148311564 0.009021139 -0.005461191 0.058217404 0.008306540 0.000000000
724 788 1780458827.087596178 -0.323788903 -0.220783279 -0.668187867 -0.143050650 0.008153971 -0.005843872 0.063090271 0.008089769 0.000000000
725 789 1780458827.173022032 -0.320741245 -0.216758847 -0.668094545 -0.138700444 0.009676503 -0.004694840 0.067964467 0.007847932 0.000000000
726 790 1780458827.256143570 -0.317277347 -0.214033397 -0.668915414 -0.134310128 0.009928699 -0.004590722 0.071215828 0.007674089 0.000000000
727 791 1780458827.345192194 -0.311952966 -0.213029372 -0.668998501 -0.128629878 0.007938617 -0.003954272 0.076098853 0.007397782 0.000000000
728 792 1780458827.436536312 -0.307880710 -0.208807265 -0.668803194 -0.123237973 0.009345542 -0.002716337 0.079361231 0.007206396 0.000000000
729 793 1780458827.518376350 -0.307394778 -0.205551746 -0.670211277 -0.121546494 0.010999252 -0.003095575 0.082626801 0.007006879 0.000000000
730 794 1780458827.604609966 -0.300194918 -0.204157046 -0.670772061 -0.113954860 0.008887701 -0.002944525 0.087523686 0.006684937 0.000000000
731 795 1780458827.690133333 -0.296563536 -0.201597210 -0.672353589 -0.109445065 0.008996475 -0.003631008 0.092418651 0.006335802 0.000000000
732 796 1780458827.774706364 -0.291449462 -0.199874015 -0.672580021 -0.103761299 0.007755541 -0.003079229 0.095680809 0.006087941 0.000000000
733 797 1780458827.855161905 -0.291235489 -0.196621575 -0.673402917 -0.102331983 0.009425141 -0.002879415 0.098941985 0.005828000 0.000000000
734 798 1780458827.946724892 -0.287191842 -0.192282401 -0.672831829 -0.097085818 0.010593477 -0.002139430 0.103831795 0.005415444 0.000000000
735 799 1780458828.020809650 -0.281838679 -0.189706834 -0.674738767 -0.091079177 0.009932607 -0.004056909 0.108719104 0.004975722 0.000000000
736 800 1780458828.108294487 -0.276186368 -0.183426160 -0.675158671 -0.083728667 0.012581299 -0.004172839 0.111975835 0.004667487 0.000000000
737 801 1780458828.164824486 -0.276186368 -0.183426160 -0.675158671 -0.083597233 0.010819035 -0.004302805 0.115231326 0.004347186 0.000000000
738 802 1780458828.250688076 -0.273401874 -0.180652134 -0.672036612 -0.080011300 0.010619213 -0.001143231 0.120112123 0.003844119 0.000000000
739 803 1780458828.329635859 -0.267084754 -0.177404477 -0.674510922 -0.072888142 0.010366360 -0.003599758 0.123364286 0.003493670 0.000000000
740 804 1780458828.404236555 -0.263782867 -0.172957608 -0.675899472 -0.068310112 0.012022196 -0.004801863 0.128239851 0.002945399 0.000000000
741 805 1780458828.473106146 -0.261902228 -0.170396302 -0.675793707 -0.065639551 0.012152249 -0.004648626 0.131488365 0.002564826 0.000000000
742 806 1780458828.543188810 -0.259132301 -0.165560879 -0.675483872 -0.061460992 0.014176078 -0.004118288 0.136358213 0.001971390 0.000000000
743 807 1780458828.620084763 -0.251042839 -0.162959803 -0.676106765 -0.052832721 0.012621206 -0.004842829 0.139602754 0.001560722 0.000000000
744 808 1780458828.700566530 -0.246705467 -0.159731364 -0.675617488 -0.047616262 0.012643904 -0.004316078 0.144466402 0.000922165 0.000000000
745 809 1780458828.767718792 -0.239733862 -0.159060081 -0.676011515 -0.040616991 0.009546882 -0.004956107 0.147706648 0.000481432 0.000000000
746 810 1780458828.844226599 -0.235314701 -0.156613470 -0.676453507 -0.035547082 0.008881368 -0.005430535 0.152563610 -0.000202197 0.000000000
747 811 1780458828.914888620 -0.230424384 -0.156096607 -0.676191613 -0.030585469 0.006176760 -0.005381352 0.155799239 -0.000672961 0.000000000
748 812 1780458829.012220621 -0.225092959 -0.149139402 -0.679036537 -0.023334786 0.009756786 -0.007897996 0.160649032 -0.001401609 0.000000000
749 813 1780458829.061970234 -0.225092959 -0.149139402 -0.679036537 -0.023203376 0.007994520 -0.008027961 0.163879720 -0.001902367 0.000000000
750 814 1780458829.155698061 -0.219940296 -0.140070735 -0.677970799 -0.015505370 0.013292563 -0.006477134 0.168721861 -0.002675976 0.000000000
751 815 1780458829.221690178 -0.219940296 -0.140070735 -0.677970799 -0.015373963 0.011530297 -0.006607099 0.171567728 -0.003154874 0.000000000
752 816 1780458829.301697016 -0.216096534 -0.139429607 -0.677746978 -0.011378177 0.009245876 -0.006565133 0.173990538 -0.003560728 0.000000000
753 817 1780458829.380803585 -0.214612645 -0.136546626 -0.678459411 -0.008989130 0.009862738 -0.007208766 0.175601710 -0.003834435 0.000000000
754 818 1780458829.464746237 -0.213892772 -0.136574621 -0.677846957 -0.008175682 0.007812124 -0.006750708 0.178017409 -0.004250602 0.000000000
755 819 1780458829.552363873 -0.214789305 -0.133069566 -0.676567487 -0.007875554 0.009540856 -0.005296160 0.180431819 -0.004673495 0.000000000
756 820 1780458829.632466793 -0.212583523 -0.133157597 -0.674435926 -0.005653061 0.006871389 -0.003371593 0.182040698 -0.004959158 0.000000000
757 821 1780458829.696016312 -0.209008983 -0.131602271 -0.672005266 -0.001639699 0.005344711 -0.001056288 0.183648987 -0.005247807 0.000000000
758 822 1780458829.779696465 -0.210301355 -0.134122833 -0.669512817 -0.003471018 0.001344962 0.001132613 0.186060302 -0.005686380 0.000000000
759 823 1780458829.853595495 -0.207510321 -0.131330684 -0.670084324 0.000143709 0.001478941 0.000574530 0.187667421 -0.005983164 0.000000000
760 824 1780458829.948527813 -0.201424418 -0.132439843 -0.669017652 0.005643075 -0.001441324 0.001371562 0.190078247 -0.006436558 0.000000000
761 825 1780458830.020477772 -0.201424418 -0.132439843 -0.669017652 0.005643075 -0.001441324 0.001371562 0.191685551 -0.006744287 0.000000000
762 826 1780458830.090532541 -0.202598808 -0.132236883 -0.666477336 0.004591816 -0.001119753 0.003953235 0.194096617 -0.007214059 0.000000000
763 827 1780458830.183121443 -0.199633310 -0.131806024 -0.665436889 0.007558449 -0.001661041 0.004937332 0.196507790 -0.007693618 0.000000000
764 828 1780458830.243018627 -0.199633310 -0.131806024 -0.665436889 0.007558449 -0.001661041 0.004937332 0.198115285 -0.008018746 0.000000000
765 829 1780458830.326264381 -0.199055157 -0.129088572 -0.663138067 0.008918057 0.000566181 0.007426175 0.199722807 -0.008348203 0.000000000
766 830 1780458830.396014690 -0.194740480 -0.130625397 -0.662663831 0.012595782 -0.002195528 0.007650838 0.202134125 -0.008850486 0.000000000
767 831 1780458830.463665009 -0.197122708 -0.126463859 -0.662185432 0.011538953 0.002423812 0.008526675 0.203729537 -0.009188642 0.000000000
768 832 1780458830.543187857 -0.195086552 -0.127483819 -0.661933147 0.013188358 0.000837299 0.008637751 0.203832070 -0.009211046 0.000000000
769 833 1780458830.610090971 -0.191953447 -0.123181558 -0.662690041 0.017440295 0.004087598 0.008132508 0.203832070 -0.009211046 0.000000000
770 834 1780458830.689827919 -0.192839047 -0.121778189 -0.661675514 0.017009356 0.005597427 0.009280423 0.203832070 -0.009211046 0.000000000
771 835 1780458830.752315998 -0.193744617 -0.121122032 -0.661326110 0.016337318 0.006457116 0.009707016 0.203832070 -0.009211046 0.000000000
772 836 1780458830.819355011 -0.194673359 -0.119817710 -0.659503908 0.015840004 0.007817079 0.011653144 0.203832070 -0.009211046 0.000000000
773 837 1780458830.905176640 -0.195434579 -0.119512886 -0.658251807 0.015207441 0.008223862 0.012947178 0.203832070 -0.009211046 0.000000000
774 838 1780458831.013990164 -0.196680344 -0.119623550 -0.657708839 0.013986502 0.008435689 0.013515889 0.203832070 -0.009211046 0.000000000
775 839 1780458831.067645550 -0.198304492 -0.118401580 -0.657181990 0.012793938 0.010028977 0.014185108 0.203832070 -0.009211046 0.000000000
776 840 1780458831.130736828 -0.200228047 -0.116728803 -0.655874492 0.011450856 0.012073303 0.015676640 0.203832070 -0.009211046 0.000000000
777 841 1780458831.203561306 -0.202159805 -0.114845883 -0.654047983 0.010163961 0.014276526 0.017702206 0.203832070 -0.009211046 0.000000000
778 842 1780458831.275683641 -0.203645819 -0.113166806 -0.652530888 0.009242087 0.016181690 0.019390286 0.203832070 -0.009211046 0.000000000
779 843 1780458831.346662998 -0.203518101 -0.111046603 -0.650806322 0.009993358 0.018019454 0.021272814 0.203832070 -0.009211046 0.000000000
780 844 1780458831.441493273 -0.204264202 -0.110309574 -0.650246937 0.009498487 0.018892041 0.021910377 0.203832070 -0.009211046 0.000000000
781 845 1780458831.495290041 -0.206055615 -0.108061387 -0.648836124 0.008450750 0.021437450 0.023546543 0.203832070 -0.009211046 0.000000000
782 846 1780458831.569259167 -0.206865016 -0.107467666 -0.648496174 0.007852335 0.022210416 0.023955961 0.203832070 -0.009211046 0.000000000
783 847 1780458831.643283606 -0.208880516 -0.105546788 -0.647051678 0.006494651 0.024506403 0.025606332 0.203832070 -0.009211046 0.000000000
784 848 1780458831.714591503 -0.210214234 -0.104101321 -0.645586144 0.005649738 0.026148927 0.027220086 0.203832070 -0.009211046 0.000000000
785 849 1780458831.784629822 -0.211637174 -0.102380522 -0.645565871 0.004793199 0.028201592 0.027418143 0.203832070 -0.009211046 0.000000000
786 850 1780458831.860803366 -0.211738897 -0.101750271 -0.644859023 0.004883891 0.028772229 0.028175339 0.203832070 -0.009211046 0.000000000
787 851 1780458831.939403534 -0.213709777 -0.100479971 -0.644016169 0.003375468 0.030485984 0.029173405 0.203832070 -0.009211046 0.000000000
788 852 1780458832.005968094 -0.214588285 -0.097852032 -0.643593009 0.003307067 0.033210444 0.029828801 0.203832070 -0.009211046 0.000000000
789 853 1780458832.083268404 -0.215261426 -0.096271257 -0.642079506 0.003133618 0.034785361 0.031481742 0.203832070 -0.009211046 0.000000000
790 854 1780458832.151190042 -0.217068160 -0.094375476 -0.640034970 0.001971079 0.036946035 0.033721919 0.203832070 -0.009211046 0.000000000
791 855 1780458832.231570005 -0.217341587 -0.092884553 -0.638636014 0.002152955 0.038328505 0.035241914 0.203832070 -0.009211046 0.000000000
792 856 1780458832.317868233 -0.218090450 -0.091356669 -0.637097889 0.001891734 0.039873015 0.036917417 0.203832070 -0.009211046 0.000000000
793 857 1780458832.390724421 -0.217819257 -0.090640332 -0.635977988 0.002366184 0.040382205 0.038082100 0.203832070 -0.009211046 0.000000000
794 858 1780458832.453237057 -0.219987757 -0.089154115 -0.634973639 0.000732810 0.042345684 0.039263959 0.203832070 -0.009211046 0.000000000
795 859 1780458832.523476839 -0.220784987 -0.088555325 -0.634285879 0.000149188 0.043090628 0.040019990 0.203832070 -0.009211046 0.000000000
796 860 1780458832.595544100 -0.221812380 -0.087858971 -0.633021978 -0.000623166 0.043947062 0.041364564 0.203832070 -0.009211046 0.000000000
797 861 1780458832.695360184 -0.223089922 -0.086376925 -0.631542230 -0.001403588 0.045606875 0.042993733 0.203832070 -0.009211046 0.000000000
798 862 1780458832.727969170 -0.223089922 -0.086376925 -0.631542230 -0.001403588 0.045606875 0.042993733 0.203832070 -0.009211046 0.000000000
799 863 1780458832.810732365 -0.224333983 -0.085644997 -0.629892349 -0.002370838 0.046527822 0.044732064 0.203832070 -0.009211046 0.000000000
800 864 1780458832.898959637 -0.225000376 -0.085077078 -0.629437083 -0.002839517 0.047224812 0.045250161 0.203832070 -0.009211046 0.000000000
801 865 1780458832.962952614 -0.226108248 -0.083333029 -0.627690974 -0.003379705 0.049062395 0.047160519 0.203832070 -0.009211046 0.000000000
802 866 1780458833.045039415 -0.226407366 -0.082139497 -0.626880445 -0.003312306 0.050218557 0.048071396 0.203832070 -0.009211046 0.000000000
803 867 1780458833.120423317 -0.227289447 -0.080416751 -0.625591582 -0.003645038 0.052008571 0.049517848 0.203832070 -0.009211046 0.000000000
804 868 1780458833.203677654 -0.229559490 -0.078350105 -0.624264176 -0.005203980 0.054527499 0.051070534 0.203832070 -0.009211046 0.000000000
805 869 1780458833.276687622 -0.231586073 -0.076511888 -0.622743614 -0.006596102 0.056741538 0.052790480 0.203832070 -0.009211046 0.000000000
806 870 1780458833.344339848 -0.233416999 -0.075953230 -0.621560357 -0.008177465 0.057707717 0.054067301 0.203832070 -0.009211046 0.000000000
807 871 1780458833.415744305 -0.234503838 -0.075287784 -0.620003109 -0.009014302 0.058527306 0.055703467 0.203832070 -0.009211046 0.000000000
808 872 1780458833.485445261 -0.236311724 -0.074027911 -0.618797589 -0.010368189 0.060153069 0.057057312 0.203832070 -0.009211046 0.000000000
809 873 1780458833.557707071 -0.237509651 -0.072799057 -0.617402319 -0.011147034 0.061555538 0.058579931 0.203832070 -0.009211046 0.000000000
810 874 1780458833.625643492 -0.238826821 -0.071706990 -0.616593579 -0.012082768 0.062911836 0.059510772 0.203832070 -0.009211046 0.000000000
811 875 1780458833.692755222 -0.240222966 -0.070106323 -0.615171155 -0.012942131 0.064724073 0.061095683 0.203832070 -0.009211046 0.000000000
812 876 1780458833.758504868 -0.240754641 -0.068492696 -0.614099089 -0.012972816 0.066326266 0.062307223 0.203832070 -0.009211046 0.000000000
813 877 1780458833.837038994 -0.242261507 -0.066809528 -0.613079175 -0.013915819 0.068283297 0.063500829 0.203832070 -0.009211046 0.000000000
814 878 1780458833.909909725 -0.243630191 -0.063796039 -0.611543374 -0.014334657 0.071424229 0.065309759 0.203832070 -0.009211046 0.000000000
815 879 1780458834.002657175 -0.245131031 -0.062314394 -0.610922204 -0.015332825 0.073221076 0.066089914 0.203832070 -0.009211046 0.000000000
816 880 1780458834.079183102 -0.246869500 -0.060683242 -0.608728091 -0.016506867 0.075097094 0.068456187 0.203832070 -0.009211046 0.000000000
817 881 1780458834.153354645 -0.247388507 -0.060425672 -0.608065908 -0.016924510 0.075437974 0.069151581 0.203832070 -0.009211046 0.000000000
818 882 1780458834.235528231 -0.248836153 -0.058740013 -0.607496602 -0.017812323 0.077418091 0.069894652 0.203832070 -0.009211046 0.000000000
819 883 1780458834.317512989 -0.250011063 -0.057011568 -0.606156121 -0.018423128 0.079294520 0.071401556 0.203832070 -0.009211046 0.000000000
820 884 1780458834.415991545 -0.250841980 -0.056758593 -0.605088899 -0.019138403 0.079687784 0.072509304 0.203832070 -0.009211046 0.000000000
821 885 1780458834.499742031 -0.250957052 -0.055795270 -0.603886426 -0.018960560 0.080537926 0.073787116 0.203832070 -0.009211046 0.000000000
822 886 1780458834.581522226 -0.252520544 -0.054657498 -0.602725692 -0.020116739 0.081979896 0.075079519 0.203832070 -0.009211046 0.000000000
823 887 1780458834.665808916 -0.253901788 -0.052927636 -0.601865800 -0.020926723 0.083958299 0.076113697 0.203832070 -0.009211046 0.000000000
824 888 1780458834.747272015 -0.254336964 -0.052045921 -0.601005549 -0.021080488 0.084852795 0.077053412 0.203832070 -0.009211046 0.000000000
825 889 1780458834.842961311 -0.254538304 -0.049478616 -0.598981519 -0.020511481 0.087187251 0.079279357 0.203832070 -0.009211046 0.000000000
826 890 1780458834.918943405 -0.255306872 -0.048186622 -0.597704096 -0.020861871 0.088534696 0.080676990 0.203832070 -0.009211046 0.000000000
827 891 1780458834.993537664 -0.257309574 -0.046096571 -0.595740042 -0.022155284 0.090944374 0.082858084 0.203832070 -0.009211046 0.000000000
828 892 1780458835.048439264 -0.258611264 -0.044169928 -0.594819382 -0.022831285 0.093081981 0.083966064 0.203832070 -0.009211046 0.000000000
829 893 1780458835.126368523 -0.260285575 -0.043025449 -0.593432308 -0.024090373 0.094543565 0.085487772 0.203832070 -0.009211046 0.000000000
830 894 1780458835.202315569 -0.260825854 -0.040917037 -0.592347519 -0.023984335 0.096618664 0.086751413 0.203832070 -0.009211046 0.000000000
831 895 1780458835.266870499 -0.261355983 -0.039614459 -0.591924333 -0.024107746 0.097978690 0.087291719 0.203832070 -0.009211046 0.000000000
832 896 1780458835.336335897 -0.262947420 -0.038020030 -0.590590902 -0.025156090 0.099849392 0.088793173 0.203832070 -0.009211046 0.000000000
833 897 1780458835.406284809 -0.264207778 -0.035458131 -0.588760696 -0.025602179 0.102503637 0.090856537 0.203832070 -0.009211046 0.000000000
834 898 1780458835.476627588 -0.265087064 -0.033312736 -0.587768018 -0.025809895 0.104720528 0.092041239 0.203832070 -0.009211046 0.000000000
835 899 1780458835.549107075 -0.266520944 -0.032359367 -0.586322732 -0.026894779 0.105925037 0.093598789 0.203832070 -0.009211046 0.000000000
836 900 1780458835.614348412 -0.268478392 -0.031733264 -0.584581373 -0.028574686 0.106945327 0.095440762 0.203832070 -0.009211046 0.000000000
837 901 1780458835.679826021 -0.270170346 -0.030347935 -0.582777525 -0.029778112 0.108606434 0.097397340 0.203832070 -0.009211046 0.000000000
838 902 1780458835.752587080 -0.271443160 -0.027829407 -0.582605307 -0.030256775 0.111362687 0.097805562 0.203832070 -0.009211046 0.000000000
839 903 1780458835.821959019 -0.272487404 -0.026327090 -0.581892059 -0.030811874 0.113038418 0.098665747 0.203832070 -0.009211046 0.000000000
840 904 1780458835.878529549 -0.273605003 -0.024196474 -0.580149638 -0.031248179 0.115247498 0.100603320 0.203832070 -0.009211046 0.000000000
841 905 1780458835.966822624 -0.274528779 -0.023690014 -0.579207104 -0.031978612 0.115919870 0.101609609 0.203832070 -0.009211046 0.000000000
842 906 1780458836.061420202 -0.276128922 -0.022340155 -0.578762161 -0.033111167 0.117634929 0.102206637 0.203832070 -0.009211046 0.000000000
843 907 1780458836.119403601 -0.277833335 -0.021494528 -0.577004796 -0.034484773 0.118789313 0.104074535 0.203832070 -0.009211046 0.000000000
844 908 1780458836.205407143 -0.279571832 -0.020083288 -0.575874731 -0.035728351 0.120545448 0.105363148 0.203832070 -0.009211046 0.000000000
845 909 1780458836.285472155 -0.280453687 -0.018792621 -0.574572496 -0.036187329 0.121922550 0.106788712 0.203832070 -0.009211046 0.000000000
